CLUSTERID1	CLUSTERID2	DeltaMZ	MinRatio	Cosine	AlignScore2	AlignScore3
3326	3399	-28.031	0.000	0.8854	0.6996	1
3326	3404	485.299	0.000	0.7887	0.6348	1
3326	3447	457.304	0.000	0.7516	0.4150	1
3326	3455	486.283	0.000	0.7496	0.6153	1
3326	3500	-190.085	0.000	0.7616	0.5202	1
3326	3511	503.310	0.000	0.7668	0.4923	1
3326	3552	-2.015	0.000	0.8937	0.7878	1
3326	3611	487.315	0.000	0.7420	0.5948	1
3326	3639	485.299	0.000	0.7205	0.5301	1
3326	3705	487.315	0.000	0.7435	0.6440	1
3326	3712	349.230	0.000	0.7036	0.4964	1
3326	3728	49.978	0.000	0.7227	0.6828	1
3326	3737	503.310	0.000	0.7322	0.5031	1
3326	3810	241.080	0.000	0.7290	0.5244	1
3326	3840	-260.212	0.000	0.8651	0.6200	1
3326	3861	486.283	0.000	0.7547	0.5884	1
3326	3935	24.074	0.000	0.8208	0.6430	1
3326	3966	486.283	0.000	0.7285	0.4714	1
3326	3978	247.069	0.000	0.7088	0.4750	1
3326	4074	458.251	0.000	0.7052	0.5875	1
3326	4088	12.006	0.000	0.7512	0.4643	1
3326	4106	439.294	0.000	0.7577	0.5099	1
3326	4115	-60.020	0.000	0.7771	0.4751	1
3326	4350	467.289	0.000	0.7180	0.5175	1
3326	4389	52.105	0.000	0.7026	0.4664	1
3326	4406	538.351	0.000	0.7054	0.4631	1
3326	4430	487.314	0.000	0.7617	0.6773	1
3330	3759	-0.108	0.000	0.9397	0.6314	1
3330	4009	-0.107	0.000	0.8236	0.4729	1
3334	3372	-56.099	0.000	0.7073	0.5957	1
3334	3395	42.047	0.000	0.7090	0.6649	1
3334	3404	-67.068	0.000	0.7697	0.6684	1
3334	3527	-25.057	0.000	0.7690	0.7075	1
3334	3724	-42.083	0.000	0.7005	0.6007	1
3334	4258	-42.083	0.000	0.7076	0.6272	1
3334	4323	-56.088	0.000	0.7227	0.6627	1
3335	3343	102.105	0.000	0.7574	0.2841	1
3335	3351	-145.078	0.000	0.7023	0.3953	1
3335	3367	-39.901	0.000	0.7109	0.3074	1
3335	3441	-121.078	0.000	0.7073	0.2991	1
3335	3445	146.240	0.000	0.7596	0.2816	1
3335	3497	66.083	0.000	0.8633	0.4457	1
3335	3654	25.172	0.000	0.7440	0.2705	1
3335	3713	28.031	0.000	0.9361	0.5653	1
3335	3771	148.233	0.000	0.7824	0.2719	1
3335	3838	16.028	0.000	0.9268	0.6147	1
3335	3881	146.229	0.000	0.7596	0.2816	1
3335	3885	114.189	0.000	0.7768	0.5136	1
3335	3887	-50.000	0.000	0.7650	0.3863	1
3335	3908	124.198	0.000	0.8018	0.4048	1
3335	3986	-18.755	0.000	0.7972	0.2648	1
3335	4028	-6.973	0.000	0.7013	0.6476	1
3335	4050	-19.990	0.000	0.7894	0.4302	1
3335	4109	-28.031	0.000	0.9262	0.5409	1
3335	4113	22.057	0.000	0.7418	0.3886	1
3335	4168	146.231	0.000	0.7596	0.2816	1
3335	4214	146.251	0.000	0.7621	0.2908	1
3335	4215	23.201	0.000	0.8389	0.2746	1
3335	4335	146.240	0.000	0.7598	0.2816	1
3335	4348	42.047	0.000	0.9250	0.5617	1
3338	3480	-49.053	0.000	0.7443	0.5588	1
3338	3913	130.027	0.000	0.7247	0.6550	1
3341	3578	0.028	0.000	0.8738	0.6132	1
3341	3589	73.986	0.000	0.7047	0.4249	1
3341	3708	74.004	0.000	0.7047	0.4249	1
3341	3974	73.986	0.000	0.7048	0.4361	1
3341	4135	17.055	0.000	0.7984	0.5820	1
3341	4137	73.988	0.000	0.7047	0.4249	1
3341	4143	73.996	0.000	0.7047	0.4249	1
3343	3885	12.084	0.000	0.7223	0.2412	1
3344	3375	-304.168	0.000	0.7535	0.6792	1
3344	3410	28.031	0.000	0.7978	0.7821	1
3344	3430	-228.152	0.000	0.7363	0.6332	1
3344	3436	266.261	0.000	0.8347	0.6706	1
3344	3501	-258.196	0.000	0.7584	0.6848	1
3344	3513	-519.330	0.000	0.8651	0.6106	1
3344	3536	-511.269	0.000	0.7466	0.6553	1
3344	3587	-511.268	0.000	0.8758	0.6822	1
3344	3597	-523.361	0.000	0.9241	0.6897	1
3344	3603	-260.214	0.000	0.7622	0.6726	1
3344	3638	84.093	0.000	0.7454	0.5743	1
3344	3645	-260.212	0.000	0.7587	0.6963	1
3344	3704	266.261	0.000	0.8135	0.5972	1
3344	3729	-258.197	0.000	0.7447	0.6877	1
3344	3739	-179.204	0.000	0.7650	0.7477	1
3344	3781	-493.314	0.000	0.8389	0.6649	1
3344	3799	-236.213	0.000	0.7299	0.6565	1
3344	3815	-473.253	0.000	0.7034	0.5578	1
3344	3821	-467.297	0.000	0.7491	0.6842	1
3344	3889	-425.252	0.000	0.7144	0.5944	1
3344	3938	-177.188	0.000	0.7227	0.6301	1
3344	3949	-180.080	0.000	0.7669	0.6647	1
3344	4007	-302.153	0.000	0.7687	0.6848	1
3344	4008	14.022	0.000	0.8609	0.5968	1
3344	4070	-207.236	0.000	0.7565	0.7085	1
3344	4071	-262.229	0.000	0.7364	0.5882	1
3344	4110	-182.094	0.000	0.7499	0.6625	1
3344	4172	340.307	0.000	0.8786	0.6915	1
3344	4187	84.094	0.000	0.8709	0.6415	1
3344	4205	-234.199	0.000	0.7651	0.6963	1
3344	4213	-254.168	0.000	0.7678	0.6726	1
3344	4242	34.078	0.000	0.8811	0.6722	1
3344	4260	-179.204	0.000	0.7705	0.7118	1
3344	4319	-179.204	0.000	0.7641	0.6726	1
3344	4358	-259.201	0.000	0.7106	0.6460	1
3344	4371	-207.235	0.000	0.7653	0.7085	1
3344	4376	-258.197	0.000	0.7520	0.6726	1
3344	4435	266.261	0.000	0.8146	0.6136	1
3347	3966	28.032	0.000	0.7345	0.5260	1
3348	3592	14.015	0.000	0.8247	0.6029	1
3348	3987	-28.032	0.000	0.7890	0.4258	1
3351	3659	28.031	0.000	0.7114	0.5511	1
3351	3838	161.106	0.000	0.7193	0.4819	1
3351	4185	116.099	0.000	0.7162	0.5604	1
3352	3516	2.016	0.000	0.7378	0.5179	1
3352	3782	-15.995	0.000	0.7200	0.5155	1
3352	4174	2.016	0.000	0.8365	0.6908	1
3352	4314	28.031	0.000	0.8252	0.6837	1
3356	3669	-31.948	0.000	0.7039	0.5262	1
3357	3358	18.011	0.000	0.8151	0.6929	1
3357	3372	30.011	0.000	0.7176	0.5887	1
3357	3398	18.011	0.000	0.8140	0.7218	1
3357	3455	20.027	0.000	0.7383	0.6926	1
3357	3482	-18.010	0.000	0.7215	0.5378	1
3357	3527	61.053	0.000	0.7267	0.5700	1
3357	3550	-74.073	0.000	0.7195	0.6117	1
3357	3554	-444.314	0.000	0.7350	0.6915	1
3357	3598	0.000	0.000	0.8776	0.8311	1
3357	3724	44.027	0.000	0.7304	0.5623	1
3357	3758	0.000	0.000	0.8782	0.8059	1
3357	3861	20.026	0.000	0.7005	0.6658	1
3357	3871	18.011	0.000	0.8103	0.7552	1
3357	3980	-442.297	0.000	0.7662	0.6366	1
3357	4028	7.006	0.000	0.7170	0.5991	1
3357	4074	-8.005	0.000	0.7163	0.6842	1
3357	4258	44.027	0.000	0.7297	0.6335	1
3357	4289	18.023	0.000	0.8145	0.7537	1
3357	4323	30.022	0.000	0.7337	0.6168	1
3357	4325	18.011	0.000	0.8021	0.6832	1
3357	4390	2.016	0.000	0.7369	0.6723	1
3357	4396	-95.062	0.000	0.7389	0.6393	1
3357	4406	72.094	0.000	0.7076	0.6418	1
3357	4422	28.031	0.000	0.7924	0.6382	1
3358	3372	12.000	0.000	0.8953	0.8331	1
3358	3398	0.000	0.000	0.9584	0.8800	1
3358	3404	1.031	0.000	0.7602	0.6813	1
3358	3455	2.016	0.000	0.8851	0.7864	1
3358	3527	43.042	0.000	0.7514	0.5324	1
3358	3598	-18.010	0.000	0.7847	0.6683	1
3358	3639	1.031	0.000	0.7091	0.5114	1
3358	3705	3.047	0.000	0.7333	0.6589	1
3358	3724	26.016	0.000	0.7706	0.5122	1
3358	3758	-18.011	0.000	0.8263	0.6599	1
3358	3814	-13.979	0.000	0.7186	0.4885	1
3358	3861	2.015	0.000	0.8560	0.7352	1
3358	3870	-95.063	0.000	0.7224	0.4655	1
3358	3871	0.000	0.000	0.9371	0.8069	1
3358	3966	2.016	0.000	0.7614	0.4944	1
3358	3980	-460.307	0.000	0.7116	0.4993	1
3358	4028	-11.005	0.000	0.7645	0.5355	1
3358	4074	-26.016	0.000	0.8665	0.7117	1
3358	4258	26.016	0.000	0.8775	0.7786	1
3358	4277	82.115	0.000	0.7183	0.6278	1
3358	4289	0.012	0.000	0.9420	0.7945	1
3358	4323	12.011	0.000	0.8722	0.7419	1
3358	4325	-0.000	0.000	0.9603	0.8992	1
3358	4390	-15.995	0.000	0.7800	0.7146	1
3358	4396	-113.073	0.000	0.8061	0.5915	1
3358	4422	10.021	0.000	0.7247	0.5307	1
3358	4430	3.047	0.000	0.7551	0.6822	1
3360	3945	-0.000	0.000	0.7492	0.4402	1
3361	4144	-221.240	0.000	0.9072	0.7094	1
3362	3761	-14.015	0.000	0.8668	0.6247	1
3363	4314	-86.000	0.000	0.8302	0.6581	1
3364	3879	-58.041	0.000	0.7102	0.5870	1
3367	3648	204.105	0.000	0.7707	0.5313	1
3367	3805	52.032	0.000	0.7268	0.6083	1
3367	4054	42.047	0.000	0.9287	0.6997	1
3367	4235	204.115	0.000	0.7429	0.4807	1
3368	3434	2.016	0.000	0.9034	0.7221	1
3368	3752	26.017	0.000	0.8478	0.5619	1
3372	3398	-12.000	0.000	0.9081	0.8472	1
3372	3404	-10.969	0.000	0.7627	0.7003	1
3372	3455	-9.984	0.000	0.7948	0.7360	1
3372	3527	31.042	0.000	0.8204	0.6169	1
3372	3598	-30.010	0.000	0.7401	0.6249	1
3372	3652	-28.031	0.000	0.7331	0.5007	1
3372	3724	14.016	0.000	0.8945	0.6322	1
3372	3758	-30.011	0.000	0.7330	0.5931	1
3372	3861	-9.985	0.000	0.7783	0.6882	1
3372	3871	-12.000	0.000	0.8875	0.8049	1
3372	3966	-9.984	0.000	0.7055	0.4884	1
3372	4038	-71.062	0.000	0.7302	0.5969	1
3372	4074	-38.016	0.000	0.8229	0.7223	1
3372	4189	17.027	0.000	0.7130	0.6036	1
3372	4258	14.016	0.000	0.9359	0.8203	1
3372	4289	-11.988	0.000	0.8872	0.7862	1
3372	4323	0.011	0.000	0.9538	0.8266	1
3372	4325	-12.000	0.000	0.8956	0.8052	1
3372	4390	-27.995	0.000	0.7076	0.7143	1
3372	4422	-1.979	0.000	0.7048	0.5326	1
3375	3410	332.199	0.000	0.9306	0.7048	1
3375	3430	76.016	0.000	0.9160	0.6484	1
3375	3501	45.972	0.000	0.9324	0.6516	1
3375	3513	-215.162	0.000	0.7167	0.5570	1
3375	3535	126.980	0.000	0.9008	0.6196	1
3375	3536	-207.101	0.000	0.8858	0.5776	1
3375	3572	155.010	0.000	0.8582	0.5622	1
3375	3583	155.010	0.000	0.8582	0.5622	1
3375	3587	-207.100	0.000	0.7333	0.5891	1
3375	3597	-219.193	0.000	0.7239	0.5570	1
3375	3603	43.954	0.000	0.9391	0.6516	1
3375	3638	388.261	0.000	0.8366	0.4689	1
3375	3645	43.956	0.000	0.9363	0.7067	1
3375	3662	155.011	0.000	0.8582	0.5622	1
3375	3729	45.971	0.000	0.9060	0.6516	1
3375	3739	124.964	0.000	0.9291	0.6516	1
3375	3781	-189.146	0.000	0.8652	0.6601	1
3375	3799	67.955	0.000	0.8962	0.6152	1
3375	3821	-163.129	0.000	0.8985	0.5935	1
3375	3938	126.980	0.000	0.8964	0.6273	1
3375	3949	124.088	0.000	0.9239	0.6273	1
3375	4007	2.015	0.000	0.9269	0.6836	1
3375	4030	42.052	0.000	0.7521	0.3331	1
3375	4070	96.932	0.000	0.9356	0.6862	1
3375	4071	41.939	0.000	0.8953	0.5654	1
3375	4110	122.074	0.000	0.9019	0.6211	1
3375	4172	644.475	0.000	0.8812	0.6862	1
3375	4205	69.969	0.000	0.9409	0.6862	1
3375	4213	50.000	0.000	0.9441	0.6722	1
3375	4242	338.246	0.000	0.7038	0.5799	1
3375	4260	124.964	0.000	0.9324	0.6722	1
3375	4319	124.964	0.000	0.9366	0.6516	1
3375	4358	44.967	0.000	0.8780	0.6161	1
3375	4371	96.933	0.000	0.9384	0.6862	1
3375	4376	45.971	0.000	0.9279	0.6516	1
3380	3578	-23.016	0.000	0.7182	0.7351	1
3380	3616	49.020	0.000	0.7824	0.6127	1
3380	3626	16.007	0.000	0.7934	0.7469	1
3380	4232	15.984	0.000	0.7934	0.7469	1
3380	4274	-262.229	0.000	0.7080	0.5023	1
3380	4412	0.000	0.000	0.9858	0.8526	1
3381	4231	2.015	0.000	0.7126	0.6651	1
3382	3595	-0.000	0.000	0.9352	0.7772	1
3386	3615	27.995	0.000	0.7833	0.6042	1
3387	3426	148.037	0.000	0.8138	0.4829	1
3387	4148	148.037	0.000	0.8313	0.6525	1
3387	4184	0.001	0.000	0.8462	0.4740	1
3387	4282	-371.121	0.000	0.9130	0.7737	1
3387	4322	-299.121	0.000	0.8956	0.5659	1
3388	3563	13.998	0.000	0.8372	0.6409	1
3391	3838	69.007	0.000	0.7341	0.4367	1
3395	4042	-11.005	0.000	0.7076	0.6607	1
3395	4277	-28.031	0.000	0.7873	0.6113	1
3396	3448	113.981	0.000	0.8595	0.7141	1
3396	4120	-31.955	0.000	0.7363	0.5084	1
3397	4116	-84.093	0.000	0.8467	0.6000	1
3398	3404	1.031	0.000	0.7736	0.7155	1
3398	3455	2.016	0.000	0.8921	0.8332	1
3398	3527	43.042	0.000	0.7628	0.5688	1
3398	3598	-18.010	0.000	0.7881	0.7038	1
3398	3639	1.031	0.000	0.7318	0.5568	1
3398	3705	3.047	0.000	0.7453	0.6936	1
3398	3724	26.016	0.000	0.7905	0.5608	1
3398	3728	-434.290	0.000	0.7031	0.6466	1
3398	3758	-18.011	0.000	0.8280	0.6988	1
3398	3861	2.015	0.000	0.8579	0.7610	1
3398	3870	-95.063	0.000	0.7118	0.4772	1
3398	3871	0.000	0.000	0.9456	0.8475	1
3398	3966	2.016	0.000	0.7630	0.5174	1
3398	3980	-460.307	0.000	0.7359	0.5461	1
3398	4028	-11.005	0.000	0.7629	0.5594	1
3398	4074	-26.016	0.000	0.8595	0.7412	1
3398	4258	26.016	0.000	0.8710	0.7961	1
3398	4277	82.115	0.000	0.7215	0.6405	1
3398	4289	0.012	0.000	0.9366	0.8219	1
3398	4323	12.011	0.000	0.9122	0.8209	1
3398	4325	-0.000	0.000	0.9623	0.8982	1
3398	4390	-15.995	0.000	0.7702	0.7483	1
3398	4396	-113.073	0.000	0.8077	0.6222	1
3398	4430	3.047	0.000	0.7764	0.7241	1
3399	3404	513.331	0.000	0.7581	0.7004	1
3399	3455	514.315	0.000	0.7405	0.6654	1
3399	3500	-162.053	0.000	0.8341	0.6801	1
3399	3511	531.341	0.000	0.7806	0.6092	1
3399	3552	26.016	0.000	0.8729	0.7403	1
3399	3611	515.346	0.000	0.7251	0.6926	1
3399	3639	513.330	0.000	0.7364	0.6467	1
3399	3705	515.346	0.000	0.7209	0.6811	1
3399	3737	531.341	0.000	0.7359	0.6017	1
3399	3767	-158.983	0.000	0.7546	0.6168	1
3399	3810	269.111	0.000	0.7292	0.6507	1
3399	3840	-232.180	0.000	0.8164	0.7093	1
3399	3861	514.314	0.000	0.7590	0.6991	1
3399	3935	52.105	0.000	0.7949	0.6760	1
3399	3966	514.315	0.000	0.7384	0.5721	1
3399	3978	275.100	0.000	0.7056	0.5789	1
3399	4088	40.038	0.000	0.7349	0.5560	1
3399	4115	-31.988	0.000	0.8110	0.5940	1
3399	4350	495.320	0.000	0.7026	0.6170	1
3399	4406	566.382	0.000	0.7105	0.5695	1
3399	4430	515.346	0.000	0.7221	0.6573	1
3401	3812	-144.042	0.000	0.8301	0.5393	1
3401	3849	-158.022	0.000	0.7978	0.4882	1
3401	4135	-24.000	0.000	0.8908	0.6932	1
3403	3472	14.041	0.000	0.8680	0.5569	1
3403	3610	59.062	0.000	0.7181	0.5037	1
3403	3759	-0.000	0.000	0.9322	0.6369	1
3403	3862	41.087	0.000	0.7437	0.4851	1
3403	4009	-0.000	0.000	0.8035	0.4616	1
3403	4212	14.041	0.000	0.8730	0.5989	1
3403	4364	14.041	0.000	0.8775	0.5945	1
3404	3447	-27.995	0.000	0.7278	0.4822	1
3404	3454	-91.974	0.000	0.7193	0.7258	1
3404	3455	0.984	0.000	0.8489	0.7881	1
3404	3511	18.011	0.000	0.7936	0.6158	1
3404	3527	42.010	0.000	0.8231	0.6602	1
3404	3552	-487.314	0.000	0.7699	0.6832	1
3404	3611	2.016	0.000	0.7816	0.7021	1
3404	3639	-0.000	0.000	0.8192	0.7143	1
3404	3705	2.016	0.000	0.8333	0.8102	1
3404	3728	-435.321	0.000	0.7511	0.6600	1
3404	3737	18.010	0.000	0.7742	0.6346	1
3404	3758	-19.042	0.000	0.7286	0.6746	1
3404	3852	-15.995	0.000	0.7471	0.5734	1
3404	3859	-461.338	0.000	0.7741	0.7698	1
3404	3861	0.984	0.000	0.8465	0.7853	1
3404	3870	-96.094	0.000	0.7903	0.6142	1
3404	3871	-1.031	0.000	0.7670	0.7093	1
3404	3933	2.016	0.000	0.7684	0.5514	1
3404	3966	0.984	0.000	0.8176	0.6351	1
3404	3978	-238.230	0.000	0.7461	0.6062	1
3404	4028	-12.036	0.000	0.7978	0.6488	1
3404	4074	-27.048	0.000	0.7654	0.7232	1
3404	4075	-15.995	0.000	0.7383	0.6588	1
3404	4106	-46.005	0.000	0.7302	0.5844	1
3404	4115	-545.319	0.000	0.7001	0.5334	1
3404	4258	24.984	0.000	0.7385	0.7345	1
3404	4277	81.083	0.000	0.7731	0.6504	1
3404	4289	-1.020	0.000	0.7514	0.7159	1
3404	4323	10.980	0.000	0.7712	0.6967	1
3404	4325	-1.032	0.000	0.7404	0.6678	1
3404	4341	-15.995	0.000	0.7292	0.6152	1
3404	4350	-18.010	0.000	0.8964	0.7633	1
3404	4390	-17.026	0.000	0.7050	0.7290	1
3404	4396	-114.104	0.000	0.7884	0.6369	1
3404	4406	53.052	0.000	0.7761	0.6449	1
3404	4430	2.015	0.000	0.8509	0.7710	1
3405	4276	-4.028	0.000	0.7281	0.5848	1
3405	4327	0.001	0.000	0.7297	0.5186	1
3408	3771	300.081	0.000	0.7239	0.4616	1
3408	4107	25.017	0.000	0.7618	0.4347	1
3410	3430	-256.183	0.000	0.9321	0.7053	1
3410	3501	-286.227	0.000	0.9679	0.8255	1
3410	3513	-547.361	0.000	0.7511	0.6106	1
3410	3535	-205.219	0.000	0.9310	0.6893	1
3410	3536	-539.300	0.000	0.9302	0.7117	1
3410	3572	-177.189	0.000	0.8671	0.5630	1
3410	3583	-177.189	0.000	0.8671	0.5630	1
3410	3587	-539.299	0.000	0.7619	0.7125	1
3410	3597	-551.392	0.000	0.7664	0.7125	1
3410	3603	-288.245	0.000	0.9691	0.7944	1
3410	3638	56.062	0.000	0.9087	0.6026	1
3410	3645	-288.243	0.000	0.9597	0.7557	1
3410	3662	-177.188	0.000	0.8671	0.5630	1
3410	3729	-286.228	0.000	0.9277	0.6866	1
3410	3739	-207.236	0.000	0.9752	0.8412	1
3410	3781	-521.345	0.000	0.8990	0.7141	1
3410	3799	-264.244	0.000	0.9137	0.6891	1
3410	3821	-495.328	0.000	0.9580	0.7548	1
3410	3938	-205.220	0.000	0.9186	0.6301	1
3410	3949	-208.111	0.000	0.9442	0.7266	1
3410	4007	-330.184	0.000	0.9443	0.8191	1
3410	4008	-14.009	0.000	0.7054	0.5968	1
3410	4030	-290.147	0.000	0.7751	0.3784	1
3410	4070	-235.267	0.000	0.9719	0.8088	1
3410	4071	-290.260	0.000	0.9119	0.5643	1
3410	4110	-210.126	0.000	0.9309	0.6846	1
3410	4172	312.276	0.000	0.8703	0.7437	1
3410	4187	56.063	0.000	0.7232	0.6391	1
3410	4205	-262.230	0.000	0.9642	0.7646	1
3410	4213	-282.199	0.000	0.9702	0.7985	1
3410	4242	6.047	0.000	0.7371	0.6342	1
3410	4260	-207.235	0.000	0.9735	0.8283	1
3410	4319	-207.235	0.000	0.9749	0.7822	1
3410	4358	-287.232	0.000	0.8972	0.6460	1
3410	4371	-235.266	0.000	0.9711	0.7944	1
3410	4376	-286.228	0.000	0.9540	0.7506	1
3412	3496	74.074	0.000	0.8462	0.6424	1
3412	3996	100.089	0.000	0.7443	0.5910	1
3413	3855	-0.001	0.000	0.9380	0.7979	1
3413	4189	46.005	0.000	0.7049	0.7442	1
3415	4028	-42.117	0.000	0.7083	0.5802	1
3415	4339	-30.080	0.000	0.7168	0.4986	1
3416	3472	28.021	0.000	0.8921	0.7721	1
3416	4212	28.021	0.000	0.8933	0.8087	1
3416	4364	28.021	0.000	0.8958	0.8092	1
3416	4399	-0.010	0.000	0.9269	0.8478	1
3418	4028	1.943	0.000	0.7015	0.6232	1
3419	3684	89.036	0.000	0.7006	0.5343	1
3419	3877	46.006	0.000	0.7718	0.6870	1
3419	4032	-161.995	0.000	0.7813	0.4330	1
3419	4049	-172.198	0.000	0.7308	0.4693	1
3419	4096	-172.198	0.000	0.7308	0.4693	1
3420	3444	-0.000	0.000	0.8490	0.6826	1
3420	3562	149.048	0.000	0.7286	0.5160	1
3420	3725	28.010	0.000	0.7164	0.5522	1
3420	3953	-22.042	0.000	0.8566	0.7783	1
3420	4129	132.021	0.000	0.7101	0.5418	1
3420	4142	149.048	0.000	0.7293	0.5218	1
3420	4145	-23.005	0.000	0.7001	0.4871	1
3420	4165	132.021	0.000	0.7299	0.6506	1
3420	4166	-80.084	0.000	0.7073	0.5069	1
3420	4190	149.048	0.000	0.7278	0.5175	1
3420	4223	60.036	0.000	0.8014	0.5516	1
3423	3793	26.016	0.000	0.7274	0.5473	1
3423	3813	0.000	0.000	0.9284	0.7612	1
3423	3833	15.995	0.000	0.7924	0.7248	1
3425	3464	0.000	0.000	1.0000	1.0000	1
3426	3484	14.016	0.000	0.7349	0.5847	1
3426	4148	0.000	0.000	0.9027	0.5555	1
3426	4173	31.954	0.000	0.7693	0.6745	1
3426	4184	-148.036	0.000	0.7210	0.5154	1
3429	3585	14.016	0.000	0.7446	0.5062	1
3430	3501	-30.043	0.000	0.9386	0.6785	1
3430	3513	-291.178	0.000	0.7155	0.5606	1
3430	3535	50.964	0.000	0.9140	0.6537	1
3430	3572	78.995	0.000	0.8637	0.5626	1
3430	3583	78.995	0.000	0.8637	0.5626	1
3430	3603	-32.062	0.000	0.9432	0.6785	1
3430	3638	312.245	0.000	0.8496	0.4689	1
3430	3645	-32.060	0.000	0.9339	0.6707	1
3430	3662	78.995	0.000	0.8637	0.5626	1
3430	3729	-30.045	0.000	0.9066	0.6299	1
3430	3739	48.948	0.000	0.9374	0.6785	1
3430	3781	-265.161	0.000	0.8414	0.5848	1
3430	3799	-8.061	0.000	0.8936	0.6291	1
3430	3821	-239.145	0.000	0.9035	0.6128	1
3430	3938	50.964	0.000	0.9050	0.6301	1
3430	3949	48.072	0.000	0.9303	0.6785	1
3430	4007	-74.001	0.000	0.9113	0.6627	1
3430	4030	-33.964	0.000	0.7462	0.3061	1
3430	4070	20.917	0.000	0.9448	0.7070	1
3430	4071	-34.076	0.000	0.8956	0.5415	1
3430	4110	46.058	0.000	0.9105	0.6211	1
3430	4172	568.459	0.000	0.8625	0.6785	1
3430	4205	-6.046	0.000	0.9399	0.6785	1
3430	4213	-26.016	0.000	0.9491	0.7070	1
3430	4242	262.230	0.000	0.7018	0.5799	1
3430	4260	48.948	0.000	0.9394	0.6785	1
3430	4319	48.948	0.000	0.9452	0.6785	1
3430	4358	-31.049	0.000	0.8811	0.5922	1
3430	4371	20.917	0.000	0.9459	0.7070	1
3430	4376	-30.045	0.000	0.9307	0.6785	1
3432	3466	-1.979	0.000	0.7236	0.5756	1
3432	3542	0.000	0.000	0.8292	0.5974	1
3432	3567	0.000	0.000	0.8292	0.5974	1
3432	3764	0.000	0.000	0.8312	0.6168	1
3433	3753	-179.078	0.000	0.7464	0.5264	1
3434	3752	24.001	0.000	0.8701	0.6223	1
3436	3513	-785.591	0.000	0.7431	0.5826	1
3436	3587	-777.529	0.000	0.7493	0.6228	1
3436	3597	-789.622	0.000	0.7454	0.5865	1
3436	3704	0.000	0.000	0.9380	0.6936	1
3436	4008	-252.239	0.000	0.7959	0.6331	1
3436	4172	74.046	0.000	0.7121	0.6119	1
3436	4187	-182.167	0.000	0.7534	0.5532	1
3436	4242	-232.183	0.000	0.7753	0.6342	1
3436	4373	-232.181	0.000	0.7202	0.3712	1
3436	4435	0.000	0.000	0.9502	0.7003	1
3438	3862	266.248	0.000	0.7053	0.5530	1
3440	3884	-55.049	0.000	0.7526	0.4447	1
3440	3909	-0.036	0.000	0.7489	0.4605	1
3440	3959	-64.031	0.000	0.7164	0.5064	1
3440	4218	-0.065	0.000	0.9084	0.7153	1
3442	3445	130.121	0.000	0.8171	0.5144	1
3442	3656	-6.926	0.000	0.8328	0.5158	1
3442	3881	130.110	0.000	0.8171	0.5144	1
3442	4061	-14.016	0.000	0.9132	0.6758	1
3442	4168	130.113	0.000	0.8171	0.5144	1
3442	4209	-14.964	0.000	0.9406	0.6460	1
3442	4214	130.133	0.000	0.8215	0.5310	1
3442	4335	130.122	0.000	0.8197	0.5460	1
3442	4340	19.969	0.000	0.8770	0.6501	1
3442	4365	-0.000	0.000	0.9258	0.6679	1
3442	4402	19.969	0.000	0.8822	0.6640	1
3442	4415	19.969	0.000	0.8782	0.6366	1
3444	3562	149.048	0.000	0.7207	0.5998	1
3444	3725	28.010	0.000	0.7674	0.6363	1
3444	3953	-22.042	0.000	0.8354	0.6537	1
3444	4129	132.021	0.000	0.7330	0.6254	1
3444	4142	149.048	0.000	0.7183	0.6089	1
3444	4165	132.021	0.000	0.7451	0.6891	1
3444	4190	149.048	0.000	0.7143	0.5908	1
3444	4223	60.036	0.000	0.7233	0.5866	1
3444	4403	28.010	0.000	0.7668	0.5256	1
3445	3467	-57.992	0.000	0.7455	0.4924	1
3445	3485	-67.990	0.000	0.7199	0.5341	1
3445	3600	-319.019	0.000	0.8221	0.5297	1
3445	3604	0.995	0.000	0.7808	0.5490	1
3445	3648	17.965	0.000	0.7329	0.5754	1
3445	3771	1.993	0.000	0.8738	0.5809	1
3445	3772	-30.981	0.000	0.7312	0.5236	1
3445	3833	-35.077	0.000	0.7167	0.5149	1
3445	3881	-0.011	0.000	1.0000	1.0000	1
3445	3885	-32.051	0.000	0.7746	0.3648	1
3445	3908	-22.042	0.000	0.7858	0.4146	1
3445	3957	-26.015	0.000	0.7777	0.5965	1
3445	4034	-49.008	0.000	0.7567	0.4387	1
3445	4045	4.954	0.000	0.7309	0.5864	1
3445	4168	-0.009	0.000	1.0000	1.0000	1
3445	4209	-145.085	0.000	0.8927	0.6377	1
3445	4214	0.011	0.000	0.9916	0.8961	1
3445	4235	17.974	0.000	0.7240	0.5665	1
3445	4318	-209.040	0.000	0.7282	0.5941	1
3445	4335	0.000	0.000	0.9907	0.8938	1
3447	3511	46.006	0.000	0.7682	0.6610	1
3447	3611	30.011	0.000	0.7400	0.4920	1
3447	3639	27.995	0.000	0.7428	0.5579	1
3447	3705	30.010	0.000	0.7156	0.4293	1
3447	3737	46.005	0.000	0.7902	0.6539	1
3447	3870	-68.099	0.000	0.8166	0.6948	1
3447	3933	30.011	0.000	0.7943	0.6749	1
3447	3978	-210.235	0.000	0.7462	0.6083	1
3447	4026	-30.047	0.000	0.7258	0.5878	1
3447	4028	15.959	0.000	0.7910	0.6563	1
3447	4177	-28.031	0.000	0.7308	0.5652	1
3447	4406	81.047	0.000	0.7133	0.5779	1
3447	4410	-195.271	0.000	0.7226	0.6041	1
3447	4430	30.010	0.000	0.7043	0.4252	1
3448	4089	113.981	0.000	0.7381	0.6088	1
3448	4120	-145.935	0.000	0.8292	0.6308	1
3452	3702	-17.027	0.000	0.8152	0.4567	1
3454	3457	-267.095	0.000	0.7973	0.5824	1
3454	3516	-121.038	0.000	0.8114	0.8069	1
3454	3527	133.985	0.000	0.7180	0.5782	1
3454	3705	93.990	0.000	0.7117	0.7024	1
3454	3731	-22.072	0.000	0.7033	0.6842	1
3454	3782	-139.048	0.000	0.8067	0.7850	1
3454	3960	-53.050	0.000	0.7089	0.6809	1
3454	4393	-267.095	0.000	0.7366	0.7351	1
3454	4430	93.990	0.000	0.7409	0.7396	1
3455	3460	-277.240	0.000	0.7938	0.5758	1
3455	3511	17.026	0.000	0.8105	0.5904	1
3455	3552	-488.298	0.000	0.7432	0.6757	1
3455	3598	-20.026	0.000	0.7281	0.6872	1
3455	3611	1.032	0.000	0.7052	0.5967	1
3455	3639	-0.984	0.000	0.8381	0.6849	1
3455	3705	1.031	0.000	0.7271	0.6909	1
3455	3724	24.000	0.000	0.7605	0.5540	1
3455	3728	-436.306	0.000	0.7431	0.6525	1
3455	3737	17.026	0.000	0.7981	0.6088	1
3455	3758	-20.026	0.000	0.7492	0.6703	1
3455	3814	-15.995	0.000	0.7458	0.5653	1
3455	3859	-462.322	0.000	0.7521	0.7248	1
3455	3861	-0.001	0.000	0.9132	0.7998	1
3455	3866	-49.053	0.000	0.7689	0.4810	1
3455	3870	-97.078	0.000	0.7507	0.5351	1
3455	3871	-2.016	0.000	0.8826	0.7970	1
3455	3966	-0.000	0.000	0.8694	0.6235	1
3455	3978	-239.214	0.000	0.7382	0.5716	1
3455	4028	-13.021	0.000	0.7672	0.5552	1
3455	4074	-28.032	0.000	0.8931	0.7970	1
3455	4076	-75.021	0.000	0.7267	0.4774	1
3455	4106	-46.990	0.000	0.7049	0.5434	1
3455	4258	24.000	0.000	0.8207	0.7642	1
3455	4277	80.099	0.000	0.7587	0.6761	1
3455	4289	-2.004	0.000	0.8897	0.7910	1
3455	4323	9.995	0.000	0.7727	0.6663	1
3455	4325	-2.016	0.000	0.8966	0.8077	1
3455	4350	-18.995	0.000	0.7800	0.6612	1
3455	4390	-18.011	0.000	0.8072	0.8085	1
3455	4406	52.068	0.000	0.7922	0.6251	1
3455	4422	8.005	0.000	0.7035	0.5825	1
3455	4430	1.031	0.000	0.7416	0.7249	1
3457	3516	146.058	0.000	0.8988	0.6616	1
3457	3782	128.047	0.000	0.8303	0.5751	1
3457	4393	0.000	0.000	0.8349	0.5583	1
3460	3511	294.267	0.000	0.7331	0.6320	1
3460	3639	276.256	0.000	0.7418	0.6214	1
3460	3737	294.266	0.000	0.7329	0.6592	1
3460	3861	277.239	0.000	0.7944	0.5922	1
3460	3866	228.187	0.000	0.7638	0.5814	1
3460	3966	277.240	0.000	0.7875	0.6585	1
3466	3542	1.979	0.000	0.7877	0.5884	1
3466	3567	1.979	0.000	0.7877	0.5884	1
3466	3764	1.979	0.000	0.7933	0.6314	1
3467	3485	-9.998	0.000	0.7622	0.4785	1
3467	3772	27.011	0.000	0.7224	0.4695	1
3467	3881	57.981	0.000	0.7455	0.4924	1
3467	3883	27.011	0.000	0.7243	0.5254	1
3467	3885	25.941	0.000	0.7491	0.3828	1
3467	3957	31.976	0.000	0.8801	0.6132	1
3467	4045	62.946	0.000	0.7011	0.4819	1
3467	4168	57.983	0.000	0.7455	0.4924	1
3467	4173	20.935	0.000	0.7330	0.4792	1
3467	4214	58.003	0.000	0.7650	0.5185	1
3467	4335	57.992	0.000	0.7530	0.5034	1
3468	3521	0.009	0.000	0.8082	0.6605	1
3468	3562	-41.015	0.000	0.7723	0.5536	1
3468	3725	-162.053	0.000	0.7706	0.6194	1
3468	4033	-109.005	0.000	0.7216	0.5742	1
3468	4129	-58.042	0.000	0.7878	0.6221	1
3468	4142	-41.015	0.000	0.8021	0.6620	1
3468	4165	-58.042	0.000	0.7766	0.5938	1
3468	4190	-41.015	0.000	0.7879	0.6221	1
3468	4231	-234.090	0.000	0.7016	0.5542	1
3468	4370	53.048	0.000	0.7146	0.6493	1
3468	4403	-162.053	0.000	0.7582	0.4807	1
3470	3721	213.100	0.000	0.8841	0.6665	1
3470	3963	231.111	0.000	0.8927	0.7016	1
3472	3616	42.058	0.000	0.7399	0.6365	1
3472	3759	-14.041	0.000	0.8953	0.7186	1
3472	4009	-14.041	0.000	0.8267	0.6556	1
3472	4212	0.000	0.000	0.9872	0.8815	1
3472	4364	0.000	0.000	0.9879	0.8911	1
3472	4399	-28.031	0.000	0.9010	0.7903	1
3473	4394	236.214	0.000	0.7477	0.6283	1
3476	3513	-42.048	0.000	0.8581	0.7627	1
3476	3515	-97.967	0.000	0.7188	0.4560	1
3476	3781	-16.031	0.000	0.7472	0.7061	1
3477	3580	14.015	0.000	0.7189	0.4850	1
3477	3773	-14.016	0.000	0.8464	0.5953	1
3477	3905	-453.285	0.000	0.7102	0.6372	1
3477	4185	141.019	0.000	0.7129	0.5093	1
3480	3979	-0.000	0.000	0.7071	0.5874	1
3482	3598	18.011	0.000	0.7147	0.5582	1
3482	3758	18.010	0.000	0.7339	0.5518	1
3483	3493	-110.145	0.000	0.7253	0.4925	1
3483	3566	-108.129	0.000	0.8243	0.7472	1
3483	3740	-106.114	0.000	0.7054	0.5090	1
3483	3993	12.001	0.000	0.7869	0.5508	1
3483	4177	61.126	0.000	0.7615	0.5776	1
3483	4410	-106.114	0.000	0.7623	0.6199	1
3484	4148	-14.016	0.000	0.7342	0.4784	1
3485	3769	83.001	0.000	0.8888	0.5894	1
3485	3881	67.979	0.000	0.7199	0.5341	1
3485	3957	41.974	0.000	0.8060	0.4754	1
3485	4168	67.981	0.000	0.7199	0.5341	1
3485	4214	68.001	0.000	0.7212	0.5367	1
3485	4335	67.990	0.000	0.7290	0.5294	1
3487	4390	36.021	0.000	0.7378	0.4926	1
3488	3845	146.037	0.000	0.7727	0.6108	1
3488	4391	146.037	0.000	0.7727	0.6108	1
3492	3611	132.057	0.000	0.7108	0.7377	1
3492	3705	132.057	0.000	0.7180	0.6995	1
3492	3712	-6.027	0.000	0.7139	0.6422	1
3492	3731	15.995	0.000	0.7194	0.6891	1
3492	3763	-208.147	0.000	0.7179	0.5846	1
3492	4080	7.989	0.000	0.7316	0.6668	1
3492	4102	36.021	0.000	0.7498	0.6684	1
3492	4255	-191.144	0.000	0.7133	0.5975	1
3492	4430	132.057	0.000	0.7079	0.6959	1
3495	3987	28.031	0.000	0.7460	0.4399	1
3496	3996	26.015	0.000	0.8549	0.7801	1
3497	3713	-38.052	0.000	0.8770	0.6264	1
3497	3838	-50.055	0.000	0.8301	0.4825	1
3497	3885	48.105	0.000	0.7031	0.2387	1
3497	4109	-94.115	0.000	0.8530	0.5697	1
3497	4348	-24.036	0.000	0.8668	0.6255	1
3500	3511	693.394	0.000	0.7321	0.6381	1
3500	3552	188.070	0.000	0.7623	0.5854	1
3500	3789	260.215	0.000	0.7441	0.6978	1
3500	3840	-70.127	0.000	0.7439	0.6804	1
3500	3935	214.159	0.000	0.7007	0.5667	1
3500	4115	130.065	0.000	0.7693	0.6342	1
3501	3513	-261.135	0.000	0.7383	0.5972	1
3501	3535	81.008	0.000	0.9387	0.6893	1
3501	3536	-253.074	0.000	0.9296	0.6747	1
3501	3572	109.038	0.000	0.8577	0.5368	1
3501	3583	109.038	0.000	0.8577	0.5368	1
3501	3587	-253.072	0.000	0.7422	0.6681	1
3501	3597	-265.166	0.000	0.7502	0.6953	1
3501	3603	-2.018	0.000	0.9812	0.8332	1
3501	3638	342.289	0.000	0.8752	0.5246	1
3501	3645	-2.016	0.000	0.9738	0.7852	1
3501	3662	109.038	0.000	0.8577	0.5368	1
3501	3729	-0.001	0.000	0.9355	0.6866	1
3501	3739	78.991	0.000	0.9736	0.8266	1
3501	3781	-235.118	0.000	0.8620	0.6122	1
3501	3799	21.982	0.000	0.9107	0.6891	1
3501	3821	-209.101	0.000	0.9323	0.6766	1
3501	3938	81.007	0.000	0.9192	0.6540	1
3501	3949	78.115	0.000	0.9517	0.7418	1
3501	4007	-43.958	0.000	0.9471	0.7742	1
3501	4030	-3.920	0.000	0.7899	0.4208	1
3501	4070	50.960	0.000	0.9743	0.8290	1
3501	4071	-4.033	0.000	0.9237	0.5844	1
3501	4110	76.101	0.000	0.9412	0.6846	1
3501	4172	598.502	0.000	0.8973	0.7691	1
3501	4205	23.997	0.000	0.9788	0.8082	1
3501	4213	4.028	0.000	0.9813	0.8047	1
3501	4242	292.273	0.000	0.7055	0.5799	1
3501	4260	78.992	0.000	0.9806	0.8161	1
3501	4319	78.992	0.000	0.9792	0.7909	1
3501	4358	-1.005	0.000	0.9351	0.7642	1
3501	4371	50.960	0.000	0.9773	0.8290	1
3501	4376	-0.001	0.000	0.9669	0.7856	1
3507	4346	0.000	0.000	0.8522	0.6700	1
3511	3527	23.999	0.000	0.8035	0.6924	1
3511	3552	-505.325	0.000	0.7491	0.5572	1
3511	3611	-15.995	0.000	0.8425	0.6546	1
3511	3639	-18.011	0.000	0.7842	0.6962	1
3511	3705	-15.995	0.000	0.8155	0.5800	1
3511	3737	-0.000	0.000	0.9008	0.8173	1
3511	3789	-433.179	0.000	0.7258	0.6297	1
3511	3809	-13.979	0.000	0.7010	0.6066	1
3511	3810	-262.230	0.000	0.7795	0.6595	1
3511	3840	-763.521	0.000	0.7639	0.6260	1
3511	3861	-17.027	0.000	0.8248	0.6166	1
3511	3870	-114.105	0.000	0.7937	0.7741	1
3511	3933	-15.995	0.000	0.8528	0.7976	1
3511	3966	-17.027	0.000	0.8330	0.7835	1
3511	3978	-256.241	0.000	0.7820	0.6959	1
3511	4028	-30.047	0.000	0.7990	0.7559	1
3511	4074	-45.059	0.000	0.7429	0.5882	1
3511	4075	-34.005	0.000	0.7702	0.6382	1
3511	4076	-92.047	0.000	0.7120	0.6383	1
3511	4106	-64.016	0.000	0.7726	0.6841	1
3511	4115	-563.329	0.000	0.7428	0.7340	1
3511	4277	63.072	0.000	0.7149	0.6635	1
3511	4341	-34.006	0.000	0.7445	0.6858	1
3511	4350	-36.021	0.000	0.8181	0.7141	1
3511	4396	-132.115	0.000	0.7463	0.6755	1
3511	4406	35.041	0.000	0.7883	0.7333	1
3511	4430	-15.996	0.000	0.7924	0.5674	1
3513	3536	8.061	0.000	0.7679	0.6378	1
3513	3587	8.062	0.000	0.8609	0.6106	1
3513	3597	-4.031	0.000	0.8624	0.6106	1
3513	3603	259.116	0.000	0.7362	0.5771	1
3513	3638	603.423	0.000	0.7046	0.4840	1
3513	3645	259.118	0.000	0.7332	0.5972	1
3513	3704	785.591	0.000	0.7274	0.5371	1
3513	3729	261.133	0.000	0.7226	0.6110	1
3513	3739	340.126	0.000	0.7396	0.6106	1
3513	3781	26.017	0.000	0.8969	0.7621	1
3513	3821	52.033	0.000	0.7552	0.6106	1
3513	4007	217.177	0.000	0.7240	0.5771	1
3513	4008	533.352	0.000	0.7993	0.5500	1
3513	4070	312.095	0.000	0.7331	0.5998	1
3513	4172	859.637	0.000	0.8256	0.5771	1
3513	4187	603.424	0.000	0.7738	0.5121	1
3513	4205	285.132	0.000	0.7372	0.5771	1
3513	4213	265.162	0.000	0.7388	0.5771	1
3513	4242	553.408	0.000	0.8109	0.5789	1
3513	4260	340.126	0.000	0.7442	0.5771	1
3513	4319	340.127	0.000	0.7434	0.5771	1
3513	4371	312.095	0.000	0.7379	0.5771	1
3513	4376	261.133	0.000	0.7297	0.5972	1
3513	4435	785.591	0.000	0.7281	0.5430	1
3516	3520	15.995	0.000	0.7112	0.5176	1
3516	3782	-18.011	0.000	0.8687	0.7924	1
3516	3960	67.988	0.000	0.7170	0.6817	1
3516	4393	-146.057	0.000	0.8019	0.7686	1
3520	3946	-60.058	0.000	0.7671	0.5532	1
3520	4084	301.100	0.000	0.8463	0.6271	1
3522	3838	54.808	0.000	0.8027	0.4459	1
3523	3553	260.214	0.000	0.8357	0.6215	1
3523	3738	-4.031	0.000	0.8974	0.7000	1
3523	4022	21.984	0.000	0.7821	0.4743	1
3523	4374	124.198	0.000	0.7387	0.5483	1
3524	3827	-160.019	0.000	0.8421	0.6223	1
3526	3626	42.022	0.000	0.8738	0.5528	1
3526	4232	41.999	0.000	0.8762	0.5647	1
3527	3598	-61.052	0.000	0.7075	0.5905	1
3527	3639	-42.010	0.000	0.7144	0.6090	1
3527	3652	-59.073	0.000	0.7021	0.6270	1
3527	3705	-39.995	0.000	0.7218	0.5364	1
3527	3724	-17.026	0.000	0.8996	0.8103	1
3527	3737	-24.000	0.000	0.8127	0.7244	1
3527	3758	-61.052	0.000	0.7560	0.5837	1
3527	3809	-37.979	0.000	0.7345	0.6489	1
3527	3870	-138.104	0.000	0.7903	0.6824	1
3527	3871	-43.041	0.000	0.7725	0.6066	1
3527	4028	-54.046	0.000	0.8078	0.7322	1
3527	4038	-102.104	0.000	0.7289	0.7147	1
3527	4189	-14.015	0.000	0.7261	0.7076	1
3527	4258	-17.026	0.000	0.8916	0.7231	1
3527	4289	-43.030	0.000	0.7508	0.5934	1
3527	4323	-31.031	0.000	0.8345	0.6799	1
3527	4325	-43.042	0.000	0.7445	0.5346	1
3527	4350	-60.020	0.000	0.7671	0.6825	1
3527	4396	-156.115	0.000	0.7517	0.6420	1
3527	4410	-265.276	0.000	0.7334	0.7068	1
3527	4430	-39.995	0.000	0.7376	0.5846	1
3529	4372	0.003	0.000	1.0000	1.0000	1
3531	3885	59.049	0.000	0.7425	0.3135	1
3531	3908	69.058	0.000	0.8054	0.4816	1
3531	4394	67.042	0.000	0.7174	0.5511	1
3531	4399	26.004	0.000	0.7332	0.5688	1
3535	3536	-334.081	0.000	0.8889	0.5901	1
3535	3603	-83.026	0.000	0.9441	0.6893	1
3535	3638	261.281	0.000	0.8488	0.4624	1
3535	3645	-83.024	0.000	0.9381	0.6974	1
3535	3729	-81.009	0.000	0.9103	0.6554	1
3535	3739	-2.016	0.000	0.9426	0.6893	1
3535	3781	-316.126	0.000	0.8158	0.5061	1
3535	3799	-59.025	0.000	0.8979	0.6533	1
3535	3821	-290.109	0.000	0.9012	0.5960	1
3535	3938	-0.000	0.000	0.8957	0.5990	1
3535	3949	-2.892	0.000	0.9240	0.6604	1
3535	4007	-124.965	0.000	0.9125	0.6982	1
3535	4030	-84.928	0.000	0.7619	0.3453	1
3535	4070	-30.048	0.000	0.9431	0.6893	1
3535	4071	-85.041	0.000	0.8965	0.5568	1
3535	4110	-4.906	0.000	0.9035	0.6141	1
3535	4172	517.495	0.000	0.8201	0.6549	1
3535	4205	-57.011	0.000	0.9416	0.6893	1
3535	4213	-76.980	0.000	0.9451	0.6893	1
3535	4260	-2.016	0.000	0.9362	0.6604	1
3535	4319	-2.016	0.000	0.9486	0.6893	1
3535	4358	-82.013	0.000	0.8741	0.5922	1
3535	4371	-30.047	0.000	0.9434	0.6893	1
3535	4376	-81.009	0.000	0.9368	0.6893	1
3536	3587	0.001	0.000	0.8311	0.7629	1
3536	3597	-12.092	0.000	0.7788	0.6978	1
3536	3603	251.055	0.000	0.9295	0.6703	1
3536	3638	595.362	0.000	0.8642	0.5397	1
3536	3645	251.057	0.000	0.9188	0.6366	1
3536	3729	253.072	0.000	0.8906	0.5971	1
3536	3739	332.065	0.000	0.9385	0.7268	1
3536	3781	17.956	0.000	0.8736	0.6251	1
3536	3799	275.056	0.000	0.8763	0.6277	1
3536	3821	43.972	0.000	0.9263	0.6368	1
3536	3949	331.189	0.000	0.9025	0.6157	1
3536	4007	209.116	0.000	0.8937	0.6657	1
3536	4030	249.153	0.000	0.7354	0.3005	1
3536	4070	304.034	0.000	0.9332	0.7029	1
3536	4071	249.041	0.000	0.8736	0.4848	1
3536	4110	329.175	0.000	0.8925	0.5971	1
3536	4172	851.576	0.000	0.8464	0.6324	1
3536	4205	277.071	0.000	0.9251	0.6358	1
3536	4213	257.101	0.000	0.9246	0.6358	1
3536	4242	545.347	0.000	0.7091	0.6166	1
3536	4260	332.065	0.000	0.9373	0.6893	1
3536	4319	332.065	0.000	0.9362	0.6504	1
3536	4358	252.068	0.000	0.8594	0.5523	1
3536	4371	304.034	0.000	0.9310	0.6747	1
3536	4376	253.072	0.000	0.9136	0.6358	1
3537	3577	-14.016	0.000	0.7679	0.5015	1
3538	3610	-0.047	0.000	0.9706	0.7752	1
3538	3626	-36.025	0.000	0.7806	0.5036	1
3538	3862	-18.023	0.000	0.9503	0.7218	1
3538	4232	-36.048	0.000	0.7806	0.5036	1
3538	4411	-26.027	0.000	0.8085	0.6188	1
3538	4417	-2.052	0.000	0.8144	0.6980	1
3538	4426	-26.027	0.000	0.8079	0.6431	1
3538	4428	-2.052	0.000	0.8144	0.6980	1
3542	3567	0.000	0.000	1.0000	1.0000	1
3542	3764	0.000	0.000	0.8990	0.7589	1
3543	3952	0.000	0.000	0.8662	0.6451	1
3550	3758	74.073	0.000	0.7186	0.5960	1
3552	3639	487.314	0.000	0.7291	0.5848	1
3552	3728	51.993	0.000	0.7223	0.7014	1
3552	3737	505.325	0.000	0.7200	0.5700	1
3552	3840	-258.197	0.000	0.7704	0.6235	1
3552	3861	488.298	0.000	0.7517	0.6584	1
3552	3935	26.089	0.000	0.8258	0.7005	1
3552	3966	488.298	0.000	0.7179	0.5171	1
3552	4088	14.021	0.000	0.7447	0.5129	1
3552	4115	-58.005	0.000	0.7574	0.5197	1
3552	4292	80.100	0.000	0.7030	0.4306	1
3552	4350	469.304	0.000	0.7159	0.5850	1
3552	4430	489.329	0.000	0.7070	0.6824	1
3553	3738	-264.244	0.000	0.8224	0.6600	1
3553	4022	-238.230	0.000	0.7050	0.5287	1
3553	4246	-180.063	0.000	0.7530	0.4754	1
3554	3598	444.314	0.000	0.7359	0.7167	1
3554	3758	444.314	0.000	0.7291	0.6830	1
3554	3859	2.018	0.000	0.7589	0.6506	1
3554	3980	2.017	0.000	0.7810	0.6239	1
3560	3626	-33.973	0.000	0.9541	0.5375	1
3560	4117	0.010	0.000	1.0000	1.0000	1
3560	4232	-33.996	0.000	0.9541	0.5375	1
3560	4251	-0.010	0.000	1.0000	1.0000	1
3560	4411	-23.975	0.000	0.8386	0.4724	1
3562	3725	-121.038	0.000	0.8985	0.7028	1
3562	3953	-171.090	0.000	0.7474	0.5444	1
3562	3976	76.052	0.000	0.8783	0.7327	1
3562	4033	-67.990	0.000	0.7743	0.6655	1
3562	4129	-17.027	0.000	0.9467	0.8377	1
3562	4142	-0.000	0.000	0.9741	0.8379	1
3562	4165	-17.026	0.000	0.9452	0.8173	1
3562	4190	0.000	0.000	0.9684	0.8132	1
3562	4297	59.025	0.000	0.7692	0.5560	1
3562	4370	94.063	0.000	0.7998	0.6491	1
3562	4403	-121.038	0.000	0.8975	0.6902	1
3563	4009	57.969	0.000	0.7056	0.6641	1
3566	3740	2.016	0.000	0.7383	0.5181	1
3566	4410	2.016	0.000	0.8214	0.6525	1
3567	3764	0.000	0.000	0.8990	0.7589	1
3572	3583	0.000	0.000	1.0000	1.0000	1
3572	3603	-111.056	0.000	0.8804	0.5622	1
3572	3645	-111.055	0.000	0.8701	0.5656	1
3572	3662	0.000	0.000	1.0000	1.0000	1
3572	3729	-109.039	0.000	0.8670	0.5909	1
3572	3739	-30.047	0.000	0.8772	0.5635	1
3572	3938	-28.031	0.000	0.8205	0.4912	1
3572	3949	-30.923	0.000	0.8799	0.5656	1
3572	4007	-152.996	0.000	0.8543	0.5368	1
3572	4030	-112.958	0.000	0.7055	0.3159	1
3572	4070	-58.078	0.000	0.8786	0.5368	1
3572	4071	-113.071	0.000	0.8275	0.5110	1
3572	4110	-32.937	0.000	0.8464	0.5368	1
3572	4172	489.464	0.000	0.7592	0.5368	1
3572	4205	-85.041	0.000	0.8699	0.5656	1
3572	4213	-105.010	0.000	0.8798	0.5626	1
3572	4260	-30.046	0.000	0.8717	0.5922	1
3572	4319	-30.046	0.000	0.8772	0.5368	1
3572	4358	-110.043	0.000	0.8156	0.5368	1
3572	4371	-58.078	0.000	0.8776	0.5639	1
3572	4376	-109.039	0.000	0.8831	0.5931	1
3578	3589	73.958	0.000	0.7059	0.4291	1
3578	3708	73.976	0.000	0.7059	0.4291	1
3578	3974	73.958	0.000	0.7078	0.4500	1
3578	4135	17.027	0.000	0.9056	0.7493	1
3578	4137	73.960	0.000	0.7048	0.4230	1
3578	4143	73.968	0.000	0.7059	0.4291	1
3578	4412	23.016	0.000	0.7329	0.7761	1
3581	4035	14.016	0.000	0.8877	0.7159	1
3581	4253	-54.047	0.000	0.8405	0.6652	1
3583	3603	-111.056	0.000	0.8804	0.5622	1
3583	3645	-111.055	0.000	0.8701	0.5656	1
3583	3662	0.000	0.000	1.0000	1.0000	1
3583	3729	-109.040	0.000	0.8670	0.5909	1
3583	3739	-30.047	0.000	0.8772	0.5635	1
3583	3938	-28.031	0.000	0.8205	0.4912	1
3583	3949	-30.923	0.000	0.8799	0.5656	1
3583	4007	-152.996	0.000	0.8543	0.5368	1
3583	4030	-112.958	0.000	0.7055	0.3159	1
3583	4070	-58.078	0.000	0.8786	0.5368	1
3583	4071	-113.071	0.000	0.8275	0.5110	1
3583	4110	-32.937	0.000	0.8464	0.5368	1
3583	4172	489.464	0.000	0.7592	0.5368	1
3583	4205	-85.041	0.000	0.8699	0.5656	1
3583	4213	-105.010	0.000	0.8798	0.5626	1
3583	4260	-30.047	0.000	0.8717	0.5922	1
3583	4319	-30.046	0.000	0.8772	0.5368	1
3583	4358	-110.043	0.000	0.8156	0.5368	1
3583	4371	-58.078	0.000	0.8776	0.5639	1
3583	4376	-109.039	0.000	0.8831	0.5931	1
3584	4059	-45.058	0.000	0.8637	0.6122	1
3584	4224	-493.109	0.000	0.8919	0.7124	1
3584	4321	-14.016	0.000	0.8759	0.7402	1
3584	4383	14.015	0.000	0.8011	0.6649	1
3587	3597	-12.094	0.000	0.8711	0.6883	1
3587	3603	251.054	0.000	0.7469	0.6554	1
3587	3638	595.361	0.000	0.7110	0.5115	1
3587	3645	251.056	0.000	0.7420	0.6385	1
3587	3704	777.529	0.000	0.7241	0.5222	1
3587	3729	253.071	0.000	0.7279	0.5971	1
3587	3739	332.063	0.000	0.7528	0.7101	1
3587	3781	17.954	0.000	0.7161	0.5302	1
3587	3799	275.055	0.000	0.7222	0.6277	1
3587	3815	38.015	0.000	0.7029	0.5273	1
3587	3821	43.971	0.000	0.7603	0.6805	1
3587	3949	331.188	0.000	0.7399	0.6201	1
3587	4007	209.115	0.000	0.7509	0.6707	1
3587	4008	525.290	0.000	0.8030	0.5500	1
3587	4070	304.032	0.000	0.7425	0.6681	1
3587	4071	249.039	0.000	0.7125	0.4848	1
3587	4110	329.173	0.000	0.7364	0.6241	1
3587	4172	851.574	0.000	0.8361	0.6488	1
3587	4187	595.362	0.000	0.7749	0.5121	1
3587	4205	277.069	0.000	0.7485	0.6719	1
3587	4213	257.100	0.000	0.7492	0.6554	1
3587	4242	545.346	0.000	0.8148	0.5789	1
3587	4260	332.064	0.000	0.7555	0.6846	1
3587	4319	332.064	0.000	0.7558	0.6719	1
3587	4371	304.033	0.000	0.7481	0.6681	1
3587	4376	253.071	0.000	0.7364	0.6554	1
3587	4435	777.529	0.000	0.7272	0.5430	1
3589	3684	-14.005	0.000	0.9046	0.6150	1
3589	3708	0.018	0.000	1.0000	1.0000	1
3589	3974	-0.000	0.000	0.9885	0.8403	1
3589	4047	0.010	0.000	0.8611	0.6450	1
3589	4081	0.021	0.000	0.9833	0.7953	1
3589	4137	0.002	0.000	0.9880	0.8612	1
3589	4143	0.010	0.000	1.0000	1.0000	1
3591	4160	-147.053	0.000	0.8194	0.6569	1
3592	3623	-45.058	0.000	0.8706	0.6673	1
3592	3682	-121.110	0.000	0.7365	0.4704	1
3592	3987	-42.047	0.000	0.7441	0.5311	1
3597	3603	263.147	0.000	0.7510	0.6622	1
3597	3638	607.454	0.000	0.7263	0.5397	1
3597	3645	263.149	0.000	0.7435	0.6366	1
3597	3704	789.623	0.000	0.7270	0.5222	1
3597	3729	265.164	0.000	0.7264	0.5971	1
3597	3739	344.157	0.000	0.7556	0.7125	1
3597	3781	30.048	0.000	0.8331	0.6068	1
3597	3799	287.148	0.000	0.7160	0.6277	1
3597	3815	50.109	0.000	0.7008	0.5273	1
3597	3821	56.065	0.000	0.7629	0.6679	1
3597	3949	343.281	0.000	0.7395	0.6091	1
3597	4007	221.208	0.000	0.7484	0.6657	1
3597	4008	537.383	0.000	0.8053	0.5500	1
3597	4070	316.126	0.000	0.7473	0.6768	1
3597	4071	261.133	0.000	0.7146	0.4848	1
3597	4110	341.267	0.000	0.7340	0.5971	1
3597	4172	863.668	0.000	0.8322	0.6286	1
3597	4187	607.455	0.000	0.7796	0.5121	1
3597	4205	289.163	0.000	0.7466	0.6380	1
3597	4213	269.194	0.000	0.7493	0.6380	1
3597	4242	557.439	0.000	0.8166	0.5789	1
3597	4260	344.157	0.000	0.7586	0.6768	1
3597	4319	344.158	0.000	0.7537	0.6380	1
3597	4371	316.126	0.000	0.7537	0.6768	1
3597	4376	265.164	0.000	0.7364	0.6380	1
3597	4435	789.622	0.000	0.7293	0.5430	1
3598	3724	44.026	0.000	0.7137	0.5576	1
3598	3758	-0.000	0.000	0.8552	0.7803	1
3598	3861	20.026	0.000	0.7180	0.6922	1
3598	3871	18.011	0.000	0.7725	0.7150	1
3598	3980	-442.297	0.000	0.7398	0.6306	1
3598	4074	-8.006	0.000	0.7296	0.7001	1
3598	4258	44.026	0.000	0.7194	0.6513	1
3598	4289	18.022	0.000	0.7754	0.7362	1
3598	4323	30.022	0.000	0.7455	0.6704	1
3598	4325	18.010	0.000	0.7769	0.6660	1
3598	4422	28.031	0.000	0.8463	0.7131	1
3600	3881	319.008	0.000	0.8221	0.5297	1
3600	3885	286.968	0.000	0.7127	0.2748	1
3600	4027	42.829	0.000	0.8297	0.5665	1
3600	4168	319.011	0.000	0.8221	0.5297	1
3600	4214	319.031	0.000	0.8193	0.5282	1
3600	4335	319.020	0.000	0.8150	0.5259	1
3602	3626	71.049	0.000	0.7083	0.5051	1
3602	4232	71.026	0.000	0.7083	0.5051	1
3603	3638	344.307	0.000	0.8842	0.5246	1
3603	3645	0.002	0.000	0.9745	0.7557	1
3603	3662	111.057	0.000	0.8804	0.5622	1
3603	3729	2.017	0.000	0.9423	0.6866	1
3603	3739	81.010	0.000	0.9792	0.8245	1
3603	3781	-233.100	0.000	0.8705	0.6122	1
3603	3799	24.001	0.000	0.9277	0.6891	1
3603	3821	-207.083	0.000	0.9355	0.6994	1
3603	3938	83.026	0.000	0.9285	0.6301	1
3603	3949	80.134	0.000	0.9592	0.7635	1
3603	4007	-41.939	0.000	0.9503	0.7442	1
3603	4030	-1.902	0.000	0.7822	0.3619	1
3603	4070	52.978	0.000	0.9804	0.8282	1
3603	4071	-2.015	0.000	0.9240	0.5643	1
3603	4110	78.119	0.000	0.9389	0.6496	1
3603	4172	600.521	0.000	0.8900	0.7697	1
3603	4205	26.015	0.000	0.9773	0.7866	1
3603	4213	6.046	0.000	0.9839	0.8217	1
3603	4242	294.292	0.000	0.7158	0.5799	1
3603	4260	81.010	0.000	0.9796	0.7977	1
3603	4319	81.010	0.000	0.9841	0.8217	1
3603	4358	1.013	0.000	0.9093	0.6161	1
3603	4371	52.979	0.000	0.9804	0.8244	1
3603	4376	2.017	0.000	0.9709	0.8052	1
3604	3881	-1.006	0.000	0.7808	0.5490	1
3604	4168	-1.004	0.000	0.7808	0.5490	1
3604	4214	-0.984	0.000	0.7819	0.5813	1
3604	4335	-0.995	0.000	0.7785	0.5689	1
3607	3870	229.205	0.000	0.7166	0.6336	1
3607	4396	211.195	0.000	0.7268	0.6592	1
3608	3877	78.969	0.000	0.7605	0.6771	1
3608	4357	-126.214	0.000	0.7258	0.4654	1
3609	3862	146.997	0.000	0.7953	0.5369	1
3610	3626	-35.977	0.000	0.8321	0.6265	1
3610	3732	-162.057	0.000	0.7151	0.5377	1
3610	3759	-59.062	0.000	0.7381	0.5498	1
3610	3862	-17.976	0.000	0.9741	0.8682	1
3610	4232	-36.000	0.000	0.8321	0.6265	1
3610	4411	-25.979	0.000	0.8401	0.7403	1
3610	4417	-2.005	0.000	0.8473	0.6107	1
3610	4426	-25.979	0.000	0.8391	0.7754	1
3610	4428	-2.005	0.000	0.8473	0.6107	1
3611	3639	-2.016	0.000	0.8028	0.6900	1
3611	3705	-0.000	0.000	0.9161	0.7963	1
3611	3737	15.995	0.000	0.8170	0.6447	1
3611	3809	2.016	0.000	0.7138	0.6236	1
3611	3810	-246.235	0.000	0.7605	0.6966	1
3611	3840	-747.527	0.000	0.7199	0.6591	1
3611	3861	-1.032	0.000	0.7029	0.6040	1
3611	3870	-98.110	0.000	0.7588	0.5741	1
3611	3933	-0.000	0.000	0.8596	0.6443	1
3611	3978	-240.246	0.000	0.7045	0.5980	1
3611	4028	-14.052	0.000	0.7296	0.5939	1
3611	4074	-29.064	0.000	0.7315	0.6729	1
3611	4075	-18.011	0.000	0.8516	0.7516	1
3611	4106	-48.021	0.000	0.7231	0.6111	1
3611	4115	-547.335	0.000	0.7006	0.5585	1
3611	4341	-18.011	0.000	0.7823	0.6346	1
3611	4350	-20.026	0.000	0.7381	0.6788	1
3611	4360	-15.995	0.000	0.7191	0.5947	1
3611	4406	51.036	0.000	0.7276	0.6193	1
3611	4430	-0.001	0.000	0.8468	0.7429	1
3616	4212	-42.058	0.000	0.7493	0.6654	1
3616	4364	-42.058	0.000	0.7422	0.6453	1
3616	4412	-49.020	0.000	0.7807	0.5956	1
3618	3710	-29.017	0.000	0.8366	0.6249	1
3618	3725	64.068	0.000	0.7378	0.5876	1
3618	4023	0.000	0.000	0.7927	0.5546	1
3618	4033	117.116	0.000	0.8505	0.6349	1
3618	4129	168.079	0.000	0.7221	0.5940	1
3618	4145	13.053	0.000	0.7523	0.5601	1
3618	4231	-7.969	0.000	0.8396	0.6696	1
3623	3682	-76.052	0.000	0.7182	0.4991	1
3626	3648	45.984	0.000	0.8481	0.7297	1
3626	3925	-72.033	0.000	0.8292	0.4933	1
3626	3982	-85.056	0.000	0.7559	0.4128	1
3626	4043	-111.043	0.000	0.7168	0.4935	1
3626	4117	33.983	0.000	0.9541	0.5375	1
3626	4232	-0.023	0.000	1.0000	1.0000	1
3626	4235	45.994	0.000	0.8325	0.6932	1
3626	4251	33.962	0.000	0.9541	0.5375	1
3626	4388	6.105	0.000	0.7135	0.3884	1
3626	4411	9.998	0.000	0.8497	0.6054	1
3626	4412	-16.006	0.000	0.7840	0.7739	1
3626	4426	9.998	0.000	0.8575	0.6470	1
3627	4129	1.004	0.000	0.7285	0.6438	1
3627	4165	1.004	0.000	0.7252	0.6331	1
3629	4159	0.036	0.000	0.8915	0.5924	1
3631	4129	132.042	0.000	0.7115	0.7033	1
3631	4165	132.042	0.000	0.7087	0.6820	1
3631	4316	-68.062	0.000	0.7664	0.6208	1
3634	4014	-14.016	0.000	0.9211	0.7012	1
3634	4032	24.974	0.000	0.7079	0.4917	1
3637	4104	15.995	0.000	0.7468	0.5350	1
3638	3645	-344.305	0.000	0.8761	0.5246	1
3638	3729	-342.290	0.000	0.8466	0.4964	1
3638	3739	-263.297	0.000	0.8945	0.5739	1
3638	3781	-577.407	0.000	0.8105	0.4840	1
3638	3799	-320.306	0.000	0.8457	0.4964	1
3638	3821	-551.390	0.000	0.8614	0.4840	1
3638	3938	-261.281	0.000	0.8438	0.4689	1
3638	3949	-264.173	0.000	0.8756	0.5199	1
3638	4007	-386.246	0.000	0.8503	0.5246	1
3638	4030	-346.209	0.000	0.7026	0.3141	1
3638	4070	-291.329	0.000	0.8890	0.5246	1
3638	4071	-346.322	0.000	0.8351	0.4964	1
3638	4110	-266.188	0.000	0.8499	0.4964	1
3638	4172	256.214	0.000	0.7800	0.4689	1
3638	4205	-318.292	0.000	0.8762	0.4964	1
3638	4213	-338.261	0.000	0.8794	0.4964	1
3638	4260	-263.297	0.000	0.8855	0.5246	1
3638	4319	-263.297	0.000	0.8884	0.4964	1
3638	4358	-343.294	0.000	0.8092	0.4689	1
3638	4371	-291.328	0.000	0.8883	0.5246	1
3638	4376	-342.290	0.000	0.8687	0.4964	1
3639	3705	2.016	0.000	0.8065	0.6592	1
3639	3728	-435.321	0.000	0.8134	0.6137	1
3639	3737	18.011	0.000	0.7551	0.7057	1
3639	3798	-463.355	0.000	0.7438	0.6162	1
3639	3819	-151.958	0.000	0.7429	0.6302	1
3639	3852	-15.995	0.000	0.7178	0.6137	1
3639	3859	-461.338	0.000	0.8682	0.7108	1
3639	3861	0.984	0.000	0.8406	0.7086	1
3639	3870	-96.094	0.000	0.8512	0.7205	1
3639	3871	-1.031	0.000	0.7204	0.5648	1
3639	3933	2.016	0.000	0.8190	0.6590	1
3639	3966	0.984	0.000	0.8305	0.7036	1
3639	3978	-238.230	0.000	0.7502	0.6878	1
3639	4028	-12.036	0.000	0.8494	0.6807	1
3639	4074	-27.048	0.000	0.7685	0.6455	1
3639	4106	-46.005	0.000	0.7269	0.6643	1
3639	4289	-1.019	0.000	0.7183	0.5899	1
3639	4325	-1.032	0.000	0.7031	0.5095	1
3639	4339	0.000	0.000	0.7684	0.4191	1
3639	4350	-18.010	0.000	0.8152	0.7617	1
3639	4396	-114.104	0.000	0.7922	0.6904	1
3639	4406	53.052	0.000	0.7388	0.6492	1
3639	4410	-223.266	0.000	0.7329	0.6003	1
3639	4430	2.015	0.000	0.7747	0.6125	1
3644	4324	-9.025	0.000	0.7383	0.5371	1
3645	3662	111.055	0.000	0.8701	0.5656	1
3645	3729	2.015	0.000	0.9357	0.7164	1
3645	3739	81.008	0.000	0.9768	0.7950	1
3645	3781	-233.101	0.000	0.8668	0.6408	1
3645	3799	23.999	0.000	0.9159	0.6818	1
3645	3821	-207.085	0.000	0.9275	0.6326	1
3645	3938	83.024	0.000	0.9193	0.6301	1
3645	3949	80.132	0.000	0.9522	0.7047	1
3645	4007	-41.941	0.000	0.9391	0.7366	1
3645	4030	-1.904	0.000	0.7861	0.3896	1
3645	4070	52.976	0.000	0.9723	0.7720	1
3645	4071	-2.017	0.000	0.9199	0.5882	1
3645	4110	78.118	0.000	0.9351	0.6765	1
3645	4172	600.519	0.000	0.8821	0.7122	1
3645	4205	26.013	0.000	0.9815	0.8187	1
3645	4213	6.044	0.000	0.9747	0.7494	1
3645	4242	294.290	0.000	0.7075	0.5799	1
3645	4260	81.008	0.000	0.9741	0.7876	1
3645	4319	81.008	0.000	0.9793	0.7576	1
3645	4358	1.011	0.000	0.9228	0.6984	1
3645	4371	52.977	0.000	0.9761	0.7834	1
3645	4376	2.015	0.000	0.9663	0.7478	1
3646	3655	20.078	0.000	0.7461	0.4500	1
3646	3713	168.951	0.000	0.7566	0.4432	1
3646	3838	156.948	0.000	0.7574	0.4027	1
3648	3654	-139.033	0.000	0.7390	0.4968	1
3648	3771	-15.972	0.000	0.8091	0.5394	1
3648	3772	-48.945	0.000	0.7143	0.5135	1
3648	3881	-17.976	0.000	0.7329	0.5754	1
3648	3885	-50.016	0.000	0.7109	0.4608	1
3648	4034	-66.972	0.000	0.8178	0.6030	1
3648	4168	-17.973	0.000	0.7329	0.5754	1
3648	4214	-17.954	0.000	0.7351	0.5541	1
3648	4232	-46.007	0.000	0.8481	0.7297	1
3648	4235	0.009	0.000	0.9745	0.8770	1
3648	4335	-17.965	0.000	0.7274	0.5541	1
3648	4394	-42.022	0.000	0.7881	0.4978	1
3649	3806	-45.951	0.000	0.7884	0.6673	1
3649	4303	11.985	0.000	0.8592	0.6784	1
3650	3874	0.000	0.000	0.7752	0.5406	1
3652	3724	42.047	0.000	0.7438	0.6584	1
3652	4258	42.047	0.000	0.7254	0.5373	1
3652	4323	28.042	0.000	0.7381	0.5514	1
3652	4346	-45.022	0.000	0.7041	0.6239	1
3654	3885	89.017	0.000	0.7142	0.2402	1
3654	4034	72.060	0.000	0.7296	0.4431	1
3654	4348	16.875	0.000	0.7682	0.4616	1
3655	3668	-70.079	0.000	0.7279	0.4794	1
3659	4185	88.068	0.000	0.7022	0.5187	1
3660	4159	-29.975	0.000	0.8385	0.4689	1
3662	3729	-109.040	0.000	0.8670	0.5909	1
3662	3739	-30.047	0.000	0.8772	0.5635	1
3662	3938	-28.031	0.000	0.8205	0.4912	1
3662	3949	-30.923	0.000	0.8799	0.5656	1
3662	4007	-152.996	0.000	0.8543	0.5368	1
3662	4030	-112.959	0.000	0.7055	0.3159	1
3662	4070	-58.078	0.000	0.8786	0.5368	1
3662	4071	-113.071	0.000	0.8275	0.5110	1
3662	4110	-32.937	0.000	0.8464	0.5368	1
3662	4172	489.464	0.000	0.7592	0.5368	1
3662	4205	-85.041	0.000	0.8699	0.5656	1
3662	4213	-105.011	0.000	0.8798	0.5626	1
3662	4260	-30.047	0.000	0.8717	0.5922	1
3662	4319	-30.047	0.000	0.8772	0.5368	1
3662	4358	-110.044	0.000	0.8156	0.5368	1
3662	4371	-58.078	0.000	0.8776	0.5639	1
3662	4376	-109.040	0.000	0.8831	0.5931	1
3669	4155	15.974	0.000	0.7413	0.5757	1
3673	3733	-2.033	0.000	0.8874	0.6953	1
3673	4153	-0.036	0.000	0.9775	0.8665	1
3676	3786	-308.110	0.000	0.8490	0.4611	1
3676	4019	151.011	0.000	0.8523	0.5567	1
3679	3695	113.981	0.000	0.7507	0.5207	1
3680	3911	0.000	0.000	1.0000	1.0000	1
3684	3708	14.024	0.000	0.9046	0.6150	1
3684	3974	14.005	0.000	0.9070	0.6517	1
3684	4047	14.016	0.000	0.8225	0.6390	1
3684	4081	14.026	0.000	0.9031	0.6620	1
3684	4137	14.007	0.000	0.9090	0.7027	1
3684	4143	14.016	0.000	0.9046	0.6150	1
3688	3826	-15.995	0.000	0.7697	0.4575	1
3693	4416	-84.057	0.000	0.7554	0.6083	1
3694	3712	-23.031	0.000	0.7576	0.6177	1
3694	3731	-1.008	0.000	0.7703	0.6880	1
3694	4080	-9.014	0.000	0.7003	0.5597	1
3694	4102	19.017	0.000	0.7432	0.6592	1
3695	3897	-1.002	0.000	0.7011	0.4626	1
3700	3985	-29.027	0.000	0.9334	0.7354	1
3700	4209	-19.969	0.000	0.9227	0.6899	1
3700	4340	14.963	0.000	0.8943	0.7257	1
3700	4402	14.963	0.000	0.8985	0.7382	1
3700	4415	14.963	0.000	0.8934	0.6968	1
3704	3841	-258.197	0.000	0.7739	0.4953	1
3704	4008	-252.239	0.000	0.7840	0.6278	1
3704	4172	74.045	0.000	0.7030	0.5661	1
3704	4187	-182.168	0.000	0.7447	0.6097	1
3704	4242	-232.184	0.000	0.7539	0.5785	1
3704	4373	-232.181	0.000	0.7035	0.3712	1
3704	4435	-0.000	0.000	0.9395	0.6749	1
3705	3731	-116.062	0.000	0.7057	0.6672	1
3705	3737	15.995	0.000	0.7917	0.5760	1
3705	3809	2.016	0.000	0.7270	0.5945	1
3705	3810	-246.235	0.000	0.7350	0.6106	1
3705	3840	-747.526	0.000	0.7021	0.6030	1
3705	3861	-1.032	0.000	0.7113	0.6509	1
3705	3870	-98.110	0.000	0.7591	0.5268	1
3705	3871	-3.047	0.000	0.7269	0.6661	1
3705	3933	0.000	0.000	0.8093	0.5543	1
3705	4028	-14.052	0.000	0.7717	0.5746	1
3705	4074	-29.063	0.000	0.7212	0.6680	1
3705	4075	-18.010	0.000	0.8674	0.6968	1
3705	4102	-96.036	0.000	0.7137	0.6940	1
3705	4106	-48.021	0.000	0.7024	0.5379	1
3705	4289	-3.035	0.000	0.7331	0.6949	1
3705	4325	-3.047	0.000	0.7261	0.6559	1
3705	4341	-18.010	0.000	0.8208	0.6103	1
3705	4350	-20.026	0.000	0.7203	0.6179	1
3705	4360	-15.995	0.000	0.7433	0.5814	1
3705	4396	-116.120	0.000	0.7183	0.5808	1
3705	4406	51.036	0.000	0.7261	0.5794	1
3705	4430	-0.000	0.000	0.9224	0.8878	1
3707	4283	-0.003	0.000	0.7544	0.6439	1
3708	3974	-0.018	0.000	0.9885	0.8403	1
3708	4047	-0.008	0.000	0.8611	0.6450	1
3708	4081	0.002	0.000	0.9833	0.7953	1
3708	4137	-0.016	0.000	0.9880	0.8612	1
3708	4143	-0.008	0.000	1.0000	1.0000	1
3710	3725	93.085	0.000	0.7347	0.5813	1
3710	4023	29.017	0.000	0.7583	0.5508	1
3710	4033	146.133	0.000	0.8489	0.6739	1
3710	4129	197.096	0.000	0.7160	0.6381	1
3710	4142	214.122	0.000	0.7103	0.6987	1
3710	4145	42.070	0.000	0.7590	0.5667	1
3710	4231	21.047	0.000	0.8199	0.6897	1
3710	4403	93.085	0.000	0.7255	0.5397	1
3712	3731	22.022	0.000	0.8194	0.6819	1
3712	3810	-108.151	0.000	0.7238	0.6466	1
3712	3840	-609.442	0.000	0.7484	0.6626	1
3712	4080	14.016	0.000	0.7724	0.6971	1
3712	4384	-170.127	0.000	0.7442	0.5969	1
3713	3838	-12.003	0.000	0.9259	0.6843	1
3713	3885	86.157	0.000	0.7405	0.2910	1
3713	3908	96.167	0.000	0.8033	0.3979	1
3713	4109	-56.063	0.000	0.9307	0.6937	1
3713	4113	-5.974	0.000	0.7388	0.4839	1
3713	4348	14.016	0.000	0.9388	0.7436	1
3714	4290	-17.026	0.000	0.7025	0.5125	1
3719	3858	18.010	0.000	0.7366	0.6513	1
3721	3963	18.011	0.000	0.9595	0.7783	1
3723	3849	45.058	0.000	0.7195	0.4757	1
3724	3758	-44.026	0.000	0.7583	0.5892	1
3724	3861	-24.001	0.000	0.7382	0.5542	1
3724	3871	-26.015	0.000	0.7607	0.5653	1
3724	3966	-24.000	0.000	0.7197	0.6651	1
3724	4074	-52.032	0.000	0.7595	0.5929	1
3724	4258	-0.000	0.000	0.9206	0.7050	1
3724	4289	-26.004	0.000	0.7795	0.5814	1
3724	4323	-14.005	0.000	0.8859	0.6884	1
3724	4325	-26.016	0.000	0.7854	0.5254	1
3724	4390	-42.011	0.000	0.7042	0.5845	1
3724	4422	-15.995	0.000	0.7078	0.6250	1
3725	3953	-50.052	0.000	0.7982	0.6543	1
3725	3976	197.090	0.000	0.7640	0.6692	1
3725	4033	53.048	0.000	0.8031	0.6563	1
3725	4129	104.011	0.000	0.9089	0.7125	1
3725	4142	121.038	0.000	0.9061	0.7285	1
3725	4145	-51.015	0.000	0.7008	0.5124	1
3725	4165	104.011	0.000	0.9064	0.7283	1
3725	4190	121.038	0.000	0.8996	0.7138	1
3725	4231	-72.037	0.000	0.7570	0.6481	1
3725	4297	180.063	0.000	0.7489	0.4928	1
3725	4370	215.100	0.000	0.7346	0.6484	1
3725	4403	0.000	0.000	0.9266	0.6224	1
3728	3798	-28.033	0.000	0.7942	0.5797	1
3728	3859	-26.016	0.000	0.8244	0.7056	1
3728	3861	436.305	0.000	0.7202	0.5892	1
3728	4350	417.311	0.000	0.7359	0.5643	1
3728	4390	418.295	0.000	0.7177	0.7428	1
3729	3739	78.993	0.000	0.9366	0.6866	1
3729	3781	-235.116	0.000	0.8431	0.6034	1
3729	3799	21.984	0.000	0.9003	0.6508	1
3729	3821	-209.100	0.000	0.9007	0.6034	1
3729	3938	81.009	0.000	0.8946	0.6299	1
3729	3949	78.117	0.000	0.9271	0.6593	1
3729	4007	-43.956	0.000	0.9160	0.6866	1
3729	4030	-3.919	0.000	0.7488	0.3336	1
3729	4070	50.961	0.000	0.9370	0.6866	1
3729	4071	-4.032	0.000	0.8901	0.5643	1
3729	4110	76.103	0.000	0.9198	0.7004	1
3729	4172	598.504	0.000	0.8602	0.6571	1
3729	4205	23.998	0.000	0.9382	0.6866	1
3729	4213	4.029	0.000	0.9445	0.6866	1
3729	4260	78.993	0.000	0.9372	0.6866	1
3729	4319	78.993	0.000	0.9435	0.6866	1
3729	4358	-1.004	0.000	0.8981	0.6866	1
3729	4371	50.962	0.000	0.9384	0.6866	1
3729	4376	0.000	0.000	0.9343	0.6866	1
3731	3810	-130.173	0.000	0.7277	0.5969	1
3731	3840	-631.464	0.000	0.7207	0.6173	1
3731	4080	-8.006	0.000	0.7301	0.5914	1
3731	4102	20.026	0.000	0.7275	0.6418	1
3731	4384	-192.150	0.000	0.7028	0.4865	1
3731	4430	116.062	0.000	0.7121	0.6593	1
3733	4153	1.997	0.000	0.8990	0.6884	1
3737	3789	-433.179	0.000	0.7315	0.6421	1
3737	3809	-13.979	0.000	0.7099	0.6454	1
3737	3810	-262.230	0.000	0.7316	0.6505	1
3737	3840	-763.521	0.000	0.7067	0.6035	1
3737	3861	-17.027	0.000	0.7886	0.6089	1
3737	3866	-66.079	0.000	0.7092	0.5859	1
3737	3870	-114.105	0.000	0.7884	0.7258	1
3737	3933	-15.995	0.000	0.8375	0.7390	1
3737	3966	-17.026	0.000	0.8042	0.7581	1
3737	3978	-256.241	0.000	0.7792	0.7382	1
3737	4028	-30.047	0.000	0.7849	0.6929	1
3737	4074	-45.058	0.000	0.7105	0.5852	1
3737	4075	-34.005	0.000	0.7100	0.5968	1
3737	4076	-92.047	0.000	0.7111	0.6140	1
3737	4106	-64.016	0.000	0.8009	0.7666	1
3737	4277	63.073	0.000	0.7012	0.6721	1
3737	4341	-34.005	0.000	0.7008	0.6790	1
3737	4350	-36.021	0.000	0.7669	0.6852	1
3737	4360	-31.990	0.000	0.7192	0.6552	1
3737	4396	-132.115	0.000	0.7043	0.6515	1
3737	4406	35.041	0.000	0.7534	0.7249	1
3737	4430	-15.995	0.000	0.7697	0.5785	1
3738	4022	26.014	0.000	0.7914	0.5355	1
3738	4144	-17.064	0.000	0.8568	0.6883	1
3738	4230	15.995	0.000	0.8798	0.5442	1
3738	4374	128.228	0.000	0.7674	0.6020	1
3739	3781	-314.109	0.000	0.8750	0.6364	1
3739	3799	-57.009	0.000	0.9221	0.6891	1
3739	3821	-288.092	0.000	0.9415	0.7088	1
3739	3938	2.016	0.000	0.9280	0.6301	1
3739	3949	-0.876	0.000	0.9526	0.7550	1
3739	4007	-122.949	0.000	0.9408	0.7742	1
3739	4030	-82.911	0.000	0.7751	0.3454	1
3739	4070	-28.031	0.000	0.9832	0.8524	1
3739	4071	-83.024	0.000	0.9232	0.5882	1
3739	4110	-2.890	0.000	0.9482	0.7586	1
3739	4172	519.511	0.000	0.8691	0.7693	1
3739	4205	-54.994	0.000	0.9827	0.8507	1
3739	4213	-74.963	0.000	0.9763	0.8055	1
3739	4242	213.282	0.000	0.7160	0.6342	1
3739	4260	0.000	0.000	0.9845	0.8387	1
3739	4319	0.001	0.000	0.9879	0.8193	1
3739	4358	-79.997	0.000	0.9085	0.6902	1
3739	4371	-28.031	0.000	0.9815	0.8266	1
3739	4376	-78.993	0.000	0.9635	0.7805	1
3740	3870	127.172	0.000	0.7330	0.5867	1
3740	4177	167.240	0.000	0.7343	0.4436	1
3740	4410	0.000	0.000	0.8457	0.6718	1
3744	4136	-15.995	0.000	0.7533	0.6093	1
3748	4097	-30.011	0.000	0.8946	0.5100	1
3753	4126	30.009	0.000	0.8139	0.5863	1
3754	4236	0.005	0.000	1.0000	1.0000	1
3755	4417	260.213	0.000	0.7187	0.4389	1
3755	4428	260.213	0.000	0.7187	0.4389	1
3758	3861	20.026	0.000	0.7363	0.6813	1
3758	3870	-77.052	0.000	0.7071	0.5450	1
3758	3871	18.011	0.000	0.8371	0.7449	1
3758	3980	-442.297	0.000	0.7664	0.6312	1
3758	4028	7.006	0.000	0.7444	0.6074	1
3758	4074	-8.006	0.000	0.7338	0.6836	1
3758	4258	44.026	0.000	0.7573	0.6670	1
3758	4289	18.023	0.000	0.8220	0.7335	1
3758	4323	30.022	0.000	0.7423	0.6209	1
3758	4325	18.010	0.000	0.8110	0.6620	1
3758	4396	-95.062	0.000	0.7765	0.6667	1
3758	4406	72.094	0.000	0.7172	0.6407	1
3758	4422	28.031	0.000	0.7714	0.6344	1
3759	3862	41.087	0.000	0.7516	0.4960	1
3759	4009	0.000	0.000	0.8277	0.6094	1
3759	4212	14.041	0.000	0.9015	0.7796	1
3759	4364	14.041	0.000	0.9018	0.7523	1
3769	3873	-10.057	0.000	0.7568	0.5620	1
3769	3883	-45.991	0.000	0.7059	0.6264	1
3769	3957	-41.026	0.000	0.7703	0.6267	1
3769	4306	-47.049	0.000	0.7570	0.6567	1
3771	3833	-37.071	0.000	0.7108	0.4296	1
3771	3881	-2.004	0.000	0.8738	0.5809	1
3771	3883	-32.974	0.000	0.7371	0.4885	1
3771	3885	-34.044	0.000	0.8240	0.3448	1
3771	4019	-162.035	0.000	0.8454	0.5313	1
3771	4034	-51.001	0.000	0.7634	0.3928	1
3771	4168	-2.002	0.000	0.8738	0.5809	1
3771	4214	-1.982	0.000	0.8744	0.5900	1
3771	4235	15.981	0.000	0.7951	0.5264	1
3771	4335	-1.993	0.000	0.8717	0.5760	1
3771	4351	-261.102	0.000	0.7210	0.4619	1
3772	3881	30.970	0.000	0.7312	0.5236	1
3772	3883	0.000	0.000	0.9350	0.7616	1
3772	4034	-18.027	0.000	0.8131	0.4719	1
3772	4168	30.972	0.000	0.7312	0.5236	1
3772	4214	30.992	0.000	0.7346	0.5542	1
3772	4235	48.955	0.000	0.7045	0.4998	1
3772	4335	30.981	0.000	0.7411	0.5542	1
3772	4408	-132.042	0.000	0.8089	0.4788	1
3781	3799	257.100	0.000	0.8414	0.6281	1
3781	3815	20.061	0.000	0.7216	0.6027	1
3781	3821	26.017	0.000	0.9137	0.7086	1
3781	3889	68.061	0.000	0.7597	0.7043	1
3781	3938	316.125	0.000	0.8507	0.6144	1
3781	3949	313.233	0.000	0.8563	0.5848	1
3781	4007	191.160	0.000	0.8575	0.6418	1
3781	4008	507.335	0.000	0.7591	0.5500	1
3781	4030	231.198	0.000	0.7197	0.3620	1
3781	4070	286.078	0.000	0.8726	0.6408	1
3781	4071	231.085	0.000	0.8342	0.5171	1
3781	4110	311.219	0.000	0.8382	0.5621	1
3781	4172	833.620	0.000	0.8749	0.6606	1
3781	4187	577.407	0.000	0.7538	0.5459	1
3781	4205	259.115	0.000	0.8750	0.6408	1
3781	4213	239.146	0.000	0.8700	0.6122	1
3781	4242	527.391	0.000	0.7799	0.5789	1
3781	4260	314.109	0.000	0.8730	0.6122	1
3781	4319	314.110	0.000	0.8815	0.6577	1
3781	4358	234.113	0.000	0.8040	0.5501	1
3781	4371	286.078	0.000	0.8777	0.6408	1
3781	4376	235.117	0.000	0.8593	0.6122	1
3782	3960	85.998	0.000	0.8063	0.7054	1
3782	4393	-128.047	0.000	0.7943	0.7645	1
3783	3803	-13.973	0.000	0.7390	0.5111	1
3785	3933	0.000	0.000	0.7046	0.5194	1
3785	4339	-2.016	0.000	0.7120	0.5151	1
3789	3966	416.153	0.000	0.7095	0.6199	1
3789	4076	341.132	0.000	0.7295	0.6020	1
3791	3972	2.006	0.000	0.8449	0.7141	1
3791	4303	43.947	0.000	0.7043	0.5260	1
3792	4046	46.935	0.000	0.7553	0.6173	1
3793	3813	-26.016	0.000	0.7552	0.6463	1
3793	4045	30.010	0.000	0.7068	0.5704	1
3794	3914	146.022	0.000	0.7924	0.6208	1
3794	4380	146.021	0.000	0.8158	0.6677	1
3798	3859	2.017	0.000	0.7855	0.6332	1
3799	3821	-231.083	0.000	0.8936	0.6284	1
3799	3938	59.025	0.000	0.8917	0.6009	1
3799	3949	56.133	0.000	0.9149	0.6554	1
3799	4007	-65.940	0.000	0.9076	0.6763	1
3799	4030	-25.902	0.000	0.7412	0.3321	1
3799	4070	28.978	0.000	0.9261	0.6891	1
3799	4071	-26.015	0.000	0.8701	0.5331	1
3799	4110	54.119	0.000	0.8913	0.6211	1
3799	4172	576.520	0.000	0.8342	0.6627	1
3799	4205	2.015	0.000	0.9171	0.6891	1
3799	4213	-17.954	0.000	0.9291	0.6891	1
3799	4260	57.009	0.000	0.9176	0.6891	1
3799	4319	57.010	0.000	0.9305	0.7162	1
3799	4358	-22.988	0.000	0.8597	0.5884	1
3799	4371	28.978	0.000	0.9226	0.6891	1
3799	4376	-21.984	0.000	0.9181	0.6891	1
3806	3982	-1.039	0.000	0.7341	0.4243	1
3806	4411	94.016	0.000	0.7407	0.4438	1
3806	4426	94.016	0.000	0.7376	0.4585	1
3808	4373	72.036	0.000	0.7014	0.3465	1
3809	3933	-2.016	0.000	0.7315	0.6285	1
3809	4084	100.052	0.000	0.8010	0.6152	1
3809	4189	23.964	0.000	0.7004	0.7182	1
3810	3840	-501.291	0.000	0.7352	0.6683	1
3810	3978	5.989	0.000	0.7585	0.6886	1
3810	4080	122.167	0.000	0.7060	0.6580	1
3810	4115	-301.099	0.000	0.7010	0.6136	1
3810	4430	246.235	0.000	0.7000	0.5753	1
3812	3849	-13.980	0.000	0.7795	0.4900	1
3813	3833	15.995	0.000	0.7626	0.7368	1
3814	4074	-12.037	0.000	0.7292	0.5734	1
3814	4289	13.991	0.000	0.7135	0.5403	1
3814	4323	25.990	0.000	0.7097	0.5531	1
3814	4390	-2.016	0.000	0.7295	0.5721	1
3819	4028	139.922	0.000	0.7228	0.5970	1
3819	4293	2.014	0.000	0.7564	0.7075	1
3819	4314	-35.038	0.000	0.7335	0.5969	1
3821	3889	42.045	0.000	0.7008	0.7496	1
3821	3938	290.108	0.000	0.8932	0.5767	1
3821	3949	287.216	0.000	0.9113	0.6797	1
3821	4007	165.144	0.000	0.8944	0.6264	1
3821	4030	205.181	0.000	0.7448	0.3042	1
3821	4070	260.061	0.000	0.9359	0.6868	1
3821	4071	205.068	0.000	0.8845	0.4932	1
3821	4110	285.202	0.000	0.8948	0.5621	1
3821	4172	807.603	0.000	0.8448	0.7132	1
3821	4205	233.098	0.000	0.9362	0.6809	1
3821	4213	213.129	0.000	0.9344	0.7132	1
3821	4260	288.093	0.000	0.9412	0.6899	1
3821	4319	288.093	0.000	0.9486	0.7769	1
3821	4358	208.096	0.000	0.8662	0.5501	1
3821	4371	260.062	0.000	0.9385	0.6986	1
3821	4376	209.100	0.000	0.9246	0.7112	1
3822	3852	15.995	0.000	0.7043	0.6035	1
3822	4075	15.995	0.000	0.7302	0.6221	1
3822	4147	-2.016	0.000	0.7426	0.5200	1
3822	4341	15.995	0.000	0.7131	0.6412	1
3822	4350	13.979	0.000	0.7405	0.7128	1
3822	4360	18.011	0.000	0.8205	0.7324	1
3828	4368	-17.026	0.000	0.7769	0.4343	1
3833	3873	40.031	0.000	0.8445	0.6731	1
3833	3881	35.066	0.000	0.7167	0.5149	1
3833	3957	9.062	0.000	0.7049	0.5174	1
3833	4045	40.031	0.000	0.8191	0.6112	1
3833	4084	-2.016	0.000	0.7570	0.6689	1
3833	4168	35.069	0.000	0.7167	0.5149	1
3833	4173	-1.979	0.000	0.7649	0.6682	1
3833	4214	35.089	0.000	0.7212	0.5351	1
3833	4335	35.078	0.000	0.7207	0.5149	1
3838	3885	98.161	0.000	0.7767	0.3485	1
3838	3887	-66.029	0.000	0.7464	0.4157	1
3838	3908	108.170	0.000	0.7990	0.4243	1
3838	4091	-128.118	0.000	0.7112	0.4783	1
3838	4109	-44.060	0.000	0.9004	0.6088	1
3838	4182	-104.027	0.000	0.7097	0.4714	1
3838	4348	26.019	0.000	0.9062	0.6378	1
3838	4359	-37.904	0.000	0.7224	0.4433	1
3840	3935	284.286	0.000	0.7194	0.6341	1
3840	4106	699.505	0.000	0.7037	0.6204	1
3840	4115	200.192	0.000	0.7615	0.6158	1
3841	4257	-549.374	0.000	0.7543	0.5051	1
3841	4373	26.016	0.000	0.7724	0.4628	1
3841	4435	258.197	0.000	0.7816	0.4938	1
3845	3877	104.026	0.000	0.7375	0.6578	1
3845	4391	0.000	0.000	1.0000	1.0000	1
3849	4135	134.022	0.000	0.7147	0.4910	1
3852	3858	44.026	0.000	0.7326	0.6642	1
3852	3870	-80.099	0.000	0.7263	0.7223	1
3852	4028	3.958	0.000	0.7460	0.7154	1
3852	4075	0.000	0.000	0.7223	0.5701	1
3852	4350	-2.016	0.000	0.7251	0.6330	1
3852	4430	18.010	0.000	0.7246	0.5083	1
3854	3885	234.048	0.000	0.7435	0.2136	1
3856	4140	0.000	0.000	0.8006	0.5219	1
3856	4345	10.020	0.000	0.7114	0.5023	1
3859	3861	462.322	0.000	0.7337	0.6651	1
3859	3966	462.322	0.000	0.7242	0.5571	1
3859	4339	461.338	0.000	0.7636	0.3652	1
3859	4350	443.328	0.000	0.7767	0.6643	1
3859	4390	444.311	0.000	0.7269	0.7104	1
3861	3866	-49.052	0.000	0.7372	0.4803	1
3861	3870	-97.078	0.000	0.7395	0.5450	1
3861	3871	-2.015	0.000	0.8486	0.7699	1
3861	3966	0.000	0.000	0.8658	0.6365	1
3861	3978	-239.214	0.000	0.7135	0.5613	1
3861	4028	-13.020	0.000	0.7461	0.5525	1
3861	4074	-28.031	0.000	0.8847	0.7852	1
3861	4076	-75.020	0.000	0.7127	0.4834	1
3861	4203	-23.999	0.000	0.7029	0.5066	1
3861	4258	24.001	0.000	0.7770	0.7140	1
3861	4277	80.100	0.000	0.7535	0.6636	1
3861	4289	-2.003	0.000	0.8305	0.7396	1
3861	4323	9.996	0.000	0.7585	0.6666	1
3861	4325	-2.015	0.000	0.8594	0.7373	1
3861	4350	-18.994	0.000	0.7870	0.6797	1
3861	4390	-18.010	0.000	0.7537	0.7015	1
3861	4406	52.068	0.000	0.7826	0.6150	1
3861	4430	1.032	0.000	0.7160	0.6522	1
3862	4009	-41.087	0.000	0.7097	0.5822	1
3866	3966	49.053	0.000	0.7774	0.6409	1
3870	3871	95.063	0.000	0.7174	0.5156	1
3870	3933	98.110	0.000	0.7918	0.7401	1
3870	3966	97.078	0.000	0.7512	0.7013	1
3870	3978	-142.136	0.000	0.7052	0.5976	1
3870	4028	84.058	0.000	0.8805	0.8309	1
3870	4074	69.046	0.000	0.7523	0.5643	1
3870	4106	50.089	0.000	0.7433	0.6712	1
3870	4177	40.068	0.000	0.7495	0.5185	1
3870	4189	124.089	0.000	0.7354	0.6004	1
3870	4289	95.075	0.000	0.7301	0.5291	1
3870	4325	95.062	0.000	0.7028	0.4485	1
3870	4339	96.094	0.000	0.7164	0.4559	1
3870	4350	78.084	0.000	0.7024	0.6305	1
3870	4396	-18.010	0.000	0.7601	0.6423	1
3870	4410	-127.172	0.000	0.8059	0.7222	1
3870	4430	98.109	0.000	0.7378	0.5165	1
3871	3966	2.015	0.000	0.7781	0.5601	1
3871	3980	-460.308	0.000	0.7255	0.5661	1
3871	4028	-11.005	0.000	0.7658	0.5981	1
3871	4074	-26.017	0.000	0.8527	0.7689	1
3871	4258	26.015	0.000	0.8437	0.7946	1
3871	4277	82.114	0.000	0.7180	0.6585	1
3871	4289	0.012	0.000	0.9376	0.8714	1
3871	4323	12.011	0.000	0.8911	0.8269	1
3871	4325	-0.001	0.000	0.9421	0.8242	1
3871	4390	-15.995	0.000	0.7517	0.7037	1
3871	4396	-113.073	0.000	0.8187	0.6628	1
3871	4406	54.083	0.000	0.7023	0.5912	1
3871	4430	3.046	0.000	0.7611	0.6988	1
3873	3957	-30.969	0.000	0.7833	0.5497	1
3873	4045	0.000	0.000	0.9116	0.7399	1
3873	4214	-4.943	0.000	0.7006	0.6306	1
3873	4335	-4.954	0.000	0.7051	0.6272	1
3877	4391	-104.026	0.000	0.7375	0.6578	1
3879	3914	15.978	0.000	0.7291	0.5140	1
3879	3990	0.001	0.000	0.8607	0.5704	1
3879	4380	15.977	0.000	0.7825	0.6481	1
3881	3885	-32.040	0.000	0.7746	0.3648	1
3881	3908	-22.031	0.000	0.7858	0.4146	1
3881	3957	-26.004	0.000	0.7777	0.5965	1
3881	4034	-48.997	0.000	0.7567	0.4387	1
3881	4045	4.965	0.000	0.7309	0.5864	1
3881	4168	0.002	0.000	1.0000	1.0000	1
3881	4209	-145.074	0.000	0.8927	0.6377	1
3881	4214	0.022	0.000	0.9916	0.8961	1
3881	4235	17.985	0.000	0.7240	0.5665	1
3881	4318	-209.029	0.000	0.7276	0.5928	1
3881	4335	0.011	0.000	0.9907	0.8938	1
3883	4034	-18.027	0.000	0.8347	0.5585	1
3883	4408	-132.042	0.000	0.7958	0.5084	1
3884	4218	54.985	0.000	0.7120	0.3756	1
3885	3908	10.009	0.000	0.7607	0.3139	1
3885	3957	6.036	0.000	0.7240	0.3515	1
3885	3972	-63.992	0.000	0.8118	0.7317	1
3885	3986	-132.944	0.000	0.7937	0.2859	1
3885	4068	-79.079	0.000	0.7446	0.3117	1
3885	4084	-5.042	0.000	0.7270	0.5148	1
3885	4109	-142.220	0.000	0.7434	0.2911	1
3885	4138	-163.097	0.000	0.7410	0.2318	1
3885	4140	-271.067	0.000	0.7073	0.2412	1
3885	4168	32.042	0.000	0.7746	0.3648	1
3885	4214	32.062	0.000	0.7836	0.4122	1
3885	4235	50.025	0.000	0.7056	0.4601	1
3885	4335	32.051	0.000	0.7813	0.3909	1
3885	4348	-72.142	0.000	0.7251	0.3146	1
3885	4357	-223.253	0.000	0.7150	0.2808	1
3887	4050	30.011	0.000	0.7978	0.5063	1
3887	4113	72.057	0.000	0.7801	0.5043	1
3891	4186	-23.963	0.000	0.8592	0.5183	1
3895	4381	0.001	0.000	0.7999	0.6998	1
3901	4357	-2.016	0.000	0.7852	0.5620	1
3908	4050	-144.188	0.000	0.7243	0.4204	1
3908	4168	22.033	0.000	0.7858	0.4146	1
3908	4214	22.053	0.000	0.7807	0.3525	1
3908	4335	22.042	0.000	0.7788	0.3525	1
3908	4348	-82.151	0.000	0.7902	0.3987	1
3909	4218	-0.028	0.000	0.7109	0.4116	1
3910	3933	139.030	0.000	0.7091	0.5593	1
3914	4380	-0.001	0.000	0.8507	0.6822	1
3925	4232	72.010	0.000	0.8292	0.4933	1
3928	3988	0.000	0.000	1.0000	1.0000	1
3933	3966	-1.032	0.000	0.7291	0.6834	1
3933	3978	-240.246	0.000	0.7110	0.5962	1
3933	4028	-14.052	0.000	0.7323	0.7283	1
3933	4075	-18.010	0.000	0.7797	0.6207	1
3933	4106	-48.021	0.000	0.7334	0.6233	1
3933	4115	-547.334	0.000	0.7032	0.6571	1
3933	4277	79.068	0.000	0.7114	0.5723	1
3933	4339	-2.016	0.000	0.7083	0.4474	1
3933	4341	-18.011	0.000	0.7442	0.6473	1
3933	4350	-20.026	0.000	0.7276	0.6371	1
3933	4360	-15.995	0.000	0.7196	0.6095	1
3933	4396	-116.120	0.000	0.7038	0.6314	1
3933	4406	51.036	0.000	0.7479	0.6940	1
3933	4430	-0.000	0.000	0.7579	0.5270	1
3935	4088	-12.068	0.000	0.7324	0.5425	1
3935	4389	28.031	0.000	0.7889	0.5683	1
3935	4397	-0.000	0.000	0.7380	0.4871	1
3937	4171	343.127	0.000	0.7105	0.3259	1
3938	3949	-2.892	0.000	0.9173	0.6301	1
3938	4007	-124.965	0.000	0.9131	0.6820	1
3938	4030	-84.927	0.000	0.7402	0.3225	1
3938	4070	-30.047	0.000	0.9296	0.6301	1
3938	4071	-85.040	0.000	0.8801	0.5415	1
3938	4110	-4.906	0.000	0.8951	0.6211	1
3938	4172	517.495	0.000	0.8316	0.6301	1
3938	4205	-57.010	0.000	0.9255	0.6519	1
3938	4213	-76.979	0.000	0.9315	0.6519	1
3938	4260	-2.016	0.000	0.9252	0.6301	1
3938	4319	-2.015	0.000	0.9330	0.6301	1
3938	4358	-82.013	0.000	0.8631	0.5922	1
3938	4371	-30.047	0.000	0.9317	0.6547	1
3938	4376	-81.009	0.000	0.9166	0.6301	1
3944	4186	43.990	0.000	0.7417	0.5498	1
3949	4007	-122.073	0.000	0.9335	0.6864	1
3949	4030	-82.035	0.000	0.7623	0.3213	1
3949	4070	-27.155	0.000	0.9543	0.7558	1
3949	4071	-82.148	0.000	0.9126	0.5643	1
3949	4110	-2.014	0.000	0.9292	0.6496	1
3949	4172	520.387	0.000	0.8803	0.7588	1
3949	4205	-54.118	0.000	0.9574	0.7571	1
3949	4213	-74.087	0.000	0.9627	0.7916	1
3949	4242	214.158	0.000	0.7200	0.5799	1
3949	4260	0.876	0.000	0.9537	0.7358	1
3949	4319	0.877	0.000	0.9602	0.7916	1
3949	4358	-79.121	0.000	0.8905	0.5922	1
3949	4371	-27.155	0.000	0.9553	0.7647	1
3949	4376	-78.117	0.000	0.9503	0.7840	1
3953	4055	-35.964	0.000	0.7631	0.5994	1
3953	4129	154.063	0.000	0.7259	0.5539	1
3953	4142	171.090	0.000	0.7518	0.5576	1
3953	4165	154.063	0.000	0.7375	0.6288	1
3953	4190	171.090	0.000	0.7507	0.5632	1
3953	4223	82.078	0.000	0.7839	0.5523	1
3953	4403	50.052	0.000	0.7711	0.5191	1
3957	4045	30.969	0.000	0.7575	0.5196	1
3957	4084	-11.078	0.000	0.7144	0.5360	1
3957	4168	26.007	0.000	0.7777	0.5965	1
3957	4173	-11.041	0.000	0.7575	0.5226	1
3957	4214	26.027	0.000	0.7872	0.6880	1
3957	4335	26.016	0.000	0.7835	0.5965	1
3966	3978	-239.214	0.000	0.7397	0.6740	1
3966	4028	-13.020	0.000	0.7273	0.6463	1
3966	4074	-28.032	0.000	0.8434	0.6339	1
3966	4076	-75.021	0.000	0.7760	0.6872	1
3966	4106	-46.989	0.000	0.7235	0.6853	1
3966	4203	-24.000	0.000	0.7193	0.6592	1
3966	4258	24.000	0.000	0.7256	0.5423	1
3966	4277	80.099	0.000	0.7417	0.7063	1
3966	4289	-2.004	0.000	0.7763	0.5729	1
3966	4325	-2.016	0.000	0.7619	0.4966	1
3966	4350	-18.994	0.000	0.7618	0.6530	1
3966	4390	-18.010	0.000	0.7197	0.5520	1
3966	4406	52.068	0.000	0.8098	0.7492	1
3972	4017	-102.050	0.000	0.7902	0.5814	1
3972	4303	41.941	0.000	0.7402	0.5834	1
3974	4047	0.010	0.000	0.8418	0.5605	1
3974	4081	0.021	0.000	0.9838	0.8392	1
3974	4137	0.002	0.000	0.9833	0.8408	1
3974	4143	0.010	0.000	0.9885	0.8403	1
3976	4129	-93.079	0.000	0.7855	0.7250	1
3976	4142	-76.052	0.000	0.9039	0.7958	1
3976	4165	-93.079	0.000	0.7849	0.7350	1
3976	4190	-76.052	0.000	0.8933	0.7829	1
3976	4370	18.010	0.000	0.8059	0.6723	1
3976	4403	-197.090	0.000	0.7378	0.5637	1
3978	4074	211.182	0.000	0.7008	0.5603	1
3978	4350	220.220	0.000	0.7153	0.6510	1
3978	4406	291.282	0.000	0.7173	0.6468	1
3980	4289	460.319	0.000	0.7281	0.5811	1
3980	4325	460.307	0.000	0.7176	0.5080	1
3980	4396	347.235	0.000	0.7083	0.6594	1
3982	4411	95.055	0.000	0.7235	0.5372	1
3982	4426	95.055	0.000	0.7164	0.5235	1
3985	4340	43.990	0.000	0.9065	0.6419	1
3985	4402	43.990	0.000	0.9107	0.6571	1
3985	4415	43.990	0.000	0.9091	0.6368	1
3994	4146	-0.000	0.000	0.8280	0.6981	1
4007	4030	40.037	0.000	0.7577	0.3543	1
4007	4070	94.917	0.000	0.9431	0.7742	1
4007	4071	39.924	0.000	0.8966	0.5844	1
4007	4110	120.059	0.000	0.9207	0.6846	1
4007	4172	642.460	0.000	0.8990	0.7442	1
4007	4205	67.955	0.000	0.9388	0.7174	1
4007	4213	47.985	0.000	0.9494	0.7174	1
4007	4242	336.231	0.000	0.7258	0.6179	1
4007	4260	122.949	0.000	0.9426	0.7742	1
4007	4319	122.949	0.000	0.9411	0.7174	1
4007	4358	42.952	0.000	0.8899	0.6460	1
4007	4371	94.918	0.000	0.9442	0.7742	1
4007	4376	43.956	0.000	0.9370	0.7174	1
4008	4172	326.285	0.000	0.7687	0.5368	1
4008	4187	70.072	0.000	0.7910	0.5532	1
4008	4242	20.056	0.000	0.8172	0.5968	1
4008	4435	252.239	0.000	0.7853	0.6319	1
4009	4212	14.041	0.000	0.8283	0.6556	1
4009	4364	14.041	0.000	0.8243	0.6125	1
4013	4177	473.335	0.000	0.7332	0.6330	1
4021	4193	14.015	0.000	0.7870	0.6401	1
4022	4374	102.214	0.000	0.7154	0.5719	1
4023	4033	117.116	0.000	0.7609	0.5680	1
4023	4231	-7.969	0.000	0.7819	0.6067	1
4026	4028	46.005	0.000	0.7617	0.5776	1
4026	4189	86.037	0.000	0.7160	0.5270	1
4028	4074	-15.011	0.000	0.7443	0.5647	1
4028	4189	40.032	0.000	0.7910	0.6772	1
4028	4258	37.020	0.000	0.7057	0.5669	1
4028	4289	11.017	0.000	0.7659	0.6050	1
4028	4325	11.005	0.000	0.7517	0.5296	1
4028	4339	12.036	0.000	0.7980	0.5047	1
4028	4350	-5.974	0.000	0.7478	0.7004	1
4028	4396	-102.068	0.000	0.8040	0.7100	1
4028	4410	-211.230	0.000	0.7698	0.6847	1
4028	4430	14.052	0.000	0.7923	0.6015	1
4030	4070	54.880	0.000	0.7790	0.3602	1
4030	4071	-0.113	0.000	0.7475	0.3508	1
4030	4110	80.021	0.000	0.7458	0.3213	1
4030	4172	602.422	0.000	0.7149	0.3331	1
4030	4205	27.917	0.000	0.7824	0.3602	1
4030	4213	7.948	0.000	0.7839	0.3619	1
4030	4260	82.912	0.000	0.7766	0.3454	1
4030	4319	82.912	0.000	0.7819	0.3454	1
4030	4358	2.915	0.000	0.7424	0.3346	1
4030	4371	54.880	0.000	0.7815	0.3602	1
4030	4376	3.919	0.000	0.7770	0.3498	1
4033	4129	50.963	0.000	0.7894	0.7708	1
4033	4142	67.990	0.000	0.8018	0.7963	1
4033	4145	-104.063	0.000	0.8635	0.7247	1
4033	4165	50.963	0.000	0.7628	0.6751	1
4033	4190	67.990	0.000	0.7928	0.7848	1
4033	4231	-125.085	0.000	0.8350	0.7037	1
4033	4403	-53.048	0.000	0.7968	0.6302	1
4034	4168	48.999	0.000	0.7567	0.4387	1
4034	4214	49.019	0.000	0.7634	0.4643	1
4034	4235	66.982	0.000	0.8006	0.5566	1
4034	4335	49.008	0.000	0.7556	0.4387	1
4035	4253	-68.063	0.000	0.8157	0.6802	1
4038	4323	71.073	0.000	0.7293	0.6503	1
4043	4232	111.021	0.000	0.7168	0.4935	1
4044	4135	13.032	0.000	0.7601	0.5269	1
4045	4168	-4.963	0.000	0.7309	0.5864	1
4045	4214	-4.943	0.000	0.7318	0.5846	1
4045	4335	-4.954	0.000	0.7379	0.5938	1
4047	4081	0.010	0.000	0.8722	0.7494	1
4047	4137	-0.008	0.000	0.8875	0.8085	1
4047	4143	0.000	0.000	0.8611	0.6450	1
4049	4096	0.000	0.000	1.0000	1.0000	1
4050	4109	-8.042	0.000	0.7726	0.5301	1
4050	4113	42.047	0.000	0.9120	0.7352	1
4059	4224	-448.051	0.000	0.8537	0.5599	1
4061	4209	-0.948	0.000	0.8481	0.6864	1
4061	4365	14.016	0.000	0.8436	0.5898	1
4067	4356	-32.063	0.000	0.8803	0.6600	1
4070	4071	-54.993	0.000	0.9248	0.5882	1
4070	4110	25.141	0.000	0.9401	0.6846	1
4070	4172	547.542	0.000	0.8720	0.7871	1
4070	4205	-26.963	0.000	0.9763	0.8108	1
4070	4213	-46.932	0.000	0.9764	0.7941	1
4070	4242	241.313	0.000	0.7084	0.5799	1
4070	4260	28.032	0.000	0.9814	0.8161	1
4070	4319	28.032	0.000	0.9831	0.7941	1
4070	4358	-51.965	0.000	0.9058	0.6460	1
4070	4371	0.000	0.000	0.9844	0.8493	1
4070	4376	-50.961	0.000	0.9633	0.7767	1
4071	4110	80.134	0.000	0.9000	0.5862	1
4071	4172	602.535	0.000	0.8535	0.5855	1
4071	4205	28.030	0.000	0.9286	0.5882	1
4071	4213	8.061	0.000	0.9273	0.5643	1
4071	4260	83.025	0.000	0.9233	0.5643	1
4071	4319	83.025	0.000	0.9281	0.5643	1
4071	4358	3.028	0.000	0.8576	0.5415	1
4071	4371	54.993	0.000	0.9277	0.5882	1
4071	4376	4.032	0.000	0.9208	0.5844	1
4074	4258	52.032	0.000	0.8166	0.7756	1
4074	4277	108.131	0.000	0.7225	0.6456	1
4074	4289	26.028	0.000	0.8763	0.8069	1
4074	4323	38.027	0.000	0.8167	0.7423	1
4074	4325	26.016	0.000	0.8621	0.7162	1
4074	4390	10.021	0.000	0.7734	0.6857	1
4074	4406	80.100	0.000	0.7851	0.6447	1
4074	4422	36.037	0.000	0.7253	0.5822	1
4074	4430	29.063	0.000	0.7145	0.6593	1
4075	4341	-0.000	0.000	0.8346	0.7057	1
4075	4350	-2.016	0.000	0.7568	0.7079	1
4075	4430	18.010	0.000	0.8658	0.7052	1
4076	4106	28.031	0.000	0.7598	0.6321	1
4081	4137	-0.019	0.000	0.9884	0.8640	1
4081	4143	-0.010	0.000	0.9833	0.7953	1
4084	4139	26.016	0.000	0.7117	0.5135	1
4084	4173	0.037	0.000	0.7200	0.5752	1
4098	4344	0.000	0.000	1.0000	1.0000	1
4102	4430	96.036	0.000	0.7001	0.6836	1
4105	4172	-37.972	0.000	0.8752	0.6627	1
4105	4394	-16.020	0.000	0.7918	0.6327	1
4105	4401	0.011	0.000	1.0000	1.0000	1
4105	4432	-83.038	0.000	0.7053	0.5101	1
4109	4348	70.079	0.000	0.9207	0.6940	1
4110	4172	522.401	0.000	0.8691	0.6561	1
4110	4205	-52.104	0.000	0.9445	0.7013	1
4110	4213	-72.073	0.000	0.9463	0.6846	1
4110	4242	216.172	0.000	0.7050	0.5799	1
4110	4260	2.890	0.000	0.9473	0.7363	1
4110	4319	2.891	0.000	0.9475	0.6765	1
4110	4358	-77.107	0.000	0.8937	0.6663	1
4110	4371	-25.141	0.000	0.9399	0.6846	1
4110	4376	-76.103	0.000	0.9360	0.6743	1
4113	4348	19.990	0.000	0.7540	0.4839	1
4114	4159	-20.974	0.000	0.8065	0.4814	1
4115	4406	598.371	0.000	0.7299	0.6602	1
4117	4232	-34.006	0.000	0.9541	0.5375	1
4117	4251	-0.021	0.000	1.0000	1.0000	1
4117	4411	-23.985	0.000	0.8386	0.4724	1
4126	4246	42.012	0.000	0.8033	0.6007	1
4129	4142	17.026	0.000	0.9558	0.8548	1
4129	4165	0.000	0.000	0.9790	0.8642	1
4129	4190	17.027	0.000	0.9493	0.8450	1
4129	4231	-176.048	0.000	0.7319	0.6505	1
4129	4297	76.052	0.000	0.7022	0.4995	1
4129	4370	111.089	0.000	0.7521	0.6668	1
4129	4403	-104.011	0.000	0.9034	0.6819	1
4137	4143	0.008	0.000	0.9880	0.8612	1
4142	4165	-17.026	0.000	0.9489	0.8086	1
4142	4190	0.000	0.000	0.9839	0.8898	1
4142	4231	-193.075	0.000	0.7125	0.6505	1
4142	4297	59.025	0.000	0.7772	0.6014	1
4142	4370	94.063	0.000	0.8043	0.6635	1
4142	4403	-121.038	0.000	0.8994	0.7415	1
4145	4231	-21.022	0.000	0.7272	0.5841	1
4148	4173	31.954	0.000	0.7037	0.4380	1
4148	4184	-148.036	0.000	0.7200	0.4300	1
4148	4282	-519.158	0.000	0.7001	0.6525	1
4148	4322	-447.158	0.000	0.7246	0.5848	1
4165	4190	17.026	0.000	0.9448	0.8085	1
4165	4231	-176.048	0.000	0.7104	0.5702	1
4165	4297	76.052	0.000	0.7078	0.4928	1
4165	4370	111.089	0.000	0.7584	0.7122	1
4165	4403	-104.011	0.000	0.8961	0.6571	1
4168	4209	-145.076	0.000	0.8927	0.6377	1
4168	4214	0.020	0.000	0.9916	0.8961	1
4168	4235	17.983	0.000	0.7240	0.5665	1
4168	4318	-209.031	0.000	0.7276	0.5928	1
4168	4335	0.009	0.000	0.9907	0.8938	1
4170	4411	238.231	0.000	0.8987	0.7020	1
4170	4426	238.231	0.000	0.8966	0.7016	1
4172	4187	-256.213	0.000	0.7545	0.5155	1
4172	4205	-574.505	0.000	0.8922	0.7818	1
4172	4213	-594.474	0.000	0.8985	0.7978	1
4172	4242	-306.229	0.000	0.8087	0.5799	1
4172	4260	-519.511	0.000	0.8839	0.7516	1
4172	4319	-519.510	0.000	0.8798	0.8000	1
4172	4358	-599.508	0.000	0.8470	0.6460	1
4172	4371	-547.542	0.000	0.8808	0.7982	1
4172	4376	-598.504	0.000	0.8778	0.7802	1
4172	4401	37.983	0.000	0.8752	0.6627	1
4172	4435	-74.046	0.000	0.7031	0.5660	1
4174	4314	26.016	0.000	0.8554	0.7274	1
4177	4185	21.984	0.000	0.7567	0.6610	1
4177	4410	-167.240	0.000	0.7636	0.4979	1
4184	4282	-371.122	0.000	0.8149	0.4865	1
4184	4322	-299.122	0.000	0.7959	0.4476	1
4185	4239	-18.010	0.000	0.7860	0.6638	1
4187	4242	-50.016	0.000	0.7938	0.5532	1
4187	4435	182.167	0.000	0.7387	0.5875	1
4189	4289	-29.015	0.000	0.7065	0.5539	1
4189	4323	-17.016	0.000	0.7135	0.6446	1
4189	4410	-251.261	0.000	0.7366	0.6842	1
4190	4231	-193.075	0.000	0.7038	0.6279	1
4190	4297	59.025	0.000	0.7792	0.5833	1
4190	4370	94.063	0.000	0.8062	0.6475	1
4190	4403	-121.038	0.000	0.8972	0.7154	1
4205	4213	-19.969	0.000	0.9798	0.7866	1
4205	4242	268.276	0.000	0.7101	0.5799	1
4205	4260	54.995	0.000	0.9800	0.7973	1
4205	4319	54.995	0.000	0.9864	0.8108	1
4205	4358	-25.002	0.000	0.9124	0.6812	1
4205	4371	26.963	0.000	0.9796	0.8108	1
4205	4376	-23.998	0.000	0.9657	0.7724	1
4206	4217	0.000	0.000	1.0000	1.0000	1
4209	4214	145.096	0.000	0.8941	0.6409	1
4209	4335	145.085	0.000	0.8938	0.6381	1
4212	4364	0.000	0.000	0.9903	0.9124	1
4212	4399	-28.031	0.000	0.8998	0.7712	1
4213	4242	288.245	0.000	0.7213	0.5799	1
4213	4260	74.964	0.000	0.9825	0.8190	1
4213	4319	74.964	0.000	0.9857	0.8550	1
4213	4358	-5.033	0.000	0.9130	0.6161	1
4213	4371	46.932	0.000	0.9784	0.8037	1
4213	4376	-4.029	0.000	0.9705	0.8166	1
4214	4235	17.963	0.000	0.7248	0.5396	1
4214	4318	-209.051	0.000	0.7247	0.5965	1
4214	4335	-0.011	0.000	0.9940	0.9330	1
4216	4225	0.000	0.000	1.0000	1.0000	1
4220	4226	354.094	0.000	0.9039	0.7080	1
4231	4403	72.037	0.000	0.7126	0.5001	1
4232	4235	46.017	0.000	0.8325	0.6932	1
4232	4251	33.985	0.000	0.9541	0.5375	1
4232	4388	6.128	0.000	0.7135	0.3884	1
4232	4411	10.021	0.000	0.8498	0.6054	1
4232	4412	-15.984	0.000	0.7840	0.7739	1
4232	4426	10.021	0.000	0.8575	0.6470	1
4233	4345	-42.069	0.000	0.7013	0.4005	1
4235	4335	-17.974	0.000	0.7172	0.5396	1
4235	4394	-42.031	0.000	0.7659	0.4605	1
4242	4260	-213.282	0.000	0.7151	0.5799	1
4242	4319	-213.281	0.000	0.7175	0.5799	1
4242	4371	-241.313	0.000	0.7130	0.5799	1
4242	4376	-292.275	0.000	0.7022	0.5799	1
4242	4435	232.183	0.000	0.7508	0.5797	1
4251	4411	-23.964	0.000	0.8386	0.4724	1
4258	4277	56.099	0.000	0.7103	0.6858	1
4258	4289	-26.004	0.000	0.8585	0.8116	1
4258	4323	-14.005	0.000	0.9115	0.8446	1
4258	4325	-26.016	0.000	0.8774	0.7681	1
4258	4390	-42.011	0.000	0.7495	0.7391	1
4260	4319	0.000	0.000	0.9879	0.7988	1
4260	4358	-79.997	0.000	0.9130	0.6902	1
4260	4371	-28.031	0.000	0.9817	0.8027	1
4260	4376	-78.993	0.000	0.9650	0.7605	1
4265	4367	0.000	0.000	0.9566	0.7913	1
4265	4408	-45.981	0.000	0.8744	0.5243	1
4274	4412	262.229	0.000	0.7015	0.5023	1
4276	4327	4.028	0.000	0.7067	0.4519	1
4277	4289	-82.103	0.000	0.7167	0.7009	1
4277	4325	-82.115	0.000	0.7016	0.6178	1
4277	4390	-98.110	0.000	0.7039	0.6537	1
4277	4406	-28.031	0.000	0.7691	0.7470	1
4282	4322	72.000	0.000	0.9162	0.5840	1
4286	4339	53.048	0.000	0.7012	0.5642	1
4289	4323	11.999	0.000	0.8978	0.8393	1
4289	4325	-0.012	0.000	0.9399	0.8008	1
4289	4390	-16.007	0.000	0.7571	0.6973	1
4289	4396	-113.085	0.000	0.8074	0.6774	1
4289	4422	10.009	0.000	0.7209	0.5949	1
4289	4430	3.035	0.000	0.7506	0.7116	1
4292	4389	-25.981	0.000	0.7127	0.6156	1
4292	4397	-54.012	0.000	0.7179	0.5806	1
4297	4403	-180.063	0.000	0.7673	0.6733	1
4301	4411	129.008	0.000	0.7367	0.5464	1
4301	4426	129.008	0.000	0.7291	0.5139	1
4302	4307	-15.972	0.000	0.7723	0.6277	1
4302	4326	15.978	0.000	0.7270	0.5518	1
4302	4423	-13.977	0.000	0.7469	0.6164	1
4303	4336	-75.929	0.000	0.8222	0.5886	1
4304	4328	27.011	0.000	0.7886	0.5589	1
4307	4326	31.950	0.000	0.9017	0.6799	1
4307	4398	41.026	0.000	0.8247	0.7367	1
4307	4420	-41.027	0.000	0.7845	0.6048	1
4307	4423	1.995	0.000	0.9185	0.7293	1
4318	4335	209.040	0.000	0.7185	0.5826	1
4319	4358	-79.997	0.000	0.9086	0.6161	1
4319	4371	-28.032	0.000	0.9846	0.8037	1
4319	4376	-78.993	0.000	0.9708	0.8166	1
4323	4325	-12.011	0.000	0.8943	0.7662	1
4323	4422	-1.990	0.000	0.7180	0.5920	1
4325	4390	-15.995	0.000	0.7608	0.6958	1
4325	4396	-113.073	0.000	0.7994	0.5910	1
4325	4430	3.047	0.000	0.7494	0.6752	1
4326	4423	-29.955	0.000	0.8772	0.6001	1
4327	4356	78.993	0.000	0.7495	0.5235	1
4340	4365	-19.969	0.000	0.8266	0.6266	1
4340	4402	0.000	0.000	0.9755	0.8114	1
4340	4415	0.000	0.000	0.9746	0.8147	1
4341	4350	-2.015	0.000	0.8150	0.7341	1
4341	4396	-98.109	0.000	0.7144	0.6800	1
4341	4430	18.010	0.000	0.8688	0.6540	1
4346	4390	45.058	0.000	0.7353	0.5913	1
4350	4396	-96.094	0.000	0.7496	0.6695	1
4350	4430	20.025	0.000	0.7279	0.6191	1
4358	4371	51.966	0.000	0.9070	0.6460	1
4358	4376	1.004	0.000	0.9234	0.6984	1
4360	4430	15.994	0.000	0.7243	0.5879	1
4364	4399	-28.031	0.000	0.8996	0.7692	1
4365	4402	19.969	0.000	0.8302	0.6266	1
4365	4415	19.969	0.000	0.8339	0.6556	1
4367	4408	-45.981	0.000	0.8514	0.4504	1
4370	4403	-215.100	0.000	0.7237	0.5432	1
4371	4376	-50.962	0.000	0.9654	0.7888	1
4373	4435	232.181	0.000	0.7114	0.3712	1
4375	4378	0.000	0.000	0.8355	0.6058	1
4375	4427	-31.043	0.000	0.7329	0.4004	1
4378	4427	-31.043	0.000	0.7692	0.4653	1
4389	4397	-28.031	0.000	0.7732	0.6626	1
4394	4401	16.031	0.000	0.7918	0.6327	1
4394	4432	-67.018	0.000	0.7242	0.5358	1
4396	4430	116.120	0.000	0.7180	0.5616	1
4401	4432	-83.049	0.000	0.7053	0.5101	1
4402	4415	0.000	0.000	0.9791	0.7948	1
4406	4430	-51.037	0.000	0.7083	0.5569	1
4411	4417	23.975	0.000	0.8639	0.5735	1
4411	4426	0.000	0.000	0.9904	0.8997	1
4411	4428	23.975	0.000	0.8639	0.5735	1
4417	4426	-23.975	0.000	0.8612	0.5654	1
4417	4428	0.000	0.000	1.0000	1.0000	1
4426	4428	23.975	0.000	0.8612	0.5654	1
