"feature_id_full","feature_id","feature_mz","feature_rt","sample_Biscutella laevigata_control_NA_vs_sample_Biscutella laevigata_treatment_distal_p_value","sample_Biscutella laevigata_control_NA_vs_sample_Biscutella laevigata_treatment_proximal_p_value","sample_Biscutella laevigata_treatment_distal_vs_sample_Biscutella laevigata_treatment_proximal_p_value","sample_Biscutella laevigata_control_NA_vs_sample_Biscutella laevigata_treatment_distal_p_value_minus_log10","sample_Biscutella laevigata_control_NA_vs_sample_Biscutella laevigata_treatment_proximal_p_value_minus_log10","sample_Biscutella laevigata_treatment_distal_vs_sample_Biscutella laevigata_treatment_proximal_p_value_minus_log10","sample_Biscutella laevigata_treatment_distal_vs_sample_Biscutella laevigata_treatment_proximal_fold_change","sample_Biscutella laevigata_control_NA_vs_sample_Biscutella laevigata_treatment_proximal_fold_change","sample_Biscutella laevigata_control_NA_vs_sample_Biscutella laevigata_treatment_distal_fold_change","sample_Biscutella laevigata_treatment_distal_vs_sample_Biscutella laevigata_treatment_proximal_fold_change_log2","sample_Biscutella laevigata_control_NA_vs_sample_Biscutella laevigata_treatment_proximal_fold_change_log2","sample_Biscutella laevigata_control_NA_vs_sample_Biscutella laevigata_treatment_distal_fold_change_log2","canopus_npc_pathway","canopus_npc_superclass","canopus_npc_class","sirius_name","gnps_smiles","met_annot_structure_smiles","sirius_smiles","gnps_inchi","gnps_inchi_aux","gnps_inchikey","gnps_inchikey_planar","met_annot_short_inchikey","met_annot_structure_inchi","met_annot_structure_inchikey","sirius_inchi","sirius_inchikey2d"
"3621_506.22_3.8",3621,506.222742986201,3.84189714736842,3.78406205836512e-06,3.59081171152908e-06,0.98572266920404,5.42204174981133,5.44480736702314,0.00624525562265412,0.992930068602808,0.550666085325672,0.554586977208311,-0.0102359815976044,-0.860750337023507,-0.850514355425902,"Carbohydrates","Small peptides","Aminoglycosides","Tobramax",NA,"NC[C@H]1O[C@H](O[C@H]2[C@H](O)[C@@H](O[C@H]3O[C@H](CO)[C@@H](O)[C@H](N)[C@H]3O)[C@H](N)C[C@@H]2N)[C@H](N)C[C@@H]1O","C1C(C(C(C(C1N)OC2C(C(C(C(O2)CO)O)N)O)O)OC3C(CC(C(O3)CN)O)N)N",NA,NA,NA,NA,"NLVFBUXFDBBNBW","InChI=1S/C18H37N5O9/c19-3-9-8(25)2-7(22)17(29-9)31-15-5(20)1-6(21)16(14(15)28)32-18-13(27)11(23)12(26)10(4-24)30-18/h5-18,24-28H,1-4,19-23H2/t5-,6+,7+,8-,9+,10+,11-,12+,13+,14-,15+,16-,17+,18+/m0/s1","NLVFBUXFDBBNBW-PBSUHMDJSA-N","InChI=1S/C18H37N5O9/c19-3-9-8(25)2-7(22)17(29-9)31-15-5(20)1-6(21)16(14(15)28)32-18-13(27)11(23)12(26)10(4-24)30-18/h5-18,24-28H,1-4,19-23H2","NLVFBUXFDBBNBW"
"1700_221.19_1.4",1700,221.185970488757,1.4022831,6.1686430095742e-05,0.000112581135299994,0.520684501162037,4.20981036242876,3.94853437610541,0.283425349460819,1.07337446088708,0.617733857840373,0.575506386960102,0.102153467166335,-0.694942688269629,-0.797096155435965,NA,NA,NA,NA,NA,NA,NA,NA,NA,NA,NA,NA,NA,NA,NA,NA
"1443_506.22_3.8",1443,506.221664031619,3.773493,0.000118093538186592,0.000128162090555994,0.988127017130132,3.92777386535586,3.89224041707189,0.00518722616827833,1.01091131568703,0.572559422108817,0.566379476838376,0.0156564393473054,-0.80450266624898,-0.820159105596285,"Carbohydrates","Nicotinic acid alkaloids","Pyridine alkaloids","methyl 2-[[3-[(2,4-difluorophenyl)carbamoylamino]-1-(1-methylpyrrole-2-carbonyl)pyrrolidine-2-carbonyl]amino]-3-methylbutanoate",NA,NA,"CC(C)C(C(=O)OC)NC(=O)C1C(CCN1C(=O)C2=CC=CN2C)NC(=O)NC3=C(C=C(C=C3)F)F",NA,NA,NA,NA,NA,NA,NA,"InChI=1S/C24H29F2N5O5/c1-13(2)19(23(34)36-4)29-21(32)20-17(9-11-31(20)22(33)18-6-5-10-30(18)3)28-24(35)27-16-8-7-14(25)12-15(16)26/h5-8,10,12-13,17,19-20H,9,11H2,1-4H3,(H,29,32)(H2,27,28,35)","ZLZLMHDIKVHHCG"
"667_928.6_10.8",667,928.599381296258,10.7796205263158,0.000163546411975024,0.000198008655642345,0.944158310333454,3.78635897936866,3.70331582481147,0.0249551799181688,1.02306744589962,0.603887916690778,0.590271852663398,0.0329012581403759,-0.727647288780105,-0.760548546920481,"Fatty acids","Glycerophospholipids","Glycerophosphoethanolamines","1-Deoxy-gla-27",NA,NA,"CCCCCCCCCCCCCC(=O)OC1C(COC(C1OP(=O)(O)O)CO)NC(=O)CC(CCCCCCCCCCC)OC(=O)CCCCCCCCCCCCC",NA,NA,NA,NA,NA,NA,NA,"InChI=1S/C48H92NO11P/c1-4-7-10-13-16-19-21-24-27-30-33-36-45(52)58-41(35-32-29-26-23-18-15-12-9-6-3)38-44(51)49-42-40-57-43(39-50)48(60-61(54,55)56)47(42)59-46(53)37-34-31-28-25-22-20-17-14-11-8-5-2/h41-43,47-48,50H,4-40H2,1-3H3,(H,49,51)(H2,54,55,56)","DAJVWAYAPWDUTO"
"2908_339.08_2.4",2908,339.084643893772,2.37989517777778,0.000220093838329993,0.000177728597219318,0.93276440558679,3.65739211563266,3.75024268690876,0.0302280350037879,0.971292288302644,0.556949333353548,0.573410640711283,-0.0420225876770483,-0.844382005821755,-0.802359418144707,NA,NA,NA,NA,NA,NA,NA,NA,NA,NA,NA,NA,NA,NA,NA,NA
"1800_933.56_10.8",1800,933.556257629394,10.78253025,0.000410320480913606,0.00032425985618445,0.932585567096388,3.38687680492982,3.48910681425247,0.0303113100684235,0.972552203305345,0.594669682272284,0.611452711999646,-0.0401524037310342,-0.749839569451327,-0.709687165720293,NA,NA,NA,NA,NA,NA,NA,NA,NA,NA,NA,NA,NA,NA,NA,NA
"2747_309.24_11.6",2747,309.242250141345,11.5596834210526,0.000464136252453451,0.000190722131796495,0.40009014490087,3.33335450866435,3.71959890758646,0.397842146116337,0.896740871933909,0.560757210250911,0.62532803823426,-0.157236940049092,-0.834551829194438,-0.677314889145346,"Fatty acids","Fatty acyls","Fatty alcohols","null",NA,NA,"CC(=O)OC(CCCCCCCCCCCC#C)CC(CO)O",NA,NA,NA,NA,NA,NA,NA,"InChI=1S/C19H34O4/c1-3-4-5-6-7-8-9-10-11-12-13-14-19(23-17(2)21)15-18(22)16-20/h1,18-20,22H,4-16H2,2H3","FHGZOCAZNHYWAL"
"424_333.17_3",424,333.166540848581,3.04495505263158,0.00180709854945649,0.00251898269206208,0.921211661883161,2.74301816270299,2.59877481653037,0.0356405728143549,1.04026738302053,0.629260172247996,0.604902338109331,0.0569543962298116,-0.668271461557333,-0.725225857787144,"Carbohydrates","Aminosugars and aminoglycosides","Aminosugars","null",NA,NA,"CC1CC(C2(C(O1)OC3C(C(C(C(C3O2)NC)O)NC)O)O)(O)O",NA,NA,NA,NA,NA,NA,NA,"InChI=1S/C14H26N2O8/c1-5-4-13(19,20)14(21)12(22-5)23-11-9(18)6(15-2)8(17)7(16-3)10(11)24-14/h5-12,15-21H,4H2,1-3H3","JEBSYFSDBYNEEU"
"4026_337.27_11.6",4026,337.273491599343,11.5981836818182,0.00208497974169097,0.00156758167651627,0.938335339471367,2.68089816040944,2.80476982163842,0.0276419270203117,0.966365777448368,0.60255503307739,0.623526874749643,-0.0493587304352042,-0.730835082055975,-0.681476351620771,"Fatty acids","Glycerolipids","Monoacylglycerols","Emalsy MU",NA,"CCCCCCCCCCCCc1oc(OC)c(CC)c(=O)c1C","CCCCCC=CCC=CCCCCCCCC(=O)OCC(CO)O",NA,NA,NA,NA,"JDVDGNAHTZMMBI","InChI=1S/C21H36O3/c1-5-7-8-9-10-11-12-13-14-15-16-19-17(3)20(22)18(6-2)21(23-4)24-19/h5-16H2,1-4H3","JDVDGNAHTZMMBI-UHFFFAOYSA-N","InChI=1S/C21H38O4/c1-2-3-4-5-6-7-8-9-10-11-12-13-14-15-16-17-21(24)25-19-20(23)18-22/h6-7,9-10,20,22-23H,2-5,8,11-19H2,1H3","WECGLUPZRHILCT"
"971_540.31_7",971,540.306570870536,7.01691666666667,0.00217171241196612,0.853490889267979,0.00351541244823483,2.66319768652591,0.0688011104739825,2.45402371374967,1.52825213585518,0.967216621540352,0.632890737626299,0.611882583386432,-0.0480890574883004,-0.659971640874733,"Fatty acids","Glycerophospholipids","Glycerophosphocholines","1-18:3-lysoPC",NA,NA,"CCC=CCC=CCC=CCCCCCCCC(=O)OCC(COP(=O)(O)OCC[N+](C)(C)C)O",NA,NA,NA,NA,NA,NA,NA,"InChI=1S/C26H48NO7P/c1-5-6-7-8-9-10-11-12-13-14-15-16-17-18-19-20-26(29)32-23-25(28)24-34-35(30,31)33-22-21-27(2,3)4/h6-7,9-10,12-13,25,28H,5,8,11,14-24H2,1-4H3/p+1","WKQNRCYKYCKESD"
"3271_297.29_8.7",3271,297.289811633882,8.74493753809524,0.00255197396380769,0.0648014941507272,0.0518000421292035,2.59312376076292,1.18841498033411,1.285669887041,1.30523927141849,0.819674347843324,0.627987807134035,0.384314300317749,-0.286877246213902,-0.671191546531651,NA,NA,NA,NA,NA,NA,NA,NA,NA,NA,NA,NA,NA,NA,NA,NA
"4088_752.52_11",4088,752.524695986793,10.965572047619,0.00287068285665859,0.00546652496131661,0.776785768938632,2.54201478424018,2.26228866447365,0.109698739495569,1.07019779027012,0.675170144931944,0.630883516178375,0.097877455197845,-0.566676983364335,-0.66455443856218,"Fatty acids","Glycerophospholipids","Glycerophosphoethanolamines","Phophatidylethanolamine(22:5n6/15:0)",NA,"CCCCC/C=C\CCC(=O)NCC(=O)NCC(=O)N[C@@H](CC(C)C)C(=O)NC(C)(C)C(=O)NCC(=O)N[C@H](C(=O)N[C@H](CO)CC(C)C)[C@@H](C)CC","CCCCCCCCCCCCCCC(=O)OC(COC(=O)CCC=CCC=CCC=CCC=CCC=CCCCCC)COP(=O)(O)OCCN",NA,NA,NA,NA,"BJULECFFERYMOK","InChI=1S/C38H69N7O8/c1-10-12-13-14-15-16-17-18-30(47)39-21-31(48)40-22-32(49)43-29(20-26(5)6)35(51)45-38(8,9)37(53)41-23-33(50)44-34(27(7)11-2)36(52)42-28(24-46)19-25(3)4/h15-16,25-29,34,46H,10-14,17-24H2,1-9H3,(H,39,47)(H,40,48)(H,41,53)(H,42,52)(H,43,49)(H,44,50)(H,45,51)/b16-15-/t27-,28-,29-,34-/m0/s1","BJULECFFERYMOK-GABKIWGSSA-N","InChI=1S/C42H74NO8P/c1-3-5-7-9-11-13-15-17-18-19-20-21-22-23-25-26-28-30-32-34-41(44)48-38-40(39-50-52(46,47)49-37-36-43)51-42(45)35-33-31-29-27-24-16-14-12-10-8-6-4-2/h11,13,17-18,20-21,23,25,28,30,40H,3-10,12,14-16,19,22,24,26-27,29,31-39,43H2,1-2H3,(H,46,47)","HLAHRUDFCZDVSH"
"966_511.52_9.2",966,511.520078386579,9.1987854047619,0.00418359754440589,0.271965700490502,0.0255062757181636,2.37845010058687,0.565485864447393,1.59335294998014,1.41168170134171,0.87833709013099,0.622192020549809,0.497414833891067,-0.187153368192527,-0.684568202083595,"Fatty acids","Sphingolipids","Ceramides",NA,NA,NA,NA,NA,NA,NA,NA,NA,NA,NA,NA,NA
"3480_404.19_3.6",3480,404.191435242653,3.603538135,0.00691692216154094,0.00584305088420201,0.984206788398723,2.16008711155617,2.23336033162026,0.00691364381937426,0.978159062624425,0.603539895674371,0.61701610580089,-0.0318590078282901,-0.728478954579513,-0.696619946751223,"Amino acids and Peptides","Amino acid glycosides","Cyanogenic glycosides","(5-acetamido-3,4-diacetyloxy-6-butoxyoxan-2-yl)methyl acetate",NA,NA,"CCCCOC1C(C(C(C(O1)COC(=O)C)OC(=O)C)OC(=O)C)NC(=O)C",NA,NA,NA,NA,NA,NA,NA,"InChI=1S/C18H29NO9/c1-6-7-8-24-18-15(19-10(2)20)17(27-13(5)23)16(26-12(4)22)14(28-18)9-25-11(3)21/h14-18H,6-9H2,1-5H3,(H,19,20)","NDHDOPGXUSBUJH"
"662_499.11_0.7",662,499.114695499139,0.652713445263158,0.00744652315491479,0.00699877262787563,0.997915437427374,2.12804645572018,2.15497811536827,0.000906258927708427,0.992708348687687,0.634579996055808,0.639241119402988,-0.0105581693842182,-0.656126051170342,-0.645567881786123,"Amino acids and Peptides","Small peptides","Tripeptides","gamma-Glu-cys disulfide",NA,NA,"C(CC(=O)NC(CSSCC(C(=O)O)NC(=O)CCC(C(=O)O)N)C(=O)O)C(C(=O)O)N",NA,NA,NA,NA,NA,NA,NA,"InChI=1S/C16H26N4O10S2/c17-7(13(23)24)1-3-11(21)19-9(15(27)28)5-31-32-6-10(16(29)30)20-12(22)4-2-8(18)14(25)26/h7-10H,1-6,17-18H2,(H,19,21)(H,20,22)(H,23,24)(H,25,26)(H,27,28)(H,29,30)","GOZJYXJJQVGDOJ"
"3187_615.5_11.2",3187,615.495396729443,11.22537728,0.00761992219498797,0.0412763292515277,0.349423017297639,2.11804946310396,1.3842989319402,0.456648490434638,1.21798734145646,0.724071378529858,0.594481858624261,0.284499139391295,-0.465796170541372,-0.750295309932667,"Fatty acids","Glycerolipids","Diacylglycerols","Diacylglycerol(18:2n6/18:3n3)",NA,NA,"CCCCCC=CCC=CCCCCCCCC(=O)OCC(CO)OC(=O)CCCCCCCC=CCC=CCC=CCC",NA,NA,NA,NA,"ZDBLXLQFRZTIIU","nan","nan","InChI=1S/C39H66O5/c1-3-5-7-9-11-13-15-17-19-21-23-25-27-29-31-33-38(41)43-36-37(35-40)44-39(42)34-32-30-28-26-24-22-20-18-16-14-12-10-8-6-4-2/h6,8,11-14,17-20,37,40H,3-5,7,9-10,15-16,21-36H2,1-2H3","PGXBELQFNRPKBC"
"2209_961.59_11.3",2209,961.585591634492,11.2977023809524,0.00792377067288219,0.0112659678229645,0.939667047710138,2.10106810215709,1.94823149349912,0.027026002737691,1.03862792343298,0.675462453135401,0.65034112591812,0.0546789178065383,-0.566052518054188,-0.620731435860726,NA,NA,NA,NA,NA,NA,NA,NA,NA,NA,NA,NA,NA,NA,NA,NA
"1728_559.52_8.9",1728,559.519170851935,8.86755798571429,0.00816506457548738,0.304917856786572,0.0516295413543124,2.0880403761855,0.515817141470013,1.28710173294573,1.41404802746821,0.864412530708357,0.611303515804941,0.499831121429852,-0.210208108923429,-0.710039230353281,"Fatty acids","Fatty amides","N-acyl amines","N,N''-Ethylenebis(palmitamide)",NA,NA,"CCCCCCCCCCCCCCCC(=O)NCCNC(=O)CCCCCCCCCCCCCCC",NA,NA,NA,NA,NA,NA,NA,"InChI=1S/C34H68N2O2/c1-3-5-7-9-11-13-15-17-19-21-23-25-27-29-33(37)35-31-32-36-34(38)30-28-26-24-22-20-18-16-14-12-10-8-6-4-2/h3-32H2,1-2H3,(H,35,37)(H,36,38)","UAXZKOFYXXDTFH"
"871_455.12_0.6",871,455.116448836677,0.607910583636364,0.00962624022487146,0.0117981919724857,0.97986101115763,2.01654330461229,1.92818454155279,0.00883552264233098,1.02214057519017,0.672806563852319,0.658232908645799,0.0315936240475948,-0.571736314396866,-0.603329938444461,NA,NA,NA,NA,NA,"O=P(O)(O)OC[C@H]1O[C@H](O[C@H]2O[C@H](CO)[C@H](O)[C@H](O)[C@H]2O)[C@H](O)[C@@H](O)[C@H]1O",NA,NA,NA,NA,NA,"LABSPYBHMPDTEL","InChI=1S/C12H23O14P/c13-1-3-5(14)7(16)9(18)11(24-3)26-12-10(19)8(17)6(15)4(25-12)2-23-27(20,21)22/h3-19H,1-2H2,(H2,20,21,22)/t3-,4-,5+,6+,7+,8+,9-,10-,11-,12-/m1/s1","LABSPYBHMPDTEL-WSWWMNSNSA-N",NA,NA
"2768_160.11_0.8",2768,160.108093625023,0.846332502857143,0.0112033728108856,0.0272444628997005,0.719337291213912,1.95065121191521,1.56472174940405,0.143067424825551,1.10649015663986,0.698120466950064,0.63093237907338,0.145990616950018,-0.518452086997616,-0.664442703947633,"Amino acids and Peptides","Small peptides","Aminoacids","Methyl 4-(diaminomethylideneamino)butanoate",NA,"N#CC[C@H](N)C(=O)O","COC(=O)CCCN=C(N)N",NA,NA,NA,NA,"BXRLWGXPSRYJDZ","InChI=1S/C4H6N2O2/c5-2-1-3(6)4(7)8/h3H,1,6H2,(H,7,8)/t3-/m0/s1","BXRLWGXPSRYJDZ-VKHMYHEASA-N","InChI=1S/C6H13N3O2/c1-11-5(10)3-2-4-9-6(7)8/h2-4H2,1H3,(H4,7,8,9)","ITPJUJKUKRFQHQ"
"3189_203_1.5",3189,203.003615529914,1.48910348421053,0.0122994740780962,0.0129606097651647,0.998702122396271,1.91011345846824,1.88737456548574,0.000564027179833863,1.00682810701602,0.628373152283501,0.624111651139574,0.00981739702533656,-0.670306553171374,-0.680123950196711,"Alkaloids","Nicotinic acid alkaloids","Pyridine alkaloids","3-Borono-4-chlorobenzonitrile",NA,NA,"B(C1=C(C=CC(=C1)C#N)Cl)(O)O",NA,NA,NA,NA,NA,NA,NA,"InChI=1S/C7H5BClNO2/c9-7-2-1-5(4-10)3-6(7)8(11)12/h1-3,11-12H","YNZXUVCJPQNYHR"
"3093_771.5_11.3",3093,771.501468056127,11.292382,0.0175916126088869,0.00372127838189107,0.345443835886711,1.75469434729411,2.42930784000349,0.461622552478631,0.869347999235831,0.649254058413223,0.746828725647183,-0.201994292678625,-0.623144967832996,-0.42115067515437,NA,NA,NA,NA,NA,NA,NA,NA,NA,NA,NA,NA,NA,NA,NA,NA
"3062_462.19_1.4",3062,462.185778449761,1.44682327058824,0.0177783426196798,0.0209979893637601,0.98814952588344,1.75010872844328,1.67782228860081,0.00517733339553776,1.02256583052731,0.637139013944912,0.623078725030695,0.0321937236737636,-0.650319914166592,-0.682513637840356,"Carbohydrates","Nucleosides","Pyrimidine nucleos(t)ides",NA,NA,NA,NA,NA,NA,NA,NA,NA,NA,NA,NA,NA
"2724_280.24_8.9",2724,280.238276163737,8.89766531904762,0.0196776534295086,0.99111122182496,0.0170523250111647,1.70602669266167,0.00387760654955826,1.76821639844983,1.60890353832367,1.01224847880646,0.629154237463561,0.686077831994364,0.0175634749530911,-0.668514357041273,"Fatty acids","Fatty amides","N-acyl amines","null",NA,NA,"CCN(CC)C(=O)C1CCCC(CN(C(=O)C1)C)N(C)C",NA,NA,NA,NA,NA,NA,NA,"InChI=1S/C16H31N3O2/c1-6-19(7-2)16(21)13-9-8-10-14(17(3)4)12-18(5)15(20)11-13/h13-14H,6-12H2,1-5H3","CHCJTBXQULVUSG"
"3519_547.52_8.9",3519,547.519417898996,8.92009234285714,0.0200663121814822,0.105468544565315,0.414889200671516,1.69753243550433,0.976877047083405,0.382067869460756,1.21987743990102,0.75363772782728,0.617797905901456,0.286736208666004,-0.408056905431763,-0.694793114097767,"Fatty acids","Fatty acyls","Fatty alcohols","null",NA,NA,"CCC(C)CCCCCCCCCCCCCCCCCCCCCCCCCCCCCCCO",NA,NA,NA,NA,NA,NA,NA,"InChI=1S/C35H72O/c1-3-35(2)33-31-29-27-25-23-21-19-17-15-13-11-9-7-5-4-6-8-10-12-14-16-18-20-22-24-26-28-30-32-34-36/h35-36H,3-34H2,1-2H3","APQSXIZZFXCLEE"
"1558_365.11_2",1558,365.105476075079,2.036707072,0.0204471606340119,0.0124797712580633,0.897999496775199,1.6893669911576,1.90379337477149,0.0467239067044276,0.947274330523478,0.652394889966683,0.688707451416065,-0.0781458043869261,-0.616182613034679,-0.538036808647753,"Carbohydrates","Saccharides","Disaccharides","Nigerose",NA,NA,"C(C1C(C(C(C(O1)O)O)OC2C(C(C(C(O2)CO)O)O)O)O)O",NA,NA,NA,NA,NA,NA,NA,"InChI=1S/C12H22O11/c13-1-3-5(15)7(17)8(18)12(22-3)23-10-6(16)4(2-14)21-11(20)9(10)19/h3-20H,1-2H2","QIGJYVCQYDKYDW"
"970_752.52_10.8",970,752.522324335007,10.841291,0.0231895982011168,0.142659513050318,0.366109115466336,1.63470677618088,0.845699262720501,0.43638945782307,1.20825203933525,0.792660979674039,0.656039430407367,0.272921429805054,-0.335224136300531,-0.608145566105585,"Fatty acids","Glycerophospholipids","Glycerophosphoethanolamines","Phophatidylethanolamine(22:5n3/15:0)",NA,NA,"CCCCCCCCCCCCCCC(=O)OC(COC(=O)CCCCCC=CCC=CCC=CCC=CCC=CCC)COP(=O)(O)OCCN",NA,NA,NA,NA,NA,NA,NA,"InChI=1S/C42H74NO8P/c1-3-5-7-9-11-13-15-17-18-19-20-21-22-23-25-26-28-30-32-34-41(44)48-38-40(39-50-52(46,47)49-37-36-43)51-42(45)35-33-31-29-27-24-16-14-12-10-8-6-4-2/h5,7,11,13,17-18,20-21,23,25,40H,3-4,6,8-10,12,14-16,19,22,24,26-39,43H2,1-2H3,(H,46,47)","RUFNKRIJONNSBR"
"1807_779.2_2.5",1807,779.200696159812,2.45869775294118,0.0260337597142185,0.0314679132893233,0.985807533264976,1.58446310790961,1.50213205521132,0.00620786741185956,1.02517163577465,0.655470674174241,0.639376521258264,0.0358654681224063,-0.609396859321821,-0.645262327444227,NA,NA,NA,NA,NA,NA,NA,NA,NA,NA,NA,NA,NA,NA,NA,NA
"313_535.52_8.9",313,535.519555954706,8.92581877142857,0.0271832938289507,0.302534142652266,0.208317964495783,1.56569792048553,0.519225605709904,0.681273276643815,1.23654200109596,0.861020876759103,0.696313490359383,0.306311243968645,-0.215879876508347,-0.522191120476992,"Fatty acids","Fatty amides","N-acyl amines","Amides, C16-18 and C18-unsatd, N,N''-ethylenebis-",NA,NA,"CCCCCCCCCCCCCCCC(=O)NC=CNC(=O)CCCCCCCCCCCCCCC",NA,NA,NA,NA,NA,NA,NA,"InChI=1S/C34H66N2O2/c1-3-5-7-9-11-13-15-17-19-21-23-25-27-29-33(37)35-31-32-36-34(38)30-28-26-24-22-20-18-16-14-12-10-8-6-4-2/h31-32H,3-30H2,1-2H3,(H,35,37)(H,36,38)","YWBKZXIRMRFEJL"
"467_498.26_7",467,498.259181213379,6.98634092,0.0301680764337557,0.0423068113159982,0.00131545797084265,1.52045238027373,1.37358970641186,2.88092302315616,1.80157814138022,1.27079442111645,0.705378463430331,0.849261228360229,0.345730661637684,-0.503530566722545,"Fatty acids","Glycerophospholipids","Glycerophosphoethanolamines","1-18:3-lysoPE",NA,"CCCCCCC[C@@H](C/C=C/CCC(=O)NC/C(=C/Cl)[C@]12O[C@H]1[C@@H](OC(C)=O)CCC2=O)OC","CCC=CCC=CCC=CCCCCCCCC(=O)OCC(COP(=O)(O)OCCN)O",NA,NA,NA,NA,"UADSYHULFVDMCJ","InChI=1S/C26H40ClNO6/c1-4-5-6-7-9-12-21(32-3)13-10-8-11-14-24(31)28-18-20(17-27)26-23(30)16-15-22(25(26)34-26)33-19(2)29/h8,10,17,21-22,25H,4-7,9,11-16,18H2,1-3H3,(H,28,31)/b10-8+,20-17-/t21-,22-,25-,26+/m0/s1","UADSYHULFVDMCJ-HFNSIDMNSA-N","InChI=1S/C23H42NO7P/c1-2-3-4-5-6-7-8-9-10-11-12-13-14-15-16-17-23(26)29-20-22(25)21-31-32(27,28)30-19-18-24/h3-4,6-7,9-10,22,25H,2,5,8,11-21,24H2,1H3,(H,27,28)","NTBBASCGALPTDC"
"1483_268.23_6.4",1483,268.22689514184,6.402886116,0.0312782872756683,0.705908041768701,0.0857480705752298,1.50475703589004,0.151251870553844,1.06677564327304,0.718545519390728,1.13851550694169,1.58447234895719,-0.47684854151842,0.187153941571607,0.664002483090027,NA,NA,NA,NA,NA,NA,NA,NA,NA,NA,NA,"MZBGOCMCPKJJHA","nan","nan",NA,NA
"2143_268.08_2.2",2143,268.081459808575,2.172620005,0.0316602170083867,0.0266224418899274,0.988151563136777,1.49948611268207,1.57475211224664,0.0051764380179179,0.980228896933669,0.670058952637384,0.683573963931739,-0.0288094171782589,-0.577640063591492,-0.548830646413233,"Amino acids and Peptides","Small peptides","Dipeptides","Salicylglutamic acid",NA,"O=C(O)CC[C@@H](NC(=O)c1ccc(O)cc1)C(=O)O","C1=CC=C(C(=C1)C(=O)NC(CCC(=O)O)C(=O)O)O",NA,NA,NA,NA,"BCQYMCKNCJYKFA","InChI=1S/C12H13NO6/c14-8-3-1-7(2-4-8)11(17)13-9(12(18)19)5-6-10(15)16/h1-4,9,14H,5-6H2,(H,13,17)(H,15,16)(H,18,19)/t9-/m1/s1","BCQYMCKNCJYKFA-SECBINFHSA-N","InChI=1S/C12H13NO6/c14-9-4-2-1-3-7(9)11(17)13-8(12(18)19)5-6-10(15)16/h1-4,8,14H,5-6H2,(H,13,17)(H,15,16)(H,18,19)","SLCAFYIDOSJSMB"
"639_795.5_11.1",639,795.499582391036,11.1083311578947,0.0319384004995138,0.0607103318664168,0.861361679558299,1.49568683746582,1.21673739309708,0.0648144531289839,1.08151756586781,0.706004671103543,0.65279075752879,0.113057097555631,-0.502250366127983,-0.615307463683613,"Polyketides","Macrolides","Polyene macrolides","null",NA,NA,"C#CC(C=CC(CCCCC(CC#CC(C#CCCC(C=CCCCCCCCCCCCC(=O)CCCCCCCC(C(C(C#CC(=O)O)O)O)O)O)O)O)O)O",NA,NA,NA,NA,NA,NA,NA,"InChI=1S/C47H72O11/c1-2-38(48)34-35-43(53)30-22-21-29-42(52)32-23-31-41(51)28-20-19-27-40(50)26-16-12-9-7-5-3-4-6-8-11-15-24-39(49)25-17-13-10-14-18-33-44(54)47(58)45(55)36-37-46(56)57/h1,16,26,34-35,38,40-45,47-48,50-55,58H,3-15,17-19,21-22,24-25,27,29-30,32-33H2,(H,56,57)","YINBTZARCUUZAE"
"526_246.15_5.1",526,246.151472183073,5.14256911428572,0.0333105907099587,0.0241473684202498,0.959777573936976,1.47741766572369,1.61713019173804,0.0178294019647636,0.960612375193691,0.644920295729063,0.671363717960666,-0.0579737005161092,-0.632807222819286,-0.574833522303177,"Amino acids and Peptides","Fatty Acids and Conjugates","Amino fatty acids","null",NA,"CN1[C@@H]2CC[C@H]1C[C@H](OC(=O)c1ccccc1)C2","CC(=O)NCCCCCCCCCS(=O)(=O)C",NA,NA,NA,NA,"XQJMXPAEFMWDOZ","InChI=1S/C15H19NO2/c1-16-12-7-8-13(16)10-14(9-12)18-15(17)11-5-3-2-4-6-11/h2-6,12-14H,7-10H2,1H3/t12-,13+,14-","XQJMXPAEFMWDOZ-BTTYYORXSA-N","InChI=1S/C12H25NO3S/c1-12(14)13-10-8-6-4-3-5-7-9-11-17(2,15)16/h3-11H2,1-2H3,(H,13,14)","IPZVVWAJUDWCPP"
"1216_768.56_11.6",1216,768.56162109375,11.56288375,0.0347475549423291,0.0111346640645613,0.59977709608846,1.45907574970448,1.95332288119915,0.222010122825106,0.893775286899193,0.659415218442453,0.737786363203425,-0.162015940466465,-0.600740911976571,-0.438724971510106,"Fatty acids","Glycerolipids","Glycosyldiacylglycerols","null",NA,NA,"CCCCCCCCCCCCCCC=CC(C(=O)NC(COC1C(C(C(C(O1)CO)O)O)O)C(C=CCCC(=O)C(=C)CCCCCCCCC)O)O",NA,NA,NA,NA,"VSXIALWYRJBSSV","nan","nan","InChI=1S/C43H77NO10/c1-4-6-8-10-12-13-14-15-16-17-18-20-22-24-30-37(48)42(52)44-34(32-53-43-41(51)40(50)39(49)38(31-45)54-43)36(47)29-26-25-28-35(46)33(3)27-23-21-19-11-9-7-5-2/h24,26,29-30,34,36-41,43,45,47-51H,3-23,25,27-28,31-32H2,1-2H3,(H,44,52)","MFDPZDJWPLVIDT"
"2442_323.11_2.4",2442,323.110188802883,2.37910469523809,0.0387308172583856,0.0339368882530712,0.993355653545692,1.41194333887598,1.46932798159629,0.00289523215063203,0.981591464240212,0.633942034516849,0.64583083452905,-0.0268053912735229,-0.657577163573515,-0.630771772299992,NA,NA,NA,NA,NA,NA,NA,NA,NA,NA,NA,NA,NA,NA,NA,NA
"1769_299.31_9.4",1769,299.306549798875,9.36269114761905,0.0387422099091813,0.998672703084726,0.0411140849295502,1.41181561015306,0.000576820617002753,1.38600937132892,1.40274287018332,0.995653387858929,0.70979037500209,0.488250579942334,-0.00628450384696205,-0.494535083789296,"Fatty acids","Sphingolipids","Sphingoid bases",NA,NA,NA,NA,NA,NA,NA,NA,NA,NA,NA,NA,NA
"1407_507.49_8.5",1407,507.489935012091,8.46660594761905,0.0399903057889884,0.760949722149599,0.0981929137298811,1.39804527498719,0.118644037203586,1.00791985273296,1.35194465842646,0.930971982253891,0.688616931507729,0.435036096407211,-0.103190344580846,-0.538226440988057,"Terpenoids","Triterpenoids","Malabaricane triterpenoids","null",NA,NA,"CC1CCC2C(C1)CCC3C2(CCC4C3(CCC5C4(CCC6C5(CCC7C6CCCC7(C)C)C)C)C)C",NA,NA,NA,NA,NA,NA,NA,"InChI=1S/C37H62/c1-24-10-12-27-25(23-24)11-13-30-34(27,4)21-16-32-36(6)20-15-29-26-9-8-18-33(2,3)28(26)14-19-35(29,5)31(36)17-22-37(30,32)7/h24-32H,8-23H2,1-7H3","XUSROHUAERWJQV"
"1541_511.18_3.8",1541,511.178599639946,3.79514082352941,0.0457973719096139,0.0373117676381362,0.984450759370664,1.33915944334768,1.42815417585051,0.00680600168779006,0.967101237809414,0.599992305618144,0.620402789450657,-0.0482611734989308,-0.736984095362414,-0.688722921863483,NA,NA,NA,NA,NA,NA,NA,NA,NA,NA,NA,NA,NA,NA,NA,NA
"744_309.24_11.2",744,309.242391968021,11.17729185,0.0476253347825836,0.00974027562008795,0.401498619382198,1.32216195842986,2.01142875373846,0.396315943774401,0.865941502307227,0.666640545381434,0.769844780051801,-0.207658526265367,-0.585019029401616,-0.377360503136248,"Terpenoids","Steroids","Androstane steroids","6alpha-Triol",NA,NA,"CC12CCC3C(C1CCC2O)CC(C4C3(CCC(C4)O)C)O",NA,NA,NA,NA,NA,NA,NA,"InChI=1S/C19H32O3/c1-18-7-5-11(20)9-15(18)16(21)10-12-13-3-4-17(22)19(13,2)8-6-14(12)18/h11-17,20-22H,3-10H2,1-2H3","OFAZPSYXUKIJIK"
"3088_583.41_9.4",3088,583.414500845725,9.43875291363636,0.0482321162264763,0.0590131463963626,0.985469110544679,1.31666368260811,1.22905122952047,0.00635698409914044,1.02483944474096,0.696405449442465,0.679526391198271,0.0353979093216921,-0.522000602620835,-0.557398511942527,"Terpenoids","Carotenoids (C40)","Carotenoids (C40, β-β)","Violaxanthin",NA,NA,"CC(=CC=CC=C(C)C=CC=C(C)C=CC12C(CC(CC1(O2)C)O)(C)C)C=CC=C(C)C=CC34C(CC(CC3(O4)C)O)(C)C",NA,NA,NA,NA,NA,NA,NA,"InChI=1S/C40H56O4/c1-29(17-13-19-31(3)21-23-39-35(5,6)25-33(41)27-37(39,9)43-39)15-11-12-16-30(2)18-14-20-32(4)22-24-40-36(7,8)26-34(42)28-38(40,10)44-40/h11-24,33-34,41-42H,25-28H2,1-10H3","SZCBXWMUOPQSOX"
"2517_300.13_0.6",2517,300.128662109375,0.64529446047619,0.0485769764046147,0.0447742146041393,0.997562903027826,1.31356952064775,1.34897202348183,0.00105970959955348,0.988563487925383,0.645534699827752,0.653002773936637,-0.0165944726113227,-0.631433447187729,-0.614838974576406,"Carbohydrates","Nucleosides","Purine nucleos(t)ides","7-Methyl-2''-deoxyguanosine imidazole (ring open)",NA,NA,"CN(C=O)C1=C(N=C(NC1=O)N)NC2CC(C(O2)CO)O",NA,NA,NA,NA,NA,NA,NA,"InChI=1S/C11H17N5O5/c1-16(4-18)8-9(14-11(12)15-10(8)20)13-7-2-5(19)6(3-17)21-7/h4-7,17,19H,2-3H2,1H3,(H4,12,13,14,15,20)","RLBJYWQLKDLJEV"
"3375_828.54_9.7",3375,828.538775357333,9.72127615909091,0.0495681377787166,0.0541306420516142,0.997199011851406,1.30479739676197,1.2665568216468,0.00121816052094608,1.01201333918908,0.666746024068314,0.658831260665566,0.0172283060945865,-0.584790778146826,-0.602019084241412,"Fatty acids","Glycerophospholipids","Oxidized glycerophospholipids","null",NA,NA,"CCCCCCCCCCCCCCCCCC(=O)OCC(COP(=O)(O)OCC(C(=O)O)N)OC(=O)CCCCCCCC1C(O1)CCCCCCCC",NA,NA,NA,NA,NA,NA,NA,"InChI=1S/C42H80NO11P/c1-3-5-7-9-11-12-13-14-15-16-17-18-19-23-27-31-40(44)50-33-36(34-51-55(48,49)52-35-37(43)42(46)47)53-41(45)32-28-24-20-22-26-30-39-38(54-39)29-25-21-10-8-6-4-2/h36-39H,3-35,43H2,1-2H3,(H,46,47)(H,48,49)","FWUHPCJHRCUGCZ"
"3979_404.19_3.8",3979,404.191788617302,3.77633785882353,0.0517012366325078,0.029850804442801,0.894248766283434,1.28649906897083,1.52504396066989,0.0485416503365736,0.921247393552104,0.603377064558933,0.654956604254216,-0.118339462432462,-0.728868236778556,-0.610528774346093,"Polyketides","Linear polyketides","Open-chain polyketides","(5-acetamido-3,4-diacetyloxy-6-butoxyoxan-2-yl)methyl acetate",NA,NA,"CCCCOC1C(C(C(C(O1)COC(=O)C)OC(=O)C)OC(=O)C)NC(=O)C",NA,NA,NA,NA,NA,NA,NA,"InChI=1S/C18H29NO9/c1-6-7-8-24-18-15(19-10(2)20)17(27-13(5)23)16(26-12(4)22)14(28-18)9-25-11(3)21/h14-18H,6-9H2,1-5H3,(H,19,20)","NDHDOPGXUSBUJH"
"1309_615.5_11.6",1309,615.497264405994,11.60301968,0.0561604133722872,0.0308372804100737,0.876768333031517,1.25056970421439,1.51092393006914,0.0571151443501582,0.939969698372378,0.690415515868445,0.734508268792012,-0.0893138452380726,-0.534463207985021,-0.445149362746949,"Fatty acids","Glycerolipids","Diacylglycerols","Diacylglycerol(16:0/18:2)",NA,NA,"CCCCCCCCCCCCCCCC(=O)OCC(CO)OC(=O)CCCCCCCC=CCC=CCCCCC",NA,NA,NA,NA,"ZDBLXLQFRZTIIU","nan","nan","InChI=1S/C37H68O5/c1-3-5-7-9-11-13-15-17-18-20-22-24-26-28-30-32-37(40)42-35(33-38)34-41-36(39)31-29-27-25-23-21-19-16-14-12-10-8-6-4-2/h11,13,17-18,35,38H,3-10,12,14-16,19-34H2,1-2H3","SVXWJFFKLMLOHO"
"1504_476.28_7.8",1504,476.275147210984,7.83114870952381,0.0603351908391956,0.412197980161726,0.0122301924980677,1.21942930926272,0.384894140666379,1.91256670729809,1.69466638756783,1.15077173971098,0.679055032986495,0.761001292020689,0.202601697375585,-0.558399594645104,"Fatty acids","Glycerophospholipids","Glycerophosphoethanolamines","1-16:0-lysoPE",NA,NA,"CCCCCCCCCCCCCCCC(=O)OCC(COP(=O)(O)OCCN)O",NA,NA,NA,NA,NA,NA,NA,"InChI=1S/C21H44NO7P/c1-2-3-4-5-6-7-8-9-10-11-12-13-14-15-21(24)27-18-20(23)19-29-30(25,26)28-17-16-22/h20,23H,2-19,22H2,1H3,(H,25,26)","YVYMBNSKXOXSKW"
"1198_587.47_11.2",1198,587.46746673584,11.18003115,0.0625480970709558,0.0120215852845938,0.391885367955022,1.20378589850701,1.92003825821061,0.406840951717163,0.867555331035857,0.68296110598189,0.787224839211624,-0.204972321904919,-0.550124674212095,-0.345152352307176,"Fatty acids","Glycerolipids","Diacylglycerols","Diacylglycerol(18:2/14:0)",NA,NA,"CCCCCCCCCCCCCC(=O)OC(CO)COC(=O)CCCCCCCC=CCC=CCCCCC",NA,NA,NA,NA,"RFTWGTNWFRSBHI","nan","nan","InChI=1S/C35H64O5/c1-3-5-7-9-11-13-15-16-17-18-20-21-23-25-27-29-34(37)39-32-33(31-36)40-35(38)30-28-26-24-22-19-14-12-10-8-6-4-2/h11,13,16-17,33,36H,3-10,12,14-15,18-32H2,1-2H3","AMBUOMWGQGABQI"
"1652_416.26_3.5",1652,416.264092407227,3.476815656,0.0648334118163352,0.0488111811588211,0.971689818622547,1.1882011233297,1.31148068292837,0.0124723477890566,0.969622483804328,0.702829690173905,0.724848796220506,-0.0445049421811593,-0.50875295738013,-0.464248015198971,"Fatty acids","Linear polyketides","Open-chain polyketides","null",NA,"CC1=C(C=CC(C)OC2OC(CO)C(O)C(O)C2O)C(C)(C)CCC1=O","CC1C(OC(CC1=C)(CC(=O)NCC2CC(C(C(O2)CC(CO)O)(C)C)O)O)C",NA,NA,NA,NA,"PPPBOWXAOKXHBI","InChI=1S/C19H30O7/c1-10(5-6-12-11(2)13(21)7-8-19(12,3)4)25-18-17(24)16(23)15(22)14(9-20)26-18/h5-6,10,14-18,20,22-24H,7-9H2,1-4H3","PPPBOWXAOKXHBI-UHFFFAOYSA-N","InChI=1S/C21H37NO7/c1-12-8-21(27,29-14(3)13(12)2)9-19(26)22-10-16-7-17(25)20(4,5)18(28-16)6-15(24)11-23/h13-18,23-25,27H,1,6-11H2,2-5H3,(H,22,26)","YWJZKKGHAWXBLL"
"4403_360.15_1.7",4403,360.149897460937,1.712185176,0.065117097675178,0.0235335740265433,0.691863438707517,1.18630496456456,1.62831211183223,0.159979618937065,0.891244812057872,0.65149128230066,0.730990266071087,-0.166106321244064,-0.618182220876381,-0.452075899632317,NA,NA,NA,NA,"C([C@@H]1[C@H]([C@@H]([C@H]([C@H](O1)O[C@@]2(CO)[C@H]([C@@H]([C@@H](CO)O2)O)O)O)O)O)O","OC[C@H]1O[C@@H](O[C@H]2C(O)O[C@H](CO)[C@@H](O)[C@@H]2O)[C@H](O)[C@@H](O)[C@@H]1O|OC[C@H]1O[C@H](O[C@H]2O[C@H](CO)[C@@H](O)[C@H](O)[C@H]2O)[C@H](O)[C@@H](O)[C@@H]1O|OC[C@H]1O[C@H](OC[C@@H]2O[C@@H](O)[C@@H](O)[C@@H](O)[C@H]2O)[C@H](O)[C@@H](O)[C@@H]1O|OC[C@@H]1O[C@@H](O)[C@H](O)[C@@H](O)[C@H]1O[C@H]1O[C@H](CO)[C@H](O)[C@H](O)[C@H]1O|OC[C@H]1O[C@@](CO)(O[C@H]2O[C@H](CO)[C@@H](O)[C@H](O)[C@H]2O)[C@@H](O)[C@@H]1O",NA,"\"\"InChI=1S/C12H22O11/c13-1-4-6(16)8(18)9(19)11(21-4)23-12(3-15)10(20)7(17)5(2-14)22-12/h4-11,13-20H,1-3H2/t4-,5-,6-,7-,8+,9-,10+,11-,12+/m1/s1\"\"",NA,"CZMRCDWAGMRECN-UGDNZRGBSA-N","CZMRCDWAGMRECN","HIWPGCMGAMJNRG|HDTRYLNUVZCQOY|DLRVVLDZNNYCBX|GUBGYTABKSRVRQ|CZMRCDWAGMRECN","InChI=1S/C12H22O11/c13-1-3-6(16)8(18)10(11(20)21-3)23-12-9(19)7(17)5(15)4(2-14)22-12/h3-20H,1-2H2/t3-,4-,5-,6-,7+,8+,9-,10-,11?,12+/m1/s1|InChI=1S/C12H22O11/c13-1-3-5(15)7(17)9(19)11(21-3)23-12-10(20)8(18)6(16)4(2-14)22-12/h3-20H,1-2H2/t3-,4-,5-,6-,7+,8+,9-,10-,11-,12-/m1/s1|InChI=1S/C12H22O11/c13-1-3-5(14)8(17)10(19)12(23-3)21-2-4-6(15)7(16)9(18)11(20)22-4/h3-20H,1-2H2/t3-,4+,5-,6+,7+,8+,9+,10-,11-,12+/m1/s1|InChI=1S/C12H22O11/c13-1-3-5(15)6(16)9(19)12(22-3)23-10-4(2-14)21-11(20)8(18)7(10)17/h3-20H,1-2H2/t3-,4+,5+,6+,7-,8-,9-,10+,11-,12-/m1/s1|InChI=1S/C12H22O11/c13-1-4-6(16)8(18)9(19)11(21-4)23-12(3-15)10(20)7(17)5(2-14)22-12/h4-11,13-20H,1-3H2/t4-,5-,6-,7-,8+,9-,10+,11-,12+/m1/s1","HIWPGCMGAMJNRG-RTPHMHGBSA-N|HDTRYLNUVZCQOY-LIZSDCNHSA-N|DLRVVLDZNNYCBX-LDGFZSKTSA-N|GUBGYTABKSRVRQ-YOLKTULGSA-N|CZMRCDWAGMRECN-UGDNZRGBSA-N",NA,NA
"2021_381.08_1.6",2021,381.079211426392,1.568400608,0.0722822269100608,0.0274511068528581,0.71973672525443,1.14096847592498,1.56144013972401,0.142826336456015,0.901196741264299,0.670175020298015,0.743650070635873,-0.15008599810312,-0.577390181492994,-0.427304183389873,"Carbohydrates","Saccharides","Disaccharides","Sugar-d6",NA,NA,"C(C1C(C(C(C(O1)OC2(C(C(C(O2)CO)O)O)CO)O)O)O)O",NA,NA,NA,NA,NA,NA,NA,"InChI=1S/C12H22O11/c13-1-4-6(16)8(18)9(19)11(21-4)23-12(3-15)10(20)7(17)5(2-14)22-12/h4-11,13-20H,1-3H2","CZMRCDWAGMRECN"
"255_365.11_1",255,365.105423583984,0.9926437988,0.0811729554968003,0.0456142646187183,0.890766727362591,1.09058864113916,1.34089932232616,0.0502360134528826,0.932960342402407,0.671957159769593,0.7202419322983,-0.100112337535265,-0.573558837118594,-0.47344649958333,NA,NA,NA,NA,NA,"COc1cc(O)c2c(c1)O[C@H](c1ccc(O)cc1)CC2=O",NA,NA,NA,NA,NA,"DJOJDHGQRNZXQQ","InChI=1S/C16H14O5/c1-20-11-6-12(18)16-13(19)8-14(21-15(16)7-11)9-2-4-10(17)5-3-9/h2-7,14,17-18H,8H2,1H3/t14-/m0/s1","DJOJDHGQRNZXQQ-AWEZNQCLSA-N",NA,NA
"1617_522.28_7.6",1617,522.282962618739,7.57163706666667,0.0913937804841185,0.596101845115396,0.0264089973156105,1.03908335780373,0.224679533895745,1.57824808756869,1.64340030175888,1.12382802778093,0.683843143133256,0.716683936782769,0.168421286048614,-0.548262650734155,"Fatty acids","Fatty amides","N-acyl amines","[(Z,2S,3S,4R)-2-acetamido-3,4-diacetyloxyoctadec-9-enyl] acetate",NA,NA,"CCCCCCCCC=CCCCCC(C(C(COC(=O)C)NC(=O)C)OC(=O)C)OC(=O)C",NA,NA,NA,NA,NA,NA,NA,"InChI=1S/C26H45NO7/c1-6-7-8-9-10-11-12-13-14-15-16-17-18-25(33-22(4)30)26(34-23(5)31)24(27-20(2)28)19-32-21(3)29/h13-14,24-26H,6-12,15-19H2,1-5H3,(H,27,28)","XWEOAXMZNJVODZ"
"1186_409.27_8.5",1186,409.27275808234,8.54451124210526,0.092909554850218,0.0454324539882596,0.839241897408958,1.03193962071741,1.34263380457264,0.0761128430231321,0.914538916560102,0.660648193119876,0.722383904235375,-0.128883532312298,-0.598045879367743,-0.469162347055446,NA,NA,NA,NA,NA,"CC1(C)C(=O)[C@@H]([C@H](O)c2ccccc2)C[C@]2(C)[C@@H]1CC[C@@]13C=C[C@@H](C[C@H]12)[C@@](C)(O)C3",NA,NA,NA,NA,NA,"RLGBUTVIBWFTRW","InChI=1S/C27H36O3/c1-24(2)20-11-13-27-12-10-18(26(4,30)16-27)14-21(27)25(20,3)15-19(23(24)29)22(28)17-8-6-5-7-9-17/h5-10,12,18-22,28,30H,11,13-16H2,1-4H3/t18-,19+,20+,21-,22+,25+,26-,27+/m0/s1","RLGBUTVIBWFTRW-IIEYBPOLSA-N",NA,NA
"1823_196.06_1.8",1823,196.060362974803,1.79762235833333,0.0963148079199774,0.77649963125254,0.0406368679855228,1.01630693713775,0.109858746174992,1.39107977191069,1.53470661971887,1.08049055447185,0.704037202022219,0.617962890950557,0.1116864603731,-0.506276430577457,"Amino acids and Peptides","Small peptides","Aminoacids","Salicylurate",NA,"O=C(O)c1cc(O)ccc1O|O=C(O)c1cccc(O)c1O|O=C(O)c1ccc(O)c(O)c1|O=c1ccc2cc(O)c(O)cc2o1","C1=CC=C(C(=C1)C(=O)NCC(=O)O)O",NA,NA,NA,NA,"WXTMDXOMEHJXQO|GLDQAMYCGOIJDV|YQUVCSBJEUQKSH|ILEDWLMCKZNDJK","InChI=1S/C7H6O4/c8-4-1-2-6(9)5(3-4)7(10)11/h1-3,8-9H,(H,10,11)|InChI=1S/C7H6O4/c8-5-3-1-2-4(6(5)9)7(10)11/h1-3,8-9H,(H,10,11)|InChI=1S/C7H6O4/c8-5-2-1-4(7(10)11)3-6(5)9/h1-3,8-9H,(H,10,11)|InChI=1S/C9H6O4/c10-6-3-5-1-2-9(12)13-8(5)4-7(6)11/h1-4,10-11H","WXTMDXOMEHJXQO-UHFFFAOYSA-N|GLDQAMYCGOIJDV-UHFFFAOYSA-N|YQUVCSBJEUQKSH-UHFFFAOYSA-N|ILEDWLMCKZNDJK-UHFFFAOYSA-N","InChI=1S/C9H9NO4/c11-7-4-2-1-3-6(7)9(14)10-5-8(12)13/h1-4,11H,5H2,(H,10,14)(H,12,13)","ONJSZLXSECQROL"
"3400_792.56_11",3400,792.561484201878,11.0234576190476,0.0981469472350939,0.0221435706378414,0.484370464917186,1.00812320415946,1.65475234807883,0.314822346360012,0.84573381258565,0.640891110739126,0.75779293815833,-0.24172443590493,-0.641848835299627,-0.400124399394698,"Fatty acids","Sphingolipids","Neutral glycosphingolipids","null",NA,NA,"CCCCCCCCCCCCCCCCC(C(=O)NC(COC1C(C(C(C(O1)CO)O)O)O)C(C=CCCC(=O)C(=C)CCCCCCCCC)O)O",NA,NA,NA,NA,NA,NA,NA,"InChI=1S/C43H79NO10/c1-4-6-8-10-12-13-14-15-16-17-18-20-22-24-30-37(48)42(52)44-34(32-53-43-41(51)40(50)39(49)38(31-45)54-43)36(47)29-26-25-28-35(46)33(3)27-23-21-19-11-9-7-5-2/h26,29,34,36-41,43,45,47-51H,3-25,27-28,30-32H2,1-2H3,(H,44,52)","MKDAUPXSVHJOBE"
"2578_618.43_8",2578,618.428025817871,8.01064215,0.0999218165967226,0.0458627267354204,0.814012128490642,1.00033967900981,1.33854012817252,0.0893691242295719,0.904745748152292,0.653011677757652,0.721762637836385,-0.144415672211092,-0.614819303280415,-0.470403631069324,"Terpenoids","Triterpenoids","Lupane triterpenoids","null",NA,NA,"CCC1CCCC(CC1)C(CC(CCC2=CC(=C(C=C2)O)OCCC(C3=CC(=NC=C3)N)C4(CCCCC4)C5=CC=C[N-]5)O)O",NA,NA,NA,NA,NA,NA,NA,"InChI=1S/C38H54N3O4/c1-2-27-8-6-9-29(14-11-27)34(44)26-31(42)15-12-28-13-16-33(43)35(24-28)45-23-18-32(30-17-22-41-37(39)25-30)38(19-4-3-5-20-38)36-10-7-21-40-36/h7,10,13,16-17,21-22,24-25,27,29,31-32,34,42-44H,2-6,8-9,11-12,14-15,18-20,23,26H2,1H3,(H2,39,41)/q-1","AQHOPRSGXVRFNQ"
"2441_360.15_1.6",2441,360.149844360352,1.5771618,0.105900117666086,0.0382793377254697,0.707535910002721,0.975103557345739,1.4170355846011,0.150251513230873,0.887724213960191,0.662521244805588,0.746314265609632,-0.171816545506564,-0.593961377253606,-0.422144831747042,"Alkaloids","Pseudoalkaloids","Phenylalanine-derived alkaloids","Chlorambucil-t-butyl ester",NA,"OC[C@H]1O[C@@H](O[C@H]2C(O)O[C@H](CO)[C@@H](O)[C@@H]2O)[C@H](O)[C@@H](O)[C@@H]1O|OC[C@H]1O[C@H](O[C@H]2O[C@H](CO)[C@@H](O)[C@H](O)[C@H]2O)[C@H](O)[C@@H](O)[C@@H]1O|OC[C@H]1O[C@H](OC[C@@H]2O[C@@H](O)[C@@H](O)[C@@H](O)[C@H]2O)[C@H](O)[C@@H](O)[C@@H]1O|OC[C@@H]1O[C@@H](O)[C@H](O)[C@@H](O)[C@H]1O[C@H]1O[C@H](CO)[C@H](O)[C@H](O)[C@H]1O|OC[C@H]1O[C@@](CO)(O[C@H]2O[C@H](CO)[C@@H](O)[C@H](O)[C@H]2O)[C@@H](O)[C@@H]1O","CC(C)(C)OC(=O)CCCC1=CC=C(C=C1)N(CCCl)CCCl",NA,NA,NA,NA,"HIWPGCMGAMJNRG|HDTRYLNUVZCQOY|DLRVVLDZNNYCBX|GUBGYTABKSRVRQ|CZMRCDWAGMRECN","InChI=1S/C12H22O11/c13-1-3-6(16)8(18)10(11(20)21-3)23-12-9(19)7(17)5(15)4(2-14)22-12/h3-20H,1-2H2/t3-,4-,5-,6-,7+,8+,9-,10-,11?,12+/m1/s1|InChI=1S/C12H22O11/c13-1-3-5(15)7(17)9(19)11(21-3)23-12-10(20)8(18)6(16)4(2-14)22-12/h3-20H,1-2H2/t3-,4-,5-,6-,7+,8+,9-,10-,11-,12-/m1/s1|InChI=1S/C12H22O11/c13-1-3-5(14)8(17)10(19)12(23-3)21-2-4-6(15)7(16)9(18)11(20)22-4/h3-20H,1-2H2/t3-,4+,5-,6+,7+,8+,9+,10-,11-,12+/m1/s1|InChI=1S/C12H22O11/c13-1-3-5(15)6(16)9(19)12(22-3)23-10-4(2-14)21-11(20)8(18)7(10)17/h3-20H,1-2H2/t3-,4+,5+,6+,7-,8-,9-,10+,11-,12-/m1/s1|InChI=1S/C12H22O11/c13-1-4-6(16)8(18)9(19)11(21-4)23-12(3-15)10(20)7(17)5(2-14)22-12/h4-11,13-20H,1-3H2/t4-,5-,6-,7-,8+,9-,10+,11-,12+/m1/s1","HIWPGCMGAMJNRG-RTPHMHGBSA-N|HDTRYLNUVZCQOY-LIZSDCNHSA-N|DLRVVLDZNNYCBX-LDGFZSKTSA-N|GUBGYTABKSRVRQ-YOLKTULGSA-N|CZMRCDWAGMRECN-UGDNZRGBSA-N","InChI=1S/C18H27Cl2NO2/c1-18(2,3)23-17(22)6-4-5-15-7-9-16(10-8-15)21(13-11-19)14-12-20/h7-10H,4-6,11-14H2,1-3H3","SZXDOYFHSIIZCF"
"2788_589.48_11.6",2788,589.482697987932,11.5598696190476,0.108640547533898,0.0384060214729278,0.697739724854318,0.964008054271681,1.41560067960508,0.156306550356247,0.889305293979287,0.670912482044164,0.754423128464802,-0.169249320939376,-0.575803510214054,-0.406554189274678,"Fatty acids","Glycerolipids","Diacylglycerols","Diacylglycerol(20:3n6/14:1n5)",NA,"CCCCCCCCCC[C@H]1O[C@H]1CC[C@H]1O[C@H]1CC[C@H]1O[C@H]1CCCCCCCCCCCCC1=C[C@@H](C)OC1=O","CCCCCC=CCC=CCC=CCCCCCCC(=O)OCC(CO)OC(=O)CCCCCCCC=CCCCC",NA,NA,NA,NA,"KCYRZEFVHDREPK","InChI=1S/C37H64O5/c1-3-4-5-6-7-13-16-19-22-31-33(40-31)24-26-35-36(42-35)27-25-34-32(41-34)23-20-17-14-11-9-8-10-12-15-18-21-30-28-29(2)39-37(30)38/h28-29,31-36H,3-27H2,1-2H3/t29-,31-,32+,33+,34-,35-,36+/m1/s1","KCYRZEFVHDREPK-PVBUPMEXSA-N","InChI=1S/C37H64O5/c1-3-5-7-9-11-13-15-16-17-18-19-20-22-23-25-27-29-31-36(39)41-34-35(33-38)42-37(40)32-30-28-26-24-21-14-12-10-8-6-4-2/h10-13,16-17,19-20,35,38H,3-9,14-15,18,21-34H2,1-2H3","SKFOPGGYQYBFCU"
"3182_518.32_7",3182,518.324675293335,7.01718752,0.109954353266086,0.526139793083899,0.0269410138003342,0.958787571560005,0.278898850335126,1.56958606564322,1.54540799693763,1.1266578339953,0.729035850874252,0.627987768519828,0.172049435519032,-0.455938333000796,"Fatty acids","Glycerophospholipids","Glycerophosphocholines","1-18:3-lysoPC",NA,"CC/C=C\C/C=C\C/C=C\CCCCCCCC(=O)OC[C@@H](O)COP(=O)([O-])OCC[N+](C)(C)C","CCC=CCC=CCC=CCCCCCCCC(=O)OCC(COP(=O)(O)OCC[N+](C)(C)C)O",NA,NA,NA,NA,"WKQNRCYKYCKESD","InChI=1S/C26H48NO7P/c1-5-6-7-8-9-10-11-12-13-14-15-16-17-18-19-20-26(29)32-23-25(28)24-34-35(30,31)33-22-21-27(2,3)4/h6-7,9-10,12-13,25,28H,5,8,11,14-24H2,1-4H3/b7-6-,10-9-,13-12-/t25-/m1/s1","WKQNRCYKYCKESD-YVHLTTHBSA-N","InChI=1S/C26H48NO7P/c1-5-6-7-8-9-10-11-12-13-14-15-16-17-18-19-20-26(29)32-23-25(28)24-34-35(30,31)33-22-21-27(2,3)4/h6-7,9-10,12-13,25,28H,5,8,11,14-24H2,1-4H3/p+1","WKQNRCYKYCKESD"
"3145_549.57_11.5",3145,549.572047424316,11.46756905,0.114328506444682,0.0180571158488274,0.346844098654823,0.941845469971563,1.74335161564857,0.459865690362804,1.18280995621895,1.66544744568759,1.40804314076918,0.242218292405211,0.73590982951983,0.493691537114619,"Fatty acids","Fatty amides","N-acyl amines",NA,NA,NA,NA,NA,NA,NA,NA,NA,NA,NA,NA,NA
"1991_476.28_7",1991,476.277428763253,6.9864758047619,0.115732955707183,0.0471549426200464,0.0035944354781976,0.93654295527645,1.32647277927636,2.44436930777209,1.71684116848328,1.30855495585724,0.762187545288923,0.779756576299428,0.387974515045335,-0.391782061254093,"Fatty acids","Glycerophospholipids","Glycerophosphoethanolamines","1-18:3-lysoPE",NA,NA,"CCC=CCC=CCC=CCCCCCCCC(=O)OCC(COP(=O)(O)OCCN)O",NA,NA,NA,NA,NA,NA,NA,"InChI=1S/C23H42NO7P/c1-2-3-4-5-6-7-8-9-10-11-12-13-14-15-16-17-23(26)29-20-22(25)21-31-32(27,28)30-19-18-24/h3-4,6-7,9-10,22,25H,2,5,8,11-21,24H2,1H3,(H,27,28)","NTBBASCGALPTDC"
"1083_325.11_0.7",1083,325.112993164365,0.6508739564,0.137744864095384,0.0376942472024084,0.583987926309414,0.860924585119492,1.42372492562684,0.23359613164,0.86438940619498,0.666554745299582,0.771127851084778,-0.210246703999085,-0.58520472365606,-0.374958019656975,"Carbohydrates","Saccharides","Disaccharides","Nigerose","C([C@@H]1[C@H]([C@@H]([C@H]([C@H](O1)O[C@]2([C@H]([C@@H]([C@H](O2)CO)O)O)CO)O)O)O)O","O[C@@H]1[C@@H](O)[C@@H]2OC[C@@H](O2)[C@H]1O|CC(O)C(O)CC(=O)C(=O)O","C(C1C(C(C(C(O1)O)O)OC2C(C(C(C(O2)CO)O)O)O)O)O","InChI=1S/C12H22O11/c13-1-4-6(16)8(18)9(19)11(21-4)23-12(3-15)10(20)7(17)5(2-14)22-12/h4-11,13-20H,1-3H2/t4-,5-,6-,7-,8+,9-,10+,11-,12+/m1/s1",NA,"CZMRCDWAGMRECN-UGDNZRGBSA-N","CZMRCDWAGMRECN","TWNIBLMWSKIRAT|FRIWJYNKZPJVRL","InChI=1S/C6H10O5/c7-3-2-1-10-6(11-2)5(9)4(3)8/h2-9H,1H2/t2-,3-,4+,5-,6-/m1/s1|InChI=1S/C6H10O5/c1-3(7)4(8)2-5(9)6(10)11/h3-4,7-8H,2H2,1H3,(H,10,11)","TWNIBLMWSKIRAT-VFUOTHLCSA-N|FRIWJYNKZPJVRL-UHFFFAOYSA-N","InChI=1S/C12H22O11/c13-1-3-5(15)7(17)8(18)12(22-3)23-10-6(16)4(2-14)21-11(20)9(10)19/h3-20H,1-2H2","QIGJYVCQYDKYDW"
"28_289.09_0.6",28,289.09171527365,0.647638563913043,0.139297068095802,0.0465166943760194,0.676649055658407,0.856058024446208,1.33239115519171,0.169636519954092,0.880975055555448,0.673290660473755,0.764256213871175,-0.182826924477122,-0.570698642210126,-0.387871717733004,"Polyketides","Cyclic polyketides","4-pyrone derivatives","maltol beta-D-glucopyranoside",NA,"Cc1occc(=O)c1OC1OC(CO)C(O)C(O)C1O","CC1=C(C(=O)C=CO1)OC2C(C(C(C(O2)CO)O)O)O",NA,NA,NA,NA,"YGSIRXHFAUFUEJ","InChI=1S/C12H16O8/c1-5-11(6(14)2-3-18-5)20-12-10(17)9(16)8(15)7(4-13)19-12/h2-3,7-10,12-13,15-17H,4H2,1H3","YGSIRXHFAUFUEJ-UHFFFAOYSA-N","InChI=1S/C12H16O8/c1-5-11(6(14)2-3-18-5)20-12-10(17)9(16)8(15)7(4-13)19-12/h2-3,7-10,12-13,15-17H,4H2,1H3","YGSIRXHFAUFUEJ"
"2328_518.32_7.9",2328,518.322192964717,7.86402122380952,0.139536031096294,0.604342320452366,0.0398781522834313,0.855313634069303,0.218716992222858,1.39926497251936,1.61769522505325,1.13273447051633,0.700215005257893,0.693939828582906,0.179809712027507,-0.514130116555399,"Fatty acids","Glycerophospholipids","Glycerophosphocholines","1-16:0-lysoPC","CCCCCCCCCCCCCCCC(=O)OC[C@H](COP(=O)([O-])OCC[N+](C)(C)C)O",NA,"CCCCCCCCCCCCCCCC(=O)OCC(COP(=O)(O)OCC[N+](C)(C)C)O","InChI=1S/C24H50NO7P/c1-5-6-7-8-9-10-11-12-13-14-15-16-17-18-24(27)30-21-23(26)22-32-33(28,29)31-20-19-25(2,3)4/h23,26H,5-22H2,1-4H3/t23-/m1/s1",NA,"ASWBNKHCZGQVJV-HSZRJFAPSA-N","ASWBNKHCZGQVJV",NA,NA,NA,"InChI=1S/C24H50NO7P/c1-5-6-7-8-9-10-11-12-13-14-15-16-17-18-24(27)30-21-23(26)22-32-33(28,29)31-20-19-25(2,3)4/h23,26H,5-22H2,1-4H3/p+1","ASWBNKHCZGQVJV"
"2443_436.28_7.8",2443,436.28261299222,7.831829525,0.141156092895283,0.120520810279792,0.00864967085157053,0.850300371121804,0.918937957160817,2.06300041855442,1.67107419849405,1.25972539247279,0.753841686747383,0.740775792898126,0.333109274919125,-0.407666517979001,"Fatty acids","Fatty amides","Monoacylglycerols","cis-9-hexadecenoylcarnitine",NA,NA,"CCCCCCC=CCCCCCCCC(=O)OC(CC(=O)O)C[N+](C)(C)C",NA,NA,NA,NA,NA,NA,NA,"InChI=1S/C23H43NO4/c1-5-6-7-8-9-10-11-12-13-14-15-16-17-18-23(27)28-21(19-22(25)26)20-24(2,3)4/h10-11,21H,5-9,12-20H2,1-4H3/p+1","JFAGPSOZZSTLRF"
"3552_766.55_11.2",3552,766.545932938246,11.1802058695652,0.147242398800292,0.0321838302659462,0.485504664213253,0.831967115856965,1.49236227085307,0.313806593495733,0.874315057146533,0.711919831408211,0.814260060591517,-0.193774850083156,-0.49021330501827,-0.296438454935115,"Fatty acids","Glycerolipids","Glycosyldiacylglycerols","Termitomycesphin A",NA,NA,"CCCCCCCCCCCCCCC(C(=O)NC(COC1C(C(C(C(O1)CO)O)O)O)C(C=CCCC(C(=C)CCCCCCCCC)O)O)O",NA,NA,NA,NA,NA,NA,NA,"InChI=1S/C41H77NO10/c1-4-6-8-10-12-13-14-15-16-18-20-22-28-35(46)40(50)42-32(30-51-41-39(49)38(48)37(47)36(29-43)52-41)34(45)27-24-23-26-33(44)31(3)25-21-19-17-11-9-7-5-2/h24,27,32-39,41,43-49H,3-23,25-26,28-30H2,1-2H3,(H,42,50)","OJWZQESYKTYPLG"
"2200_325.11_1",2200,325.112980957947,1.0058556192,0.183664966841889,0.0493814277365954,0.581561261855371,0.735973675257735,1.30643635771795,0.235404529801632,0.848823332189504,0.654662268751663,0.771258569274939,-0.236463781740891,-0.611177262827426,-0.374713481086535,NA,NA,NA,NA,"C([C@@H]1[C@@H]([C@@H]([C@H]([C@@H](O1)O[C@@H]2[C@H](O[C@@]([C@H]2O)(CO)O)CO)O)O)O)O",NA,NA,"InChI=1S/C12H22O11/c13-1-4-6(16)7(17)8(18)11(21-4)22-9-5(2-14)23-12(20,3-15)10(9)19/h4-11,13-20H,1-3H2/t4-,5-,6+,7+,8-,9-,10+,11+,12-/m1/s1",NA,"JCQLYHFGKNRPGE-FCVZTGTOSA-N","JCQLYHFGKNRPGE",NA,NA,NA,NA,NA
"1280_210.18_8.7",1280,210.184947785877,8.7451167,0.211563290732736,0.0777399762576126,0.00842439645858795,0.674559686425439,1.10935559634161,2.07446120310871,1.57846163794416,1.27281102218921,0.80636170787588,0.658519198617166,0.348018234173227,-0.310500964443939,"Fatty acids","Fatty amides","N-acyl amines","null",NA,"CCCC[C@@H](C)/C=C(C)/C=C(\C)C(N)=O","CC1CC2CCCC(=O)CCCC(C1)N2",NA,NA,NA,NA,"YVWNECBAHBJBSI","InChI=1S/C13H23NO/c1-5-6-7-10(2)8-11(3)9-12(4)13(14)15/h8-10H,5-7H2,1-4H3,(H2,14,15)/b11-8+,12-9+/t10-/m1/s1","YVWNECBAHBJBSI-ROFKMXSVSA-N","InChI=1S/C13H23NO/c1-10-8-11-4-2-6-13(15)7-3-5-12(9-10)14-11/h10-12,14H,2-9H2,1H3","OPYYHWXSFSCAOZ"
"1374_480.31_6.9",1374,480.308515930752,6.89179708,0.211876568930553,0.34300206618605,0.0312820144784459,0.673917068521946,0.46470326383333,1.50470528730329,1.57740613551093,1.19345905032682,0.756595922546129,0.657554159336588,0.255149065871763,-0.402405093464825,"Fatty acids","Glycerophospholipids","Glycerophosphocholines","1-18:1-lysoPE","CCCCCCCCCCCCCC/C=C\OC[C@H](COP(=O)([O-])OCC[N+](C)(C)C)O",NA,"CCCCCCCCC=CCCCCCCCC(=O)OCC(COP(=O)(O)OCCN)O","InChI=1S/C24H50NO6P/c1-5-6-7-8-9-10-11-12-13-14-15-16-17-18-20-29-22-24(26)23-31-32(27,28)30-21-19-25(2,3)4/h18,20,24,26H,5-17,19,21-23H2,1-4H3/b20-18-/t24-/m1/s1",NA,"HTZINLFNXLXRBC-CQLBIITFSA-N","HTZINLFNXLXRBC",NA,NA,NA,"InChI=1S/C23H46NO7P/c1-2-3-4-5-6-7-8-9-10-11-12-13-14-15-16-17-23(26)29-20-22(25)21-31-32(27,28)30-19-18-24/h9-10,22,25H,2-8,11-21,24H2,1H3,(H,27,28)","PYVRVRFVLRNJLY"
"2310_381.08_1",2310,381.079379538223,1.02445087826087,0.216404418561626,0.0489883201896676,0.507798245166987,0.664733876017681,1.30990745225352,0.294308804280751,0.831801604735504,0.653431295206801,0.785561474619394,-0.265688626611773,-0.613892542531875,-0.348203915920102,NA,NA,NA,NA,NA,"OC[C@H]1O[C@H](O[C@H]2O[C@H](CO)[C@@H](O)[C@H](O)[C@H]2O)[C@H](O)[C@@H](O)[C@@H]1O|OC[C@H]1O[C@H](O[C@@H]2[C@@H](O)[C@H](O)[C@@H](O)[C@H](O)[C@@H]2O)[C@H](O)[C@@H](O)[C@H]1O|OC[C@H]1O[C@@](CO)(O[C@H]2O[C@H](CO)[C@@H](O)[C@H](O)[C@H]2O)[C@@H](O)[C@@H]1O|OC[C@H]1O[C@H](O[C@H]2[C@H](O)[C@@H](O)[C@@H](O)O[C@@H]2CO)[C@H](O)[C@@H](O)[C@@H]1O|OC[C@H]1O[C@H](OC[C@@H]2O[C@@H](O)[C@@H](O)[C@@H](O)[C@H]2O)[C@H](O)[C@@H](O)[C@@H]1O|OC[C@H]1O[C@@H](O[C@H]2C(O)O[C@H](CO)[C@@H](O)[C@@H]2O)[C@H](O)[C@@H](O)[C@@H]1O",NA,NA,NA,NA,NA,"HDTRYLNUVZCQOY|VCWMRQDBPZKXKG|CZMRCDWAGMRECN|GUBGYTABKSRVRQ|DLRVVLDZNNYCBX|HIWPGCMGAMJNRG","InChI=1S/C12H22O11/c13-1-3-5(15)7(17)9(19)11(21-3)23-12-10(20)8(18)6(16)4(2-14)22-12/h3-20H,1-2H2/t3-,4-,5-,6-,7+,8+,9-,10-,11-,12-/m1/s1|InChI=1S/C12H22O11/c13-1-2-3(14)4(15)10(21)12(22-2)23-11-8(19)6(17)5(16)7(18)9(11)20/h2-21H,1H2/t2-,3+,4+,5-,6-,7+,8+,9+,10-,11-,12-/m1/s1|InChI=1S/C12H22O11/c13-1-4-6(16)8(18)9(19)11(21-4)23-12(3-15)10(20)7(17)5(2-14)22-12/h4-11,13-20H,1-3H2/t4-,5-,6-,7-,8+,9-,10+,11-,12+/m1/s1|InChI=1S/C12H22O11/c13-1-3-5(15)6(16)9(19)12(22-3)23-10-4(2-14)21-11(20)8(18)7(10)17/h3-20H,1-2H2/t3-,4-,5-,6+,7-,8-,9-,10-,11+,12-/m1/s1|InChI=1S/C12H22O11/c13-1-3-5(14)8(17)10(19)12(23-3)21-2-4-6(15)7(16)9(18)11(20)22-4/h3-20H,1-2H2/t3-,4+,5-,6+,7+,8+,9+,10-,11-,12+/m1/s1|InChI=1S/C12H22O11/c13-1-3-6(16)8(18)10(11(20)21-3)23-12-9(19)7(17)5(15)4(2-14)22-12/h3-20H,1-2H2/t3-,4-,5-,6-,7+,8+,9-,10-,11?,12+/m1/s1","HDTRYLNUVZCQOY-LIZSDCNHSA-N|VCWMRQDBPZKXKG-DXNLKLAMSA-N|CZMRCDWAGMRECN-UGDNZRGBSA-N|GUBGYTABKSRVRQ-ASMJPISFSA-N|DLRVVLDZNNYCBX-LDGFZSKTSA-N|HIWPGCMGAMJNRG-RTPHMHGBSA-N",NA,NA
"3580_440.28_7.4",3580,440.277588695731,7.37209657368421,0.240450600804977,0.249786817399122,0.0258751844704727,0.618974133433341,0.602430485425009,1.58711654533318,1.66665808326302,1.24734335267373,0.748409865946619,0.736958164206751,0.318858646415513,-0.418099517791237,"Fatty acids","Glycerophospholipids","Glycerophosphoethanolamines","Lysophosphatidylethanolamine(15:0/0:0)",NA,NA,"CCCCCCCCCCCCCCC(=O)OCC(COP(=O)(O)OCCN)O",NA,NA,NA,NA,NA,NA,NA,"InChI=1S/C20H42NO7P/c1-2-3-4-5-6-7-8-9-10-11-12-13-14-20(23)26-17-19(22)18-28-29(24,25)27-16-15-21/h19,22H,2-18,21H2,1H3,(H,24,25)","FGHPDPYCRTXYNZ"
"2896_496.34_7.9",2896,496.339795837993,7.864977844,0.255217250610386,0.386062502068707,0.0423381775249579,0.593089974184023,0.413342378991074,1.3732678404094,1.59728332520068,1.20001475229333,0.751284843058487,0.675620239867333,0.263052141608465,-0.412568098258867,"Fatty acids","Glycerophospholipids","Glycerophosphocholines","1-16:0-lysoPC","CCCCCCCCCCCCCCCC(=O)OC[C@H](COP(=O)([O-])OCC[N+](C)(C)C)O",NA,"CCCCCCCCCCCCCCCC(=O)OCC(COP(=O)(O)OCC[N+](C)(C)C)O","InChI=1S/C24H50NO7P/c1-5-6-7-8-9-10-11-12-13-14-15-16-17-18-24(27)30-21-23(26)22-32-33(28,29)31-20-19-25(2,3)4/h23,26H,5-22H2,1-4H3/t23-/m1/s1",NA,"ASWBNKHCZGQVJV-HSZRJFAPSA-N","ASWBNKHCZGQVJV","NEGQHKSYEYVFTD","nan","nan","InChI=1S/C24H50NO7P/c1-5-6-7-8-9-10-11-12-13-14-15-16-17-18-24(27)30-21-23(26)22-32-33(28,29)31-20-19-25(2,3)4/h23,26H,5-22H2,1-4H3/p+1","ASWBNKHCZGQVJV"
"3514_335.18_5.8",3514,335.182806535339,5.77141178181818,0.267013105794011,0.0287167017516183,0.251016582900888,0.573467421652904,1.54186544233115,0.600297586788061,1.21126919955588,1.52425167296362,1.25839216709424,0.276519533656475,0.608101129445257,0.331581595788782,NA,NA,NA,NA,NA,NA,NA,NA,NA,NA,NA,NA,NA,NA,NA,NA
"3192_335.26_10.9",3192,335.257989501953,10.85643956,0.288807447468642,0.017526007292232,0.134471707375284,0.539391611819739,1.75631701194125,0.871369080890713,1.26154812809228,1.56089156840347,1.23728261621208,0.335195246215584,0.64237032004483,0.307175073829246,"Fatty acids","Glycerolipids","Monoacylglycerols","1-Monolinolenin",NA,"CCCCCCCCC/C=C/CCC[C@@H](O)[C@@H](O)[C@@H](N)CO","CCC=CCC=CCC=CCCCCCCCC(=O)OCC(CO)O",NA,NA,NA,NA,"CQKNELOTFUSOTP","InChI=1S/C18H37NO3/c1-2-3-4-5-6-7-8-9-10-11-12-13-14-17(21)18(22)16(19)15-20/h10-11,16-18,20-22H,2-9,12-15,19H2,1H3/b11-10+/t16-,17+,18-/m0/s1","CQKNELOTFUSOTP-HMTIOLNVSA-N","InChI=1S/C21H36O4/c1-2-3-4-5-6-7-8-9-10-11-12-13-14-15-16-17-21(24)25-19-20(23)18-22/h3-4,6-7,9-10,20,22-23H,2,5,8,11-19H2,1H3","GGJRAQULURVTAJ"
"3517_370.24_3.1",3517,370.243853361906,3.11920279565217,0.326803386529981,0.123394099380446,0.0182449131504877,0.485713451700016,0.908705607464706,1.73885819962483,1.7156631974185,1.33338009630634,0.777180566857548,0.778766364547875,0.415088096923505,-0.363678267624369,"Alkaloids","Small peptides","Polyamines","null",NA,NA,"CC(C)CC(C(N)(N)O)NC(=O)C(C(C)O)NC(=O)C(C(C)C)N",NA,NA,NA,NA,NA,NA,NA,"InChI=1S/C15H33N5O4/c1-7(2)6-10(15(17,18)24)19-14(23)12(9(5)21)20-13(22)11(16)8(3)4/h7-12,21,24H,6,16-18H2,1-5H3,(H,19,23)(H,20,22)","HKKMJRVJHORDJQ"
"112_219.1_0.7",112,219.097603246243,0.65211903,0.343154165948767,0.00856820892201626,0.0483909232051607,0.464510724333913,2.06710995247352,1.31523609231414,1.40138308893903,1.74833630086995,1.24757913426343,0.486851391860053,0.805982720840243,0.31913132898019,"Amino acids and Peptides","Small peptides","Dipeptides","gamma-Gln-ala",NA,"C[C@H](NC(=O)[C@@H](N)CCC(=O)O)C(=O)O","CC(C(=O)O)NC(=O)CCC(C(=O)O)N",NA,NA,NA,NA,"JZDHUJAFXGNDSB","InChI=1S/C8H14N2O5/c1-4(8(14)15)10-7(13)5(9)2-3-6(11)12/h4-5H,2-3,9H2,1H3,(H,10,13)(H,11,12)(H,14,15)/t4-,5-/m0/s1","JZDHUJAFXGNDSB-WHFBIAKZSA-N","InChI=1S/C8H14N2O5/c1-4(7(12)13)10-6(11)3-2-5(9)8(14)15/h4-5H,2-3,9H2,1H3,(H,10,11)(H,12,13)(H,14,15)","WQXXXVRAFAKQJM"
"2315_534.3_7.9",2315,534.295980667135,7.86639671111111,0.343584565527874,0.127642925257177,0.0197226752208303,0.463966353736696,0.894003251419201,1.70503417687735,1.75231273062922,1.34950511715894,0.77012801058311,0.809260271894289,0.432430447338909,-0.37682982455538,"Fatty acids","Glycerophospholipids","Glycerophosphocholines","1-16:0-lysoPC",NA,"CC/C=C\C/C=C\C/C=C\CCCCCCCC(=O)OC[C@@H](O)CO[C@@H]1O[C@H](CO)[C@H](O)[C@H](O)[C@H]1O","CCCCCCCCCCCCCCCC(=O)OCC(COP(=O)(O)OCC[N+](C)(C)C)O",NA,NA,NA,NA,"HUSISCNTLUEZCN","InChI=1S/C27H46O9/c1-2-3-4-5-6-7-8-9-10-11-12-13-14-15-16-17-23(30)34-19-21(29)20-35-27-26(33)25(32)24(31)22(18-28)36-27/h3-4,6-7,9-10,21-22,24-29,31-33H,2,5,8,11-20H2,1H3/b4-3-,7-6-,10-9-/t21-,22-,24+,25+,26-,27-/m1/s1","HUSISCNTLUEZCN-DTYSIQRPSA-N","InChI=1S/C24H50NO7P/c1-5-6-7-8-9-10-11-12-13-14-15-16-17-18-24(27)30-21-23(26)22-32-33(28,29)31-20-19-25(2,3)4/h23,26H,5-22H2,1-4H3/p+1","ASWBNKHCZGQVJV"
"1854_500.48_11.4",1854,500.48277137393,11.3602844761905,0.346253596420733,0.0446136700106154,0.301612968877268,0.460605707031993,1.3505320493475,0.520549988429777,1.18678924376024,1.43597623025307,1.20996734492074,0.247063756396535,0.522031868395058,0.274968111998522,"Fatty acids","Steroids","Ceramides","(3,5-ditert-butyl-4-hydroxyphenyl)methyl-(hexadecoxymethyl)-dimethylazanium",NA,NA,"CCCCCCCCCCCCCCCCOC[N+](C)(C)CC1=CC(=C(C(=C1)C(C)(C)C)O)C(C)(C)C",NA,NA,NA,NA,NA,NA,NA,"InChI=1S/C34H63NO2/c1-10-11-12-13-14-15-16-17-18-19-20-21-22-23-24-37-28-35(8,9)27-29-25-30(33(2,3)4)32(36)31(26-29)34(5,6)7/h25-26H,10-24,27-28H2,1-9H3/p+1","HMZXEEJWFCKUQH"
"2379_347.17_3.1",2379,347.167994907924,3.11915962857143,0.36113898073686,0.158704596097317,0.0251985998777069,0.44232563202392,0.799410495861409,1.59862358946761,1.72078977249925,1.32952855774795,0.772626952458561,0.783070855252236,0.410914766047682,-0.372156089204554,NA,NA,NA,NA,NA,NA,NA,NA,NA,NA,NA,NA,NA,NA,NA,NA
"1709_270.24_6.8",1709,270.242713013293,6.77677718,0.371445442696114,0.277478438036951,0.044158707898538,0.430104965688072,0.556770758867051,1.35498364272326,1.49437758461751,1.21689666147191,0.814316725570651,0.579544720168446,0.28320665998919,-0.296338060179255,"Fatty acids","Fatty amides","N-acyl ethanolamines (endocannabinoids)","PEG-3 Lauramide",NA,NA,"CCCCCCCCCCCC(=O)NCCOCCO",NA,NA,NA,NA,"ZQNUNPUEOLDMCE","nan","nan","InChI=1S/C16H33NO3/c1-2-3-4-5-6-7-8-9-10-11-16(19)17-12-14-20-15-13-18/h18H,2-15H2,1H3,(H,17,19)","SIFSGJHNINUHSG"
"265_524.37_8.6",265,524.37127976484,8.60969442857143,0.386769022555857,0.267964583242645,0.0445238432031568,0.4125483170911,0.57192260268282,1.35140735534618,1.66991569280493,1.28241504154334,0.767951967317157,0.739775268781679,0.358863252183953,-0.380912016597727,"Fatty acids","Glycerophospholipids","Glycerophosphocholines","C16-PAF acether",NA,NA,"CCCCCCCCCCCCCCCCOCC(COP(=O)(O)OCC[N+](C)(C)C)OC(=O)C",NA,NA,NA,NA,NA,NA,NA,"InChI=1S/C26H54NO7P/c1-6-7-8-9-10-11-12-13-14-15-16-17-18-19-21-31-23-26(34-25(2)28)24-33-35(29,30)32-22-20-27(3,4)5/h26H,6-24H2,1-5H3/p+1","HVAUUPRFYPCOCA"
"2371_357.31_6.1",2371,357.310942150534,6.05171850952381,0.388389275004184,0.010343975947902,0.0529870788814292,0.410732771222352,1.98531249795999,1.27583002199623,1.36384257907897,1.64588490412769,1.20679976514531,0.447677131540496,0.718863452375631,0.271186320835135,"Fatty acids","Fatty amides","N-acyl amines","N2,N2-Dimethyl-N6-(1-oxododecyl)-L-lysine",NA,NA,"CCCCCCCCCCCC(=O)NCCCCC(C(=O)O)N(C)C",NA,NA,NA,NA,NA,NA,NA,"InChI=1S/C20H40N2O3/c1-4-5-6-7-8-9-10-11-12-16-19(23)21-17-14-13-15-18(20(24)25)22(2)3/h18H,4-17H2,1-3H3,(H,21,23)(H,24,25)","CYGAEZQNRUGNLL"
"2335_308.29_9.6",2335,308.29450922427,9.61440054782609,0.45165951878714,0.00854997484096598,0.0359292377679516,0.345188832518536,2.0680351632187,1.44455199617369,1.38553231603806,1.6272790375889,1.17447930932575,0.470440360508355,0.70246165828072,0.232021297772364,"Fatty acids","Fatty amides","N-acyl amines","null",NA,"CCCCCCCCCCCCCCCC=CC=CC(N)=O","CCCCCC=CCC=CCCCCCCCC(=O)NCC",NA,NA,NA,NA,"SNIUTNKNNXNVFA","InChI=1S/C20H37NO/c1-2-3-4-5-6-7-8-9-10-11-12-13-14-15-16-17-18-19-20(21)22/h16-19H,2-15H2,1H3,(H2,21,22)","SNIUTNKNNXNVFA-UHFFFAOYSA-N","InChI=1S/C20H37NO/c1-3-5-6-7-8-9-10-11-12-13-14-15-16-17-18-19-20(22)21-4-2/h8-9,11-12H,3-7,10,13-19H2,1-2H3,(H,21,22)","XCLBZPCBKFADQY"
"685_432.26_4.2",685,432.258964940467,4.16605696315789,0.469727731050635,0.0679837625428955,0.0154587962587461,0.328153799861971,1.16759480317752,1.81082432662322,1.71590043579446,1.4066256973929,0.81975950821508,0.778965843657478,0.492238478996491,-0.286727364660987,"Amino acids and Peptides","Small peptides","Dipeptides","(3R)-4-acetyl-3-N-[(2S)-1-amino-3-cyclohexyl-1-oxopropan-2-yl]-1-N-propan-2-ylpiperazine-1,3-dicarboxamide",NA,NA,"CC(C)NC(=O)N1CCN(C(C1)C(=O)NC(CC2CCCCC2)C(=O)N)C(=O)C",NA,NA,NA,NA,NA,NA,NA,"InChI=1S/C20H35N5O4/c1-13(2)22-20(29)24-9-10-25(14(3)26)17(12-24)19(28)23-16(18(21)27)11-15-7-5-4-6-8-15/h13,15-17H,4-12H2,1-3H3,(H2,21,27)(H,22,29)(H,23,28)","GMMOVYFRGAQMNG"
"2880_280.26_8.7",2880,280.26332336532,8.744783124,0.523248835564096,0.143582077122428,0.0342734926596695,0.281291729465435,0.842899768259613,1.46504163628996,1.52554084840149,1.29465610021667,0.848653840749826,0.609320810527688,0.372568925401128,-0.236751885126559,"Fatty acids","Fatty amides","N-acyl ethanolamines (endocannabinoids)","ACMC-20lypg",NA,"CCCCC/C=C\C/C=C\CCCCCCCC(N)=O","CCCCCCC=CCCCCCCCC(=O)NCCO",NA,NA,NA,NA,"SFIHQZFZMWZOJV","InChI=1S/C18H33NO/c1-2-3-4-5-6-7-8-9-10-11-12-13-14-15-16-17-18(19)20/h6-7,9-10H,2-5,8,11-17H2,1H3,(H2,19,20)/b7-6-,10-9-","SFIHQZFZMWZOJV-HZJYTTRNSA-N","InChI=1S/C18H35NO2/c1-2-3-4-5-6-7-8-9-10-11-12-13-14-15-18(21)19-16-17-20/h7-8,20H,2-6,9-17H2,1H3,(H,19,21)","WFRLANWAASSSFV"
"621_308.29_9.5",621,308.294621554711,9.51639597727273,0.524109485766758,0.132099758845195,0.0317696607604797,0.280577980005708,0.879097975211337,1.49798742258671,1.54400684317719,1.30744725730678,0.846788512035588,0.62667914677433,0.386752749029223,-0.239926397745106,"Fatty acids","Fatty amides","N-acyl ethanolamines (endocannabinoids)","Tocris-1484",NA,"CCCCCCCCCCCCCCCC=CC=CC(N)=O","CCCCCCCCC=CCCCCCCCC(=O)NCCO",NA,NA,NA,NA,"SNIUTNKNNXNVFA","InChI=1S/C20H37NO/c1-2-3-4-5-6-7-8-9-10-11-12-13-14-15-16-17-18-19-20(21)22/h16-19H,2-15H2,1H3,(H2,21,22)","SNIUTNKNNXNVFA-UHFFFAOYSA-N","InChI=1S/C20H39NO2/c1-2-3-4-5-6-7-8-9-10-11-12-13-14-15-16-17-20(23)21-18-19-22/h9-10,22H,2-8,11-19H2,1H3,(H,21,23)","BOWVQLFMWHZBEF"
"3190_385.31_8.3",3190,385.305978298981,8.27046643125,0.630975569908561,0.0820843997247959,0.0257202248819428,0.199987455429872,1.08573937341902,1.58972523852543,1.72522608765693,1.44927464479939,0.840049113080409,0.786785436770909,0.535331018734765,-0.251454418036143,"Fatty acids","Fatty amides","N-acyl amines","N-palmitoyl glutamine","CCCCCCCCCCCCCCCC(NC(C(O)=O)CCC(N)=O)=O","COC(=O)CCCCCCCCC(O)CCCCCCO","CCCCCCCCCCCCCCCC(=O)NC(CCC(=O)N)C(=O)O","InChI=1S/C21H40N2O4/c1-2-3-4-5-6-7-8-9-10-11-12-13-14-15-20(25)23-18(21(26)27)16-17-19(22)24/h18H,2-17H2,1H3,(H2,22,24)(H,23,25)(H,26,27)",NA,"KCXYSRAVPMMHKU-UHFFFAOYSA-N","KCXYSRAVPMMHKU","OWNLLILEAVFEFO","InChI=1S/C17H34O4/c1-21-17(20)14-10-5-3-2-4-8-12-16(19)13-9-6-7-11-15-18/h16,18-19H,2-15H2,1H3","OWNLLILEAVFEFO-UHFFFAOYSA-N","InChI=1S/C21H40N2O4/c1-2-3-4-5-6-7-8-9-10-11-12-13-14-15-20(25)23-18(21(26)27)16-17-19(22)24/h18H,2-17H2,1H3,(H2,22,24)(H,23,25)(H,26,27)","KCXYSRAVPMMHKU"
"1932_480.31_7.9",1932,480.308551607844,7.87365478571428,0.645585406393218,0.155913316287428,0.0484798463356827,0.190046295501802,0.807116790884434,1.31443876540264,1.62616460761923,1.3696195779185,0.842239199833326,0.701473300817758,0.453775229489002,-0.247698071328757,"Fatty acids","Glycerophospholipids","Glycerophosphoethanolamines","1-18:1-lysoPE",NA,NA,"CCCCCCCCC=CCCCCCCCC(=O)OCC(COP(=O)(O)OCCN)O",NA,NA,NA,NA,"NOVZJYYJYIFXJC","nan","nan","InChI=1S/C23H46NO7P/c1-2-3-4-5-6-7-8-9-10-11-12-13-14-15-16-17-23(26)29-20-22(25)21-31-32(27,28)30-19-18-24/h9-10,22,25H,2-8,11-21,24H2,1H3,(H,27,28)","PYVRVRFVLRNJLY"
"3773_468.31_8.3",3773,468.309183457318,8.29235301764706,0.649875190402339,0.00171618791814765,0.000834253522512984,0.187170042317474,2.76543515975872,3.07870195092463,1.82147372694946,1.65058612185125,0.906181679938693,0.865106185707604,0.722978415340974,-0.14212777036663,"Fatty acids","Glycerophospholipids","Glycerophosphoethanolamines","1-heptadecanoyl-glycero-3-phosphoethanolamine",NA,NA,"CCCCCCCCCCCCCCCCC(=O)OCC(COP(=O)(O)OCCN)O",NA,NA,NA,NA,"RVNBVQKDPQVSOY","nan","nan","InChI=1S/C22H46NO7P/c1-2-3-4-5-6-7-8-9-10-11-12-13-14-15-16-22(25)28-19-21(24)20-30-31(26,27)29-18-17-23/h21,24H,2-20,23H2,1H3,(H,26,27)","RVNBVQKDPQVSOY"
"1512_213.12_1.1",1512,213.123365983227,1.13352923478261,0.676380776060447,0.0406921824431431,0.0148529102634373,0.169808744317217,1.39048901701336,1.82818844281014,1.57188550121853,1.40187406242171,0.891842351962005,0.652496133092501,0.487356750432362,-0.165139382660139,NA,NA,NA,NA,NA,NA,NA,NA,NA,NA,NA,NA,NA,NA,NA,NA
"1350_182.08_2.5",1350,182.081259250641,2.49522365,0.713535743257635,0.0402153194018028,0.110058074349762,0.146584266822987,1.39560847765423,0.958378090167317,1.3668025032964,1.55505680108432,1.13773335747769,0.450804795175684,0.636967278198981,0.186162483023297,NA,NA,NA,NA,NA,"NC(Cc1ccc(O)cc1)C(=O)O",NA,NA,NA,NA,NA,"OUYCCCASQSFEME","InChI=1S/C9H11NO3/c10-8(9(12)13)5-6-1-3-7(11)4-2-6/h1-4,8,11H,5,10H2,(H,12,13)","OUYCCCASQSFEME-UHFFFAOYSA-N",NA,NA
"2135_479.12_2.8",2135,479.121633531055,2.8427806875,0.715934499687139,0.130853503276252,0.0476902939004734,0.145126709152577,0.883214645716664,1.32157000113584,1.63177208640841,1.40311847506268,0.859874051498818,0.706439566641457,0.488636830888726,-0.217802735752731,NA,NA,NA,NA,NA,NA,NA,NA,NA,NA,NA,NA,NA,NA,NA,NA
"1828_504.28_5.1",1828,504.280048571135,5.05670501052631,0.728775859521531,0.0151820594540529,0.0372720303017855,0.13740602166929,1.81866931217805,1.42861694948265,1.46852085505975,1.65042706949444,1.12387036507376,0.554363754105143,0.722839388906785,0.168475634801643,"Terpenoids","Sesquiterpenoids","Open-chain polyketides","Mycalamide A",NA,NA,"CC1C(OC(CC1=C)(C(C(=O)NC2C3C(C(C(C(O3)CC(CO)O)(C)C)OC)OCO2)O)OC)C",NA,NA,NA,NA,NA,NA,NA,"InChI=1S/C24H41NO10/c1-12-9-24(31-7,35-14(3)13(12)2)19(28)21(29)25-22-18-17(32-11-33-22)20(30-6)23(4,5)16(34-18)8-15(27)10-26/h13-20,22,26-28H,1,8-11H2,2-7H3,(H,25,29)","IJASURGZDJYQGF"
"3774_348.16_4.1",3774,348.164968109131,4.099347655,0.742387146746663,0.0248172339353293,0.0107495700348084,0.129369555842698,1.60524662547898,1.9686089064688,1.64312591414768,1.48023072315558,0.900862624349399,0.716443039482168,0.565822065860567,-0.150620973621601,"Amino acids and Peptides","Small peptides","Dipeptides","beta-D-Tyv-(1->3)-beta-D-GalNAc-OMe",NA,"OCCCc1ccc(O[C@@H]2O[C@H](CO)[C@@H](O)[C@H](O)[C@H]2O)c(O)c1","CC1C(CC(C(O1)OC2C(C(OC(C2O)CO)OC)NC(=O)C)O)O",NA,NA,NA,NA,"RHUHJBWULDUHIW","InChI=1S/C15H22O8/c16-5-1-2-8-3-4-10(9(18)6-8)22-15-14(21)13(20)12(19)11(7-17)23-15/h3-4,6,11-21H,1-2,5,7H2/t11-,12-,13+,14-,15-/m1/s1","RHUHJBWULDUHIW-UXXRCYHCSA-N","InChI=1S/C15H27NO9/c1-6-8(19)4-9(20)14(23-6)25-13-11(16-7(2)18)15(22-3)24-10(5-17)12(13)21/h6,8-15,17,19-21H,4-5H2,1-3H3,(H,16,18)","ZWJNARURCMXMTQ"
"612_520.27_6.8",612,520.269904727028,6.83698918571428,0.743356143384884,0.106191804944443,0.0414576235239852,0.128803065042537,0.973908997423424,1.38239559659817,1.51949423702981,1.35506368807704,0.891786000271914,0.603591203175915,0.43836065992869,-0.165230543247225,"Fatty acids","Steroids","Cholane steroids","3-Hydroxy-7-oxocholanoyltaurine",NA,NA,"CC(CCC(=O)NCCS(=O)(=O)O)C1CCC2C1(CCC3C2C(=O)CC4C3(CCC(C4)O)C)C",NA,NA,NA,NA,NA,NA,NA,"InChI=1S/C26H43NO6S/c1-16(4-7-23(30)27-12-13-34(31,32)33)19-5-6-20-24-21(9-11-26(19,20)3)25(2)10-8-18(28)14-17(25)15-22(24)29/h16-21,24,28H,4-15H2,1-3H3,(H,27,30)(H,31,32,33)","QNRIYEYAHVEGQJ"
"90_270.28_9.6",90,270.278921509338,9.636686196,0.757755176017324,0.049412992407126,0.0208643571613588,0.120471088403976,1.30615884482439,1.68059499152143,1.47533004115023,1.35255335120056,0.916780187127519,0.561037731062906,0.435685501996212,-0.125352229066694,"Fatty acids","Fatty amides","Primary amides","Heptadecanamide",NA,"CC(=O)NCCCCCCCCCCCCC(C)C","CCCCCCCCCCCCCCCCC(=O)N",NA,NA,NA,NA,"AMLDBWWQKYLAHJ","InChI=1S/C17H35NO/c1-16(2)14-12-10-8-6-4-5-7-9-11-13-15-18-17(3)19/h16H,4-15H2,1-3H3,(H,18,19)","AMLDBWWQKYLAHJ-UHFFFAOYSA-N","InChI=1S/C17H35NO/c1-2-3-4-5-6-7-8-9-10-11-12-13-14-15-16-17(18)19/h2-16H2,1H3,(H2,18,19)","REEPJBYQLCWOAR"
"68_224.2_8.7",68,224.20025743757,8.74458218571429,0.785382171587451,0.0373290493664461,0.0170357291075729,0.104918961569639,1.42795306981556,1.768639274446,1.58074663840027,1.4389744846814,0.91031317083024,0.660606151494567,0.525041011014991,-0.135565140479576,"Fatty acids","Fatty amides","N-acyl amines","N-Isobutyl-(6Z,8E)-decadienamide",NA,"CCCCCC[C@@H](C)/C=C(C)/C=C/C(N)=O","CC=CC=CCCCCC(=O)NCC(C)C",NA,NA,NA,NA,"SQTPXUBCYVVRHH","InChI=1S/C14H25NO/c1-4-5-6-7-8-12(2)11-13(3)9-10-14(15)16/h9-12H,4-8H2,1-3H3,(H2,15,16)/b10-9+,13-11+/t12-/m1/s1","SQTPXUBCYVVRHH-FHYDJSHKSA-N","InChI=1S/C14H25NO/c1-4-5-6-7-8-9-10-11-14(16)15-12-13(2)3/h4-7,13H,8-12H2,1-3H3,(H,15,16)","RUZPYFCFWHFTJY"
"1915_137.05_0.8",1915,137.045918377963,0.804859324545454,0.816123031033918,0.0135108971015252,0.027137560900112,0.0882443661585154,1.86931581357551,1.5664291889248,1.54290442807907,1.7025611958304,1.10347806697924,0.625648700011908,0.76770665452772,0.142057954515811,"Alkaloids","Pseudoalkaloids","Purine alkaloids","Sarcine","C1=NC2=C(N1)C(=O)NC=N2",NA,"C1=NC2=C(N1)C(=O)N=CN2","InChI=1S/C5H4N4O/c10-5-3-4(7-1-6-3)8-2-9-5/h1-2H,(H2,6,7,8,9,10)",NA,"FDGQSTZJBFJUBT-UHFFFAOYSA-N","FDGQSTZJBFJUBT",NA,NA,NA,"InChI=1S/C5H4N4O/c10-5-3-4(7-1-6-3)8-2-9-5/h1-2H,(H2,6,7,8,9,10)","FDGQSTZJBFJUBT"
"2378_479.12_3.1",2378,479.121685982761,3.10373283125,0.826274380551491,0.080997007932035,0.0386104308917588,0.0828757127616572,1.09153102386959,1.4132953516298,1.6057557008199,1.44604457129266,0.900538338773639,0.683252418368915,0.532112021024764,-0.151140397344151,NA,NA,NA,NA,NA,NA,NA,NA,NA,NA,NA,NA,NA,NA,NA,NA
"4131_302.31_7.1",4131,302.305499683727,7.06126175,0.855246337759527,0.0287320067350342,0.0551870310967891,0.0679087768263071,1.54163404043629,1.25816296909769,1.39374909554544,1.50046466201297,1.07656727226486,0.478970868815876,0.585409341902558,0.106438473086681,"Fatty acids","Sphingolipids","Sphingoid bases","saginfol",NA,NA,"CCCCCCCCCCCCCCCC(C(CO)N)O",NA,NA,NA,NA,NA,NA,NA,"InChI=1S/C18H39NO2/c1-2-3-4-5-6-7-8-9-10-11-12-13-14-15-18(21)17(19)16-20/h17-18,20-21H,2-16,19H2,1H3","OTKJDMGTUTTYMP"
"3047_165.05_1.2",3047,165.054534912109,1.24614825909091,0.874677076982898,0.0249239323901682,0.0451581335127499,0.0581522550572111,1.60338343550333,1.34526401674408,1.50118513548487,1.63045960216962,1.08611493920968,0.586101910053465,0.705278695933627,0.119176785880162,NA,NA,NA,NA,NA,"O=C(O)/C=C/c1ccccc1O",NA,NA,NA,NA,NA,"PMOWTIHVNWZYFI","InChI=1S/C9H8O3/c10-8-4-2-1-3-7(8)5-6-9(11)12/h1-6,10H,(H,11,12)/b6-5+","PMOWTIHVNWZYFI-AATRIKPKSA-N",NA,NA
"1329_482.32_7.2",1329,482.323614682299,7.22761345882353,0.884067311038154,0.0437779869717292,0.0247885694781576,0.0535146674534986,1.35874421232427,1.60574853517927,1.61247246978737,1.49292502831336,0.925860786020252,0.68927452919308,0.57814171805363,-0.11113281113945,"Fatty acids","Glycerophospholipids","Glycerophosphocholines","Lysophosphatidylcholine(15:0/0:0)",NA,"CC(C)CCCCCCCCC[C@@H](C)C(=O)OC[C@@H](O)COP(=O)([O-])OCC[N+](C)(C)C","CCCCCCCCCCCCCCC(=O)OCC(COP(=O)(O)OCC[N+](C)(C)C)O",NA,NA,NA,NA,"SKOJWJADWCAPSY","InChI=1S/C23H48NO7P/c1-20(2)14-12-10-8-7-9-11-13-15-21(3)23(26)29-18-22(25)19-31-32(27,28)30-17-16-24(4,5)6/h20-22,25H,7-19H2,1-6H3/t21-,22-/m1/s1","SKOJWJADWCAPSY-FGZHOGPDSA-N","InChI=1S/C23H48NO7P/c1-5-6-7-8-9-10-11-12-13-14-15-16-17-23(26)29-20-22(25)21-31-32(27,28)30-19-18-24(2,3)4/h22,25H,5-21H2,1-4H3/p+1","RJZVWDTYEWCUAR"
"2051_136.08_1.6",2051,136.075757446289,1.616202784,0.902980668039234,0.000927156595551759,0.00129866738800755,0.0443215474204444,3.0328469078831,2.88650206528546,1.62592881472132,1.69456176737645,1.04221153597484,0.701264095729885,0.760912224525422,0.0596481287955374,NA,NA,NA,NA,NA,"ON=CCc1ccccc1",NA,NA,NA,NA,NA,"CXISHLWVCSLKOJ","InChI=1S/C8H9NO/c10-9-7-6-8-4-2-1-3-5-8/h1-5,7,10H,6H2","CXISHLWVCSLKOJ-UHFFFAOYSA-N",NA,NA
"4242_490.29_6.3",4242,490.293055534363,6.28492176875,0.908826875276367,0.0442026820048588,0.0267641016818179,0.0415188387505204,1.35455137896373,1.57244732882367,1.7244626496358,1.58972096678392,0.921864539727588,0.786146881614796,0.668773561003754,-0.117373320611042,"Fatty acids","Fatty esters","Fatty acyl carnitines","2-[7-[2-(3-hydroxyoct-1-enyl)-5-oxocyclopentyl]heptanoylamino]-3-methylpentanoic acid",NA,NA,"CCCCCC(C=CC1CCC(=O)C1CCCCCCC(=O)NC(C(C)CC)C(=O)O)O",NA,NA,NA,NA,NA,NA,NA,"InChI=1S/C26H45NO5/c1-4-6-9-12-21(28)17-15-20-16-18-23(29)22(20)13-10-7-8-11-14-24(30)27-25(26(31)32)19(3)5-2/h15,17,19-22,25,28H,4-14,16,18H2,1-3H3,(H,27,30)(H,31,32)","JHROCXRVEIGATO"
"130_184.1_3.2",130,184.096778551737,3.15152784166667,0.913686790725835,0.00550053936373363,0.00826618567921789,0.0392026536877134,2.25959472301333,2.08269484360379,1.57037720189973,1.65287767584297,1.05253545061877,0.651111133606386,0.724979959364172,0.073868825757786,"Amino acids and Peptides","Small peptides","Aminoacids","[(2R)-2,3-dicarboxycyclopropyl]methyl-trimethylazanium",NA,"O=C(O)c1cccc(O)c1|O=C(O)c1ccccc1O|O=C(O)c1ccc(O)cc1","C[N+](C)(C)CC1C(C1C(=O)O)C(=O)O",NA,NA,NA,NA,"IJFXRHURBJZNAO|YGSDEFSMJLZEOE|FJKROLUGYXJWQN","InChI=1S/C7H6O3/c8-6-3-1-2-5(4-6)7(9)10/h1-4,8H,(H,9,10)|InChI=1S/C7H6O3/c8-6-4-2-1-3-5(6)7(9)10/h1-4,8H,(H,9,10)|InChI=1S/C7H6O3/c8-6-3-1-5(2-4-6)7(9)10/h1-4,8H,(H,9,10)","IJFXRHURBJZNAO-UHFFFAOYSA-N|YGSDEFSMJLZEOE-UHFFFAOYSA-N|FJKROLUGYXJWQN-UHFFFAOYSA-N","InChI=1S/C9H15NO4/c1-10(2,3)4-5-6(8(11)12)7(5)9(13)14/h5-7H,4H2,1-3H3,(H-,11,12,13,14)/p+1","LGCMKYRYRXDCIT"
"1399_170.08_2.8",1399,170.081153233846,2.798025425,0.917479491584608,0.0319561114354187,0.0517726182070962,0.0374036347501861,1.49544607306535,1.28589987163892,1.4393948551996,1.52729300691982,1.0610660455001,0.525462406878166,0.610976865722703,0.0855144588445374,NA,NA,NA,NA,NA,"COc1ccc(C(=O)O)cc1|COc1ccccc1C(=O)O|O=C(O)Cc1ccc(O)cc1|O=C(O)Cc1ccccc1O|COC(=O)c1ccccc1O",NA,NA,NA,NA,NA,"ZEYHEAKUIGZSGI|ILUJQPXNXACGAN|XQXPVVBIMDBYFF|CCVYRRGZDBSHFU|OSWPMRLSEDHDFF","InChI=1S/C8H8O3/c1-11-7-4-2-6(3-5-7)8(9)10/h2-5H,1H3,(H,9,10)|InChI=1S/C8H8O3/c1-11-7-5-3-2-4-6(7)8(9)10/h2-5H,1H3,(H,9,10)|InChI=1S/C8H8O3/c9-7-3-1-6(2-4-7)5-8(10)11/h1-4,9H,5H2,(H,10,11)|InChI=1S/C8H8O3/c9-7-4-2-1-3-6(7)5-8(10)11/h1-4,9H,5H2,(H,10,11)|InChI=1S/C8H8O3/c1-11-8(10)6-4-2-3-5-7(6)9/h2-5,9H,1H3","ZEYHEAKUIGZSGI-UHFFFAOYSA-N|ILUJQPXNXACGAN-UHFFFAOYSA-N|XQXPVVBIMDBYFF-UHFFFAOYSA-N|CCVYRRGZDBSHFU-UHFFFAOYSA-N|OSWPMRLSEDHDFF-UHFFFAOYSA-N",NA,NA
"1535_170.08_2.7",1535,170.081072692871,2.70637476,0.929375996432825,0.00762056741666017,0.0111545910577168,0.0318085485037941,2.11801269050424,1.95254634690704,1.56793596504692,1.64636321987965,1.05001942463281,0.648866640578315,0.719282657576578,0.0704160169982628,"Amino acids and Peptides","Small peptides","Aminoacids","(2S,5S)-5-carboxyethyl proline",NA,"COc1ccc(C(=O)O)cc1|COc1ccccc1C(=O)O|O=C(O)Cc1ccc(O)cc1|O=C(O)Cc1ccccc1O|COC(=O)c1ccccc1O","C1CC(NC1CCC(=O)O)C(=O)O",NA,NA,NA,NA,"ZEYHEAKUIGZSGI|ILUJQPXNXACGAN|XQXPVVBIMDBYFF|CCVYRRGZDBSHFU|OSWPMRLSEDHDFF","InChI=1S/C8H8O3/c1-11-7-4-2-6(3-5-7)8(9)10/h2-5H,1H3,(H,9,10)|InChI=1S/C8H8O3/c1-11-7-5-3-2-4-6(7)8(9)10/h2-5H,1H3,(H,9,10)|InChI=1S/C8H8O3/c9-7-3-1-6(2-4-7)5-8(10)11/h1-4,9H,5H2,(H,10,11)|InChI=1S/C8H8O3/c9-7-4-2-1-3-6(7)5-8(10)11/h1-4,9H,5H2,(H,10,11)|InChI=1S/C8H8O3/c1-11-8(10)6-4-2-3-5-7(6)9/h2-5,9H,1H3","ZEYHEAKUIGZSGI-UHFFFAOYSA-N|ILUJQPXNXACGAN-UHFFFAOYSA-N|XQXPVVBIMDBYFF-UHFFFAOYSA-N|CCVYRRGZDBSHFU-UHFFFAOYSA-N|OSWPMRLSEDHDFF-UHFFFAOYSA-N","InChI=1S/C8H13NO4/c10-7(11)4-2-5-1-3-6(9-5)8(12)13/h5-6,9H,1-4H2,(H,10,11)(H,12,13)","ZASXUESHZGBSOD"
"2695_153.04_0.8",2695,153.040672302246,0.833668129411765,0.944048653216713,0.00916912355648403,0.00658982692777865,0.0250056229910683,2.03767217499234,2.18112599136923,1.66673570582187,1.59598057582986,0.957548680486732,0.73702535439658,0.674443093086279,-0.0625822613103008,"Alkaloids","Pseudoalkaloids (transamidation)","Purine alkaloids","xanthine","c1[nH]c2c(n1)[nH]c(=O)[nH]c2=O",NA,"C1=NC2=C(N1)C(=O)NC(=O)N2","InChI=1S/C5H4N4O2/c10-4-2-3(7-1-6-2)8-5(11)9-4/h1H,(H3,6,7,8,9,10,11)",NA,"LRFVTYWOQMYALW-UHFFFAOYSA-N","LRFVTYWOQMYALW",NA,NA,NA,"InChI=1S/C5H4N4O2/c10-4-2-3(7-1-6-2)8-5(11)9-4/h1H,(H3,6,7,8,9,10,11)","LRFVTYWOQMYALW"
"1190_437.21_4.2",1190,437.214381747776,4.16833218333333,0.946041586845829,4.74236019261109e-05,5.53551314410594e-05,0.0240897721175637,4.32400546349096,4.25684211366079,1.81338074726848,1.85412880668858,1.02247076874588,0.858681872972192,0.89074147174981,0.0320595987776185,NA,NA,NA,NA,NA,NA,NA,NA,NA,NA,NA,NA,NA,NA,NA,NA
"1442_303.14_2.2",1442,303.142217255112,2.185641705,0.95453263819734,0.0109501299494792,0.00808162202358031,0.020209217247615,1.96058072685063,2.0925014653153,1.63986849066896,1.57700377248844,0.961664780719776,0.713580122485352,0.657186111329344,-0.0563940111560074,NA,NA,NA,NA,NA,NA,NA,NA,NA,NA,NA,NA,NA,NA,NA,NA
"4348_242.25_8.7",4348,242.247661743695,8.728136668,0.966910313149975,0.030968431482489,0.0231838035578734,0.0146138075203678,1.50908079063128,1.63481531174234,1.52830584614739,1.4762547956749,0.9659419934801,0.611933285890801,0.561941746284688,-0.0499915396061135,"Fatty acids","Fatty amides","Primary amides","Pentadecanamide",NA,"CC(C)CCCCCCCCCCCC(N)=O","CCCCCCCCCCCCCCC(=O)N",NA,NA,NA,NA,"ZMLQVXILYPDTDA","InChI=1S/C15H31NO/c1-14(2)12-10-8-6-4-3-5-7-9-11-13-15(16)17/h14H,3-13H2,1-2H3,(H2,16,17)","ZMLQVXILYPDTDA-UHFFFAOYSA-N","InChI=1S/C15H31NO/c1-2-3-4-5-6-7-8-9-10-11-12-13-14-15(16)17/h2-14H2,1H3,(H2,16,17)","RQGCQWARLQDMCZ"
"678_550.39_8.9",678,550.386354447031,8.89647841875,0.987271872452599,0.0235915595330771,0.0198124729002348,0.00556323593505432,1.62724334888877,1.70306131447156,1.63113138733846,1.59132316629196,0.975594718270084,0.705872995555161,0.670226848278952,-0.0356461472762086,"Fatty acids","Glycerophospholipids","Glycerophosphocholines","Butenoyl PAF",NA,NA,"CCCCCCCCCCCCCCCCOCC(COP(=O)(O)OCC[N+](C)(C)C)OC(=O)C=CC",NA,NA,NA,NA,NA,NA,NA,"InChI=1S/C28H56NO7P/c1-6-8-9-10-11-12-13-14-15-16-17-18-19-20-23-33-25-27(36-28(30)21-7-2)26-35-37(31,32)34-24-22-29(3,4)5/h7,21,27H,6,8-20,22-26H2,1-5H3/p+1","SRZBVCCSIMMDOV"
"4006_541.34_8.5",4006,541.335430146694,8.49000836875,0.988071670245532,0.0358850396640793,0.0428985043509982,0.00521155251434073,1.44508656940153,1.36755784915401,1.54268383716147,1.58239796568493,1.02574353057107,0.625442421405647,0.662112476496476,0.0366700550908295,NA,NA,NA,NA,NA,NA,NA,NA,NA,NA,NA,NA,NA,NA,NA,NA
"2087_490.29_6.1",2087,490.293328094482,6.138939015,0.992163312173946,0.00036291096935126,0.000392757077571693,0.0034168361740447,3.44019990461089,3.40587598013233,1.74432069487096,1.76310254874229,1.01076743165781,0.802665305233355,0.81811638972293,0.015451084489575,"Fatty acids","Fatty esters","Fatty acyl carnitines","2-[7-[2-(3-hydroxyoct-1-enyl)-5-oxocyclopentyl]heptanoylamino]-3-methylpentanoic acid",NA,NA,"CCCCCC(C=CC1CCC(=O)C1CCCCCCC(=O)NC(C(C)CC)C(=O)O)O",NA,NA,NA,NA,NA,NA,NA,"InChI=1S/C26H45NO5/c1-4-6-9-12-21(28)17-15-20-16-18-23(29)22(20)13-10-7-8-11-14-24(30)27-25(26(31)32)19(3)5-2/h15,17,19-22,25,28H,4-14,16,18H2,1-3H3,(H,27,30)(H,31,32)","JHROCXRVEIGATO"
"10_137.05_1.2",10,137.045756530762,1.156007972,0.992334100776056,0.0257001958339383,0.0224168373353485,0.00334208420191576,1.5900635673584,1.64942565956858,1.54174860850332,1.51580243919147,0.983170946827034,0.624567544220088,0.600081733342877,-0.0244858108772107,"Alkaloids","Pseudoalkaloids","Purine alkaloids","Sarcine","C1=NC2=C(N1)C(=O)NC=N2",NA,"C1=NC2=C(N1)C(=O)N=CN2","InChI=1S/C5H4N4O/c10-5-3-4(7-1-6-3)8-2-9-5/h1-2H,(H2,6,7,8,9,10)",NA,"FDGQSTZJBFJUBT-UHFFFAOYSA-N","FDGQSTZJBFJUBT",NA,NA,NA,"InChI=1S/C5H4N4O/c10-5-3-4(7-1-6-3)8-2-9-5/h1-2H,(H2,6,7,8,9,10)","FDGQSTZJBFJUBT"
"732_242.25_8.7",732,242.247590943073,8.728136668,0.992565016637004,0.0134572104694773,0.0152859842404443,0.00324103575691796,1.87104495521363,1.81570659250007,1.51303024550498,1.53549776775948,1.01484935434784,0.597440827345732,0.618706414987402,0.0212655876416703,"Fatty acids","Fatty amides","Primary amides","Pentadecanamide",NA,"CC(C)CCCCCCCCCCCC(N)=O","CCCCCCCCCCCCCCC(=O)N",NA,NA,NA,NA,"ZMLQVXILYPDTDA","InChI=1S/C15H31NO/c1-14(2)12-10-8-6-4-3-5-7-9-11-13-15(16)17/h14H,3-13H2,1-2H3,(H2,16,17)","ZMLQVXILYPDTDA-UHFFFAOYSA-N","InChI=1S/C15H31NO/c1-2-3-4-5-6-7-8-9-10-11-12-13-14-15(16)17/h2-14H2,1H3,(H2,16,17)","RQGCQWARLQDMCZ"
"1668_386.29_8.5",1668,386.289886475125,8.54992140476191,0.993344730676744,0.0348108296981693,0.039743845577202,0.00290000764848585,1.4582856254074,1.40073011326655,1.54894890782049,1.57824647924555,1.01891448535012,0.631289557523441,0.658322532738379,0.0270329752149385,"Fatty acids","Fatty amides","N-acyl amines","Palmitoylglutamic acid","CCCCCCCCCCCCCCCC(NC(C(O)=O)CCC(O)=O)=O","CCCCCC[C@H](O)[C@@H](O)C=C[C@H](O)CCCCCCC(=O)OC","CCCCCCCCCCCCCCCC(=O)NC(CCC(=O)O)C(=O)O","InChI=1S/C21H39NO5/c1-2-3-4-5-6-7-8-9-10-11-12-13-14-15-19(23)22-18(21(26)27)16-17-20(24)25/h18H,2-17H2,1H3,(H,22,23)(H,24,25)(H,26,27)",NA,"KMAOMYOPEIRFLB-UHFFFAOYSA-N","KMAOMYOPEIRFLB","VAGGDCACZPJMFS","InChI=1S/C19H36O5/c1-3-4-5-9-12-17(21)18(22)15-14-16(20)11-8-6-7-10-13-19(23)24-2/h14-18,20-22H,3-13H2,1-2H3/t16-,17+,18+/m1/s1","VAGGDCACZPJMFS-SQNIBIBYSA-N","InChI=1S/C21H39NO5/c1-2-3-4-5-6-7-8-9-10-11-12-13-14-15-19(23)22-18(21(26)27)16-17-20(24)25/h18H,2-17H2,1H3,(H,22,23)(H,24,25)(H,26,27)","KMAOMYOPEIRFLB"
"527_295.13_2.3",527,295.128527189556,2.34016375789474,0.994328698498102,0.013227076216683,0.0118551479140679,0.00247002571702656,1.87853614396747,1.92609302305545,1.61605384658456,1.59294787582026,0.985702227179415,0.692475269195082,0.671699060004504,-0.0207762091905784,"Amino acids and Peptides","Small peptides","Dipeptides","gamma-GLU-PHE","O=C(O)[C@H](CC1=CC=CC=C1)NC(CC[C@H](N)C(O)=O)=O","N[C@@H](CCC(=O)N[C@@H](Cc1ccccc1)C(=O)O)C(=O)O","C1=CC=C(C=C1)CC(C(=O)O)NC(=O)CCC(C(=O)O)N","InChI=1S/C14H18N2O5/c15-10(13(18)19)6-7-12(17)16-11(14(20)21)8-9-4-2-1-3-5-9/h1-5,10-11H,6-8,15H2,(H,16,17)(H,18,19)(H,20,21)/t10-,11-/m0/s1",NA,"XHHOHZPNYFQJKL-QWRGUYRKSA-N","XHHOHZPNYFQJKL","XHHOHZPNYFQJKL","InChI=1S/C14H18N2O5/c15-10(13(18)19)6-7-12(17)16-11(14(20)21)8-9-4-2-1-3-5-9/h1-5,10-11H,6-8,15H2,(H,16,17)(H,18,19)(H,20,21)/t10-,11-/m0/s1","XHHOHZPNYFQJKL-QWRGUYRKSA-N","InChI=1S/C14H18N2O5/c15-10(13(18)19)6-7-12(17)16-11(14(20)21)8-9-4-2-1-3-5-9/h1-5,10-11H,6-8,15H2,(H,16,17)(H,18,19)(H,20,21)","XHHOHZPNYFQJKL"
"901_200.09_2.5",901,200.09195037948,2.491862668,0.994814946798447,0.0181551711408308,0.0202615127114407,0.00225769820776857,1.74099965282831,1.69332813362003,1.57870773570647,1.60222547855595,1.01489683132449,0.658744111493199,0.680077190133756,0.0213330786405567,"Amino acids and Peptides","Small peptides","Aminoacids","Ethyl acetaminomalonate",NA,"O=C(O)c1cccc(O)c1O|O=C(O)c1ccc(O)c(O)c1|O=C(O)c1cc(O)ccc1O","CCOC(=O)C(C(=O)OCC)NC(=O)C",NA,NA,NA,NA,"GLDQAMYCGOIJDV|YQUVCSBJEUQKSH|WXTMDXOMEHJXQO","InChI=1S/C7H6O4/c8-5-3-1-2-4(6(5)9)7(10)11/h1-3,8-9H,(H,10,11)|InChI=1S/C7H6O4/c8-5-2-1-4(7(10)11)3-6(5)9/h1-3,8-9H,(H,10,11)|InChI=1S/C7H6O4/c8-4-1-2-6(9)5(3-4)7(10)11/h1-3,8-9H,(H,10,11)","GLDQAMYCGOIJDV-UHFFFAOYSA-N|YQUVCSBJEUQKSH-UHFFFAOYSA-N|WXTMDXOMEHJXQO-UHFFFAOYSA-N","InChI=1S/C9H15NO5/c1-4-14-8(12)7(10-6(3)11)9(13)15-5-2/h7H,4-5H2,1-3H3,(H,10,11)","ISOLMABRZPQKOV"
"2268_166.05_0.6",2268,166.053343604593,0.623513397647059,0.995874079869231,0.0279187793276202,0.0309204700365033,0.00179557108948694,1.55410357397394,1.50975391279032,1.64067258854741,1.66737203829821,1.01627347829005,0.714287364380417,0.737576046689437,0.0232886823090198,"Amino acids and Peptides","Small peptides","Aminoacids","bmse000397","CS(=O)CCC(C(=O)O)N","C[S@+]([O-])CC[C@H](N)C(=O)O","CS(=O)CCC(C(=O)O)N","1S/C5H11NO3S/c1-10(9)3-2-4(6)5(7)8/h4H,2-3,6H2,1H3,(H,7,8)/t4-,10?/m0/s1",NA,"QEFRNWWLZKMPFJ-UHFFFAOYSA-N","QEFRNWWLZKMPFJ","QEFRNWWLZKMPFJ","InChI=1S/C5H11NO3S/c1-10(9)3-2-4(6)5(7)8/h4H,2-3,6H2,1H3,(H,7,8)/t4-,10-/m0/s1","QEFRNWWLZKMPFJ-MFXDVPHUSA-N","InChI=1S/C5H11NO3S/c1-10(9)3-2-4(6)5(7)8/h4H,2-3,6H2,1H3,(H,7,8)","QEFRNWWLZKMPFJ"
"1279_165.05_0.9",1279,165.054686431885,0.9368586532,0.99642925396691,0.033635405679558,0.0370447129918646,0.00155353058364263,1.47320332988601,1.43127376561453,1.45489978927376,1.47116811413832,1.01118174941291,0.540919786469195,0.556962116460478,0.0160423299912833,"Shikimates and Phenylpropanoids","Phenylpropanoids (C6-C3)","Cinnamic acids and derivatives","ACMC-20anjv",NA,"O=C(O)/C=C/c1ccccc1O","C1=CC(=CC=C1CC(C(=O)O)O)O",NA,NA,NA,NA,"PMOWTIHVNWZYFI","InChI=1S/C9H8O3/c10-8-4-2-1-3-7(8)5-6-9(11)12/h1-6,10H,(H,11,12)/b6-5+","PMOWTIHVNWZYFI-AATRIKPKSA-N","InChI=1S/C9H10O4/c10-7-3-1-6(2-4-7)5-8(11)9(12)13/h1-4,8,10-11H,5H2,(H,12,13)","JVGVDSSUAVXRDY"
"2471_314.34_8",2471,314.341822510239,7.97488686,0.997819648102666,0.0511615139121963,0.0473511391169179,0.000947948604338896,1.29105661286451,1.32466956879923,1.57167956063967,1.55372053690561,0.988573355419381,0.652307106018834,0.635727033811515,-0.0165800722073192,"Fatty acids","Fatty acyls","Fatty alcohols","2-(Octadecylamino)ethanol",NA,NA,"CCCCCCCCCCCCCCCCCCNCCO",NA,NA,NA,NA,NA,NA,NA,"InChI=1S/C20H43NO/c1-2-3-4-5-6-7-8-9-10-11-12-13-14-15-16-17-18-21-19-20-22/h21-22H,2-20H2,1H3","YGCMLNDQGHTAPC"
"2604_479.26_5.8",2604,479.261558532897,5.82462159411765,0.998167602477081,0.0063924049566727,0.00677041665267697,0.000796530135859614,2.19433572041534,2.16938460393073,1.6590069453592,1.67209404531025,1.0078885142631,0.730319926085399,0.741655992686192,0.011336066600793,NA,NA,NA,NA,NA,NA,NA,NA,NA,NA,NA,NA,NA,NA,NA,NA
"3380_182.08_0.9",3380,182.08117401123,0.9114548852,0.998496894566528,0.0248260499178318,0.0263818456902668,0.000653281494047644,1.60509237570755,1.5786948242158,1.47484472968131,1.48507500390279,1.00693650932576,0.560563076840561,0.570535796363439,0.00997271952287834,"Amino acids and Peptides","Small peptides","Aminoacids","tyrosine",NA,"N[C@@H](Cc1ccc(O)cc1)C(=O)O","C1=CC(=CC=C1CC(C(=O)O)N)O",NA,NA,NA,NA,"OUYCCCASQSFEME","InChI=1S/C9H11NO3/c10-8(9(12)13)5-6-1-3-7(11)4-2-6/h1-4,8,11H,5,10H2,(H,12,13)/t8-/m0/s1","OUYCCCASQSFEME-QMMMGPOBSA-N","InChI=1S/C9H11NO3/c10-8(9(12)13)5-6-1-3-7(11)4-2-6/h1-4,8,11H,5,10H2,(H,12,13)","OUYCCCASQSFEME"
"3526_208.1_3.2",3526,208.096499235999,3.17854207826087,0.998634565729325,0.0270449694052106,0.0255190364018754,0.000593405789715423,1.56791350551997,1.59313572858917,1.60373431727034,1.59056159082046,0.991786216514777,0.681435157438464,0.66953623798924,-0.0118989194492243,"Amino acids and Peptides","Small peptides","Dipeptides","Afalanina","CC(=O)NC(Cc1ccccc1)C(=O)O",NA,"CC(=O)NC(CC1=CC=CC=C1)C(=O)O","\"\"InChI=1S/C11H13NO3/c1-8(13)12-10(11(14)15)7-9-5-3-2-4-6-9/h2-6,10H,7H2,1H3,(H,12,13)(H,14,15)\"\"","CBQJSKKFNMDLON-UHFFFAOYSA-N","CBQJSKKFNMDLON-UHFFFAOYSA-N","CBQJSKKFNMDLON",NA,NA,NA,"InChI=1S/C11H13NO3/c1-8(13)12-10(11(14)15)7-9-5-3-2-4-6-9/h2-6,10H,7H2,1H3,(H,12,13)(H,14,15)","CBQJSKKFNMDLON"
"449_121.03_1.8",449,121.028579950333,1.78797306875,0.999446923755539,0.0114194203084537,0.0118124508637081,0.000240264409435915,1.94235594190713,1.92765998501515,1.63512640215129,1.64277896152016,1.0046801026262,0.709402166431644,0.716138376470945,0.00673621003930066,"Shikimates and Phenylpropanoids","Phenolic acids (C6-C1)","Simple phenolic acids","Domerine",NA,NA,"C1=CC=C(C(=C1)C(=O)O)O",NA,NA,NA,NA,NA,NA,NA,"InChI=1S/C7H6O3/c8-6-4-2-1-3-5(6)7(9)10/h1-4,8H,(H,9,10)","YGSDEFSMJLZEOE"
"131_261.14_2.2",131,261.144465130107,2.1830942,0.999993495004413,0.0160047096580864,0.0159439235715461,2.82509287674556e-06,1.79575219999749,1.7974047961274,1.61492585753145,1.61408274682066,0.999477926056566,0.691467931218225,0.690714541049251,-0.000753390168973646,"Amino acids and Peptides","Small peptides","Dipeptides","gamma-Glu-leu","CC(C)CC(C(O)=O)NC(=O)CCC(N)C(O)=O","CC(C)C[C@H](N)C(=O)N[C@@H](CCC(=O)O)C(=O)O|CC(C)(CO)C(O)C(=O)NCCC(=O)O","CC(C)CC(C(=O)O)NC(=O)CCC(C(=O)O)N","1S/C11H20N2O5/c1-6(2)5-8(11(17)18)13-9(14)4-3-7(12)10(15)16/h6-8H,3-5,12H2,1-2H3,(H,13,14)(H,15,16)(H,17,18)/t7-,8-/m0/s1",NA,"MYFMARDICOWMQP-UHFFFAOYSA-N","MYFMARDICOWMQP","NFNVDJGXRFEYTK|GHOKWGTUZJEAQD","InChI=1S/C11H20N2O5/c1-6(2)5-7(12)10(16)13-8(11(17)18)3-4-9(14)15/h6-8H,3-5,12H2,1-2H3,(H,13,16)(H,14,15)(H,17,18)/t7-,8-/m0/s1|InChI=1S/C9H17NO5/c1-9(2,5-11)7(14)8(15)10-4-3-6(12)13/h7,11,14H,3-5H2,1-2H3,(H,10,15)(H,12,13)","NFNVDJGXRFEYTK-YUMQZZPRSA-N|GHOKWGTUZJEAQD-UHFFFAOYSA-N","InChI=1S/C11H20N2O5/c1-6(2)5-8(11(17)18)13-9(14)4-3-7(12)10(15)16/h6-8H,3-5,12H2,1-2H3,(H,13,14)(H,15,16)(H,17,18)","MYFMARDICOWMQP"
"3910_416.25_4.6",3910,416.246481502757,4.63971735294118,0.999994441788706,0.0327509066338096,0.0326273651930115,2.41390720289007e-06,1.48477667305813,1.48641799603553,1.60796141741842,1.60705452932281,0.999436001333251,0.685232789870752,0.684418882248178,-0.00081390762257457,"Alkaloids","Pseudoalkaloids","Purine alkaloids","null",NA,NA,"CC(=O)N1CCN(CC1)CC2CN3CCC2CC3CNC(=S)NC4=CC=CC=C4",NA,NA,NA,NA,NA,NA,NA,"InChI=1S/C22H33N5OS/c1-17(28)26-11-9-25(10-12-26)15-19-16-27-8-7-18(19)13-21(27)14-23-22(29)24-20-5-3-2-4-6-20/h2-6,18-19,21H,7-16H2,1H3,(H2,23,24,29)","YDOJPHWMTXTPLK"
"1705_476.32_6",1705,476.321930829387,6.04415163529412,0.999999382555185,0.0157504333169882,0.0157688814995127,2.6815295903552e-07,1.80270749364656,1.80219911046418,1.70708443969959,1.70739961155607,1.00018462581531,0.77153442199946,0.771800756162304,0.000266334162843918,"Fatty acids","Fatty amides","N-acyl amines","null",NA,NA,"CC1CCC2CC3=C(C(CC13C24CN(C=CC4CNC)C(=NCCNC)N)(COC)O)C(=O)O",NA,NA,NA,NA,NA,NA,NA,"InChI=1S/C25H41N5O4/c1-16-5-6-17-11-19-20(21(31)32)23(33,15-34-4)13-24(16,19)25(17)14-30(10-7-18(25)12-28-3)22(26)29-9-8-27-2/h7,10,16-18,27-28,33H,5-6,8-9,11-15H2,1-4H3,(H2,26,29)(H,31,32)","FCJIOKJCMDMFJT"
"3846_565.16_2.8",3846,565.15543566293,2.7919226,1,0.000624692751173828,0.000624692751173828,0,3.20433353350247,3.20433353350247,1.77110966904739,1.77110966904739,1,0.824653548110245,0.824653548110245,0,"Shikimates and Phenylpropanoids","Flavonoids","Flavones","Vicenin 3",NA,NA,"C1C(C(C(C(O1)C2=C3C(=C(C(=C2O)C4C(C(C(C(O4)CO)O)O)O)O)C(=O)C=C(O3)C5=CC=C(C=C5)O)O)O)O",NA,NA,NA,NA,NA,NA,NA,"InChI=1S/C26H28O14/c27-6-13-18(32)21(35)23(37)26(40-13)15-19(33)14-10(29)5-12(8-1-3-9(28)4-2-8)39-24(14)16(20(15)34)25-22(36)17(31)11(30)7-38-25/h1-5,11,13,17-18,21-23,25-28,30-37H,6-7H2","MMDUKUSNQNWVET"
"89_412.31_8.7",89,412.305154419805,8.74335328666667,1,0.0168888782333192,0.0168888782333192,0,1.77239919550053,1.77239919550053,1.7396538461863,1.7396538461863,1,0.798800269251302,0.798800269251302,0,"Fatty acids","Fatty amides","N-acyl amines","Oleoyl glutamic acid",NA,NA,"CCCCCCCCC=CCCCCCCCC(=O)NC(CCC(=O)O)C(=O)O",NA,NA,NA,NA,NA,NA,NA,"InChI=1S/C23H41NO5/c1-2-3-4-5-6-7-8-9-10-11-12-13-14-15-16-17-21(25)24-20(23(28)29)18-19-22(26)27/h9-10,20H,2-8,11-19H2,1H3,(H,24,25)(H,26,27)(H,28,29)","UUFVSGRELDGPGL"
"3755_392.31_9",3755,392.314637756655,8.9558868,1,0.0203210694910436,0.0203210694910435,0,1.6920534390143,1.69205343901431,1.60977148581368,1.60977148581368,1,0.686855905928852,0.686855905928852,0,"Fatty acids","Fatty amides","N-acyl amines","N,N-(2,2-dihydroxy-ethyl)arachidonoylamide",NA,"O=C(O)CCCCCCCCCCCCCCCCCCCO","CCCCCC=CCC=CCC=CCC=CCCCC(=O)N(CCO)CCO",NA,NA,NA,NA,"JLDIWYKSFMPIDW","InChI=1S/C20H40O3/c21-19-17-15-13-11-9-7-5-3-1-2-4-6-8-10-12-14-16-18-20(22)23/h21H,1-19H2,(H,22,23)","JLDIWYKSFMPIDW-UHFFFAOYSA-N","InChI=1S/C24H41NO3/c1-2-3-4-5-6-7-8-9-10-11-12-13-14-15-16-17-18-19-24(28)25(20-22-26)21-23-27/h6-7,9-10,12-13,15-16,26-27H,2-5,8,11,14,17-23H2,1H3","HVEFQBBVYPUGOM"
"3842_446.24_4.2",3842,446.238632202571,4.21889169333333,1,0.0240244638996734,0.0240244638996734,0,1.61934629473169,1.61934629473169,1.62218225061264,1.62218225061264,1,0.697935914058526,0.697935914058526,0,"Alkaloids","Ornithine alkaloids","Polyamines","null",NA,NA,"C1=CC=C(C=C1)CC(C(=O)O)NC(=O)C(CC(=O)O)NC(=O)CCCCCCCN=C(N)N",NA,NA,NA,NA,NA,NA,NA,"InChI=1S/C22H33N5O6/c23-22(24)25-12-8-3-1-2-7-11-18(28)26-16(14-19(29)30)20(31)27-17(21(32)33)13-15-9-5-4-6-10-15/h4-6,9-10,16-17H,1-3,7-8,11-14H2,(H,26,28)(H,27,31)(H,29,30)(H,32,33)(H4,23,24,25)","PLSJXKVBQIPFJY"
"3693_231.21_2.9",3693,231.206501261393,2.91611166,1,0.0257037787943192,0.0257037787943194,0,1.5900030249612,1.5900030249612,1.60476953498597,1.60476953498597,1,0.682366123137846,0.682366123137846,0,"Fatty acids","Ornithine alkaloids","Polyamines","N-(6-Aminohexyl)-6-hydroxyhexanamide",NA,NA,"C(CCCNC(=O)CCCCCO)CCN",NA,NA,NA,NA,NA,NA,NA,"InChI=1S/C12H26N2O2/c13-9-5-1-2-6-10-14-12(16)8-4-3-7-11-15/h15H,1-11,13H2,(H,14,16)","PPTSELWQYYWEQG"
"4031_240.16_2.6",4031,240.159429822709,2.56189608571429,1,0.0428982849999761,0.0428982849999761,0,1.36756006981842,1.36756006981842,1.59489824188018,1.59489824188018,1,0.673464379715529,0.673464379715529,0,"Alkaloids","Ornithine alkaloids","Pyrrolidine alkaloids","ethyl n-boc-isonipecotate",NA,"CC=C(C)C(=O)OCC1CCN2CCC(O)C12","CCOC(=O)C1CCN(CC1)C(=O)OC(C)(C)C",NA,NA,NA,NA,"FOWFFDPFIJUTGG","InChI=1S/C13H21NO3/c1-3-9(2)13(16)17-8-10-4-6-14-7-5-11(15)12(10)14/h3,10-12,15H,4-8H2,1-2H3","FOWFFDPFIJUTGG-UHFFFAOYSA-N","InChI=1S/C13H23NO4/c1-5-17-11(15)10-6-8-14(9-7-10)12(16)18-13(2,3)4/h10H,5-9H2,1-4H3","MYHJCTUTPIKNAT"
"1908_240.21_1.8",1908,240.20650278775,1.75867309333333,1,0.0465879119553434,0.0465879119553434,0,1.33172675395602,1.33172675395602,1.56111658490786,1.56111658490786,1,0.642578282471337,0.642578282471337,0,"Alkaloids","Ornithine alkaloids","Polyamines","N1, N8-bis(ethyl)spermidine",NA,NA,"CCC(=O)NCCCCNCCCNC(=O)CC",NA,NA,NA,NA,NA,NA,NA,"InChI=1S/C13H27N3O2/c1-3-12(17)15-10-6-5-8-14-9-7-11-16-13(18)4-2/h14H,3-11H2,1-2H3,(H,15,17)(H,16,18)","LOGGQZPSIXJUSA"
"1471_478.34_6.4",1471,478.337507121216,6.39194206666666,1,0.048256765097599,0.0482567650975992,0,1.31644179447344,1.31644179447344,1.57064620376504,1.57064620376504,1,0.651358242658377,0.651358242658377,0,"Amino acids and Peptides","Fatty amides","N-acyl amines","null",NA,NA,"CC(C)CC(C(=O)C)NC(=O)C1CCCN1C(=O)C(C(C)C)NC(=O)C(CCCCN)NC(=O)C",NA,NA,NA,NA,NA,NA,NA,"InChI=1S/C25H45N5O5/c1-15(2)14-20(17(5)31)28-24(34)21-11-9-13-30(21)25(35)22(16(3)4)29-23(33)19(27-18(6)32)10-7-8-12-26/h15-16,19-22H,7-14,26H2,1-6H3,(H,27,32)(H,28,34)(H,29,33)","ZETHLDWUNRZGGA"
