"feature_id","feature_id_full","feature_id_full_annotated","feature_mz","feature_rt","sample_Biscutella laevigata_control_NA_vs_sample_Biscutella laevigata_treatment_distal_p_value","sample_Biscutella laevigata_control_NA_vs_sample_Biscutella laevigata_treatment_proximal_p_value","sample_Biscutella laevigata_treatment_distal_vs_sample_Biscutella laevigata_treatment_proximal_p_value","sample_Biscutella laevigata_control_NA_vs_sample_Biscutella laevigata_treatment_distal_p_value_minus_log10","sample_Biscutella laevigata_control_NA_vs_sample_Biscutella laevigata_treatment_proximal_p_value_minus_log10","sample_Biscutella laevigata_treatment_distal_vs_sample_Biscutella laevigata_treatment_proximal_p_value_minus_log10","sample_Biscutella laevigata_treatment_distal_vs_sample_Biscutella laevigata_treatment_proximal_fold_change","sample_Biscutella laevigata_control_NA_vs_sample_Biscutella laevigata_treatment_proximal_fold_change","sample_Biscutella laevigata_control_NA_vs_sample_Biscutella laevigata_treatment_distal_fold_change","sample_Biscutella laevigata_treatment_distal_vs_sample_Biscutella laevigata_treatment_proximal_fold_change_log2","sample_Biscutella laevigata_control_NA_vs_sample_Biscutella laevigata_treatment_proximal_fold_change_log2","sample_Biscutella laevigata_control_NA_vs_sample_Biscutella laevigata_treatment_distal_fold_change_log2","sirius_name","sirius_chebiasciiname","sirius_chebiid","sirius_confidencescore","sirius_csi_fingeridscore","sirius_siriusscore","sirius_zodiacscore","sirius_inchi","sirius_inchikey2d","sirius_molecularformula","sirius_adduct","sirius_smiles","canopus_npc_pathway","canopus_npc_class","canopus_npc_superclass","met_annot_structure_exact_mass","met_annot_structure_inchi","met_annot_structure_inchikey","met_annot_short_inchikey","met_annot_structure_smiles","met_annot_structure_molecular_formula","met_annot_structure_nametraditional","met_annot_structure_wikidata","met_annot_structure_taxonomy_npclassifier_01pathway","met_annot_structure_taxonomy_npclassifier_02superclass","met_annot_structure_taxonomy_npclassifier_01pathway_consensus","met_annot_structure_taxonomy_npclassifier_02superclass_consensus","met_annot_structure_taxonomy_npclassifier_03class_consensus","met_annot_organism_name","met_annot_organism_taxonomy_01domain","met_annot_organism_taxonomy_02kingdom","met_annot_organism_taxonomy_03phylum","met_annot_organism_taxonomy_04class","met_annot_organism_taxonomy_05order","met_annot_organism_taxonomy_06family","met_annot_organism_taxonomy_07tribe","met_annot_organism_taxonomy_08genus","met_annot_organism_taxonomy_09species","met_annot_organism_taxonomy_10varietas","met_annot_organism_taxonomy_ottid","met_annot_organism_wikidata","met_annot_score_taxo","sample_Biscutella.laevigata_control_NA","sample_Biscutella.laevigata_control_NA.pval","sample_Biscutella.laevigata_treatment_distal","sample_Biscutella.laevigata_treatment_distal.pval","sample_Biscutella.laevigata_treatment_proximal","sample_Biscutella.laevigata_treatment_proximal.pval","MeanDecreaseAccuracy","MeanDecreaseAccuracy.pval","MeanDecreaseGini","MeanDecreaseGini.pval"
313,"313_535.52_8.9","NA_[313_535.52_8.9]",535.519555954706,8.92581877142857,0.0271832938289507,0.302534142652266,0.208317964495783,1.56569792048553,0.519225605709904,0.681273276643815,1.23654200109596,0.861020876759103,0.696313490359383,0.306311243968645,-0.215879876508347,-0.522191120476992,"Amides, C16-18 and C18-unsatd, N,N''-ethylenebis-",NA,NA,0.19867083250352,-169.862783010273,63.0668000104802,1,"InChI=1S/C34H66N2O2/c1-3-5-7-9-11-13-15-17-19-21-23-25-27-29-33(37)35-31-32-36-34(38)30-28-26-24-22-20-18-16-14-12-10-8-6-4-2/h31-32H,3-30H2,1-2H3,(H,35,37)(H,36,38)","YWBKZXIRMRFEJL","C34H66N2O2","[M + H]+","CCCCCCCCCCCCCCCC(=O)NC=CNC(=O)CCCCCCCCCCCCCCC","Fatty acids","N-acyl amines","Fatty amides",NA,NA,NA,NA,NA,NA,NA,NA,NA,NA,NA,NA,NA,NA,NA,NA,NA,NA,NA,NA,NA,NA,NA,NA,NA,NA,NA,1.63736530665978,0.127744510978044,0.333370376544353,0.333333333333333,-1.41705050316284,0.884231536926148,0.71750626375737,0.297405189620758,0.0637746031746032,0.910179640718563
424,"424_333.17_3","NA_[424_333.17_3]",333.166540848581,3.04495505263158,0.00180709854945649,0.00251898269206208,0.921211661883161,2.74301816270299,2.59877481653037,0.0356405728143549,1.04026738302053,0.629260172247996,0.604902338109331,0.0569543962298116,-0.668271461557333,-0.725225857787144,"null",NA,NA,0.465416069019919,-203.470445260051,17.6889531630598,0.0633165829145729,"InChI=1S/C14H26N2O8/c1-5-4-13(19,20)14(21)12(22-5)23-11-9(18)6(15-2)8(17)7(16-3)10(11)24-14/h5-12,15-21H,4H2,1-3H3","JEBSYFSDBYNEEU","C14H26N2O8","[M - H2O + H]+","CC1CC(C2(C(O1)OC3C(C(C(C(C3O2)NC)O)NC)O)O)(O)O","Carbohydrates","Aminosugars","Aminosugars and aminoglycosides",NA,NA,NA,NA,NA,NA,NA,NA,NA,NA,NA,NA,NA,NA,NA,NA,NA,NA,NA,NA,NA,NA,NA,NA,NA,NA,NA,1.73727046020804,0.0738522954091816,0.447303065060821,0.339321357285429,-0.447303065060821,0.56686626746507,0.967893023190365,0.215568862275449,0.0786444444444444,0.718562874251497
467,"467_498.26_7","NA_[467_498.26_7]",498.259181213379,6.98634092,0.0301680764337557,0.0423068113159982,0.00131545797084265,1.52045238027373,1.37358970641186,2.88092302315616,1.80157814138022,1.27079442111645,0.705378463430331,0.849261228360229,0.345730661637684,-0.503530566722545,"1-18:3-lysoPE",NA,NA,0.238475295092515,-8.58450720330654,7046.49228583094,1,"InChI=1S/C23H42NO7P/c1-2-3-4-5-6-7-8-9-10-11-12-13-14-15-16-17-23(26)29-20-22(25)21-31-32(27,28)30-19-18-24/h3-4,6-7,9-10,22,25H,2,5,8,11-21,24H2,1H3,(H,27,28)","NTBBASCGALPTDC","C23H42NO7P","[M + Na]+","CCC=CCC=CCC=CCCCCCCCC(=O)OCC(COP(=O)(O)OCCN)O","Fatty acids","Glycerophosphoethanolamines","Glycerophospholipids","497.25441568","InChI=1S/C26H40ClNO6/c1-4-5-6-7-9-12-21(32-3)13-10-8-11-14-24(31)28-18-20(17-27)26-23(30)16-15-22(25(26)34-26)33-19(2)29/h8,10,17,21-22,25H,4-7,9,11-16,18H2,1-3H3,(H,28,31)/b10-8+,20-17-/t21-,22-,25-,26+/m0/s1","UADSYHULFVDMCJ-HFNSIDMNSA-N","UADSYHULFVDMCJ","CCCCCCC[C@@H](C/C=C/CCC(=O)NC/C(=C/Cl)[C@]12O[C@H]1[C@@H](OC(C)=O)CCC2=O)OC","C26H40ClNO6","[(1S,2S,6S)-6-[(Z)-1-chloro-3-[[(E,7S)-7-methoxytetradec-4-enoyl]amino]prop-1-en-2-yl]-5-oxo-7-oxabicyclo[4.1.0]heptan-2-yl] acetate","http://www.wikidata.org/entity/Q105268660","Amino acids and Peptides","Oligopeptides","Amino acids and Peptides","Oligopeptides","Lipopeptides","Lyngbya majuscula","['Bacteria']","['Unknown']","['Cyanobacteria']","['Unknown']","['Unknown']","['Unknown']","['Unknown']","['Lyngbya']","['Lyngbya majuscula']","nan","588158.0","http://www.wikidata.org/entity/Q20720044",0,-0.94364821312477,0.516966067864271,3.83642503260155,0.00998003992015968,4.26039740599724,0.00399201596806387,4.03072167542329,0.0159680638722555,0.305355555555556,0.105788423153693
526,"526_246.15_5.1","NA_[526_246.15_5.1]",246.151472183073,5.14256911428572,0.0333105907099587,0.0241473684202498,0.959777573936976,1.47741766572369,1.61713019173804,0.0178294019647636,0.960612375193691,0.644920295729063,0.671363717960666,-0.0579737005161092,-0.632807222819286,-0.574833522303177,"null",NA,NA,0.0542927136951479,-175.689793612978,53.6617588793762,1,"InChI=1S/C12H25NO3S/c1-12(14)13-10-8-6-4-3-5-7-9-11-17(2,15)16/h3-11H2,1-2H3,(H,13,14)","IPZVVWAJUDWCPP","C12H25NO3S","[M - H2O + H]+","CC(=O)NCCCCCCCCCS(=O)(=O)C","Amino acids and Peptides","Amino fatty acids","Fatty Acids and Conjugates","245.141578848","InChI=1S/C15H19NO2/c1-16-12-7-8-13(16)10-14(9-12)18-15(17)11-5-3-2-4-6-11/h2-6,12-14H,7-10H2,1H3/t12-,13+,14-","XQJMXPAEFMWDOZ-BTTYYORXSA-N","XQJMXPAEFMWDOZ","CN1[C@@H]2CC[C@H]1C[C@H](OC(=O)c1ccccc1)C2","C15H19NO2","nan","http://www.wikidata.org/entity/Q105339758","Alkaloids","Ornithine alkaloids","Alkaloids","Tryptophan alkaloids","Simple indole alkaloids","Bruguiera exaristata","['Eukaryota']","['Archaeplastida']","['Streptophyta']","['Magnoliopsida']","['Malpighiales']","['Rhizophoraceae']","['Unknown']","['Bruguiera']","['Bruguiera exaristata']","nan","867706.0","http://www.wikidata.org/entity/Q4141635",4,2.53979941834066,0.0139720558882236,0,0.522954091816367,1.67131567616219,0.101796407185629,2.34564773010093,0.0419161676646707,0.0696222222222222,0.786427145708583
639,"639_795.5_11.1","NA_[639_795.5_11.1]",795.499582391036,11.1083311578947,0.0319384004995138,0.0607103318664168,0.861361679558299,1.49568683746582,1.21673739309708,0.0648144531289839,1.08151756586781,0.706004671103543,0.65279075752879,0.113057097555631,-0.502250366127983,-0.615307463683613,"null",NA,NA,0.0514744409024928,-176.393405632611,19.1909818230835,0.864321608040201,"InChI=1S/C47H72O11/c1-2-38(48)34-35-43(53)30-22-21-29-42(52)32-23-31-41(51)28-20-19-27-40(50)26-16-12-9-7-5-3-4-6-8-11-15-24-39(49)25-17-13-10-14-18-33-44(54)47(58)45(55)36-37-46(56)57/h1,16,26,34-35,38,40-45,47-48,50-55,58H,3-15,17-19,21-22,24-25,27,29-30,32-33H2,(H,56,57)","YINBTZARCUUZAE","C47H72O11","[M - H2O + H]+","C#CC(C=CC(CCCCC(CC#CC(C#CCCC(C=CCCCCCCCCCCCC(=O)CCCCCCCC(C(C(C#CC(=O)O)O)O)O)O)O)O)O)O","Polyketides","Polyene macrolides","Macrolides",NA,NA,NA,NA,NA,NA,NA,NA,NA,NA,NA,NA,NA,NA,NA,NA,NA,NA,NA,NA,NA,NA,NA,NA,NA,NA,NA,2.24733287487747,0.0219560878243513,0.534675270017429,0.331337325349301,1.00100150250438,0.177644710578842,1.87781249589005,0.0658682634730539,0.133311111111111,0.203592814371257
662,"662_499.11_0.7","bis-gamma-glutamylcystine_[662_499.11_0.7]",499.114695499139,0.652713445263158,0.00744652315491479,0.00699877262787563,0.997915437427374,2.12804645572018,2.15497811536827,0.000906258927708427,0.992708348687687,0.634579996055808,0.639241119402988,-0.0105581693842182,-0.656126051170342,-0.645567881786123,"gamma-Glu-cys disulfide","bis-gamma-glutamylcystine","CHEBI:17257",0.307588842208775,-470.41542628243,83.1705600361808,0,"InChI=1S/C16H26N4O10S2/c17-7(13(23)24)1-3-11(21)19-9(15(27)28)5-31-32-6-10(16(29)30)20-12(22)4-2-8(18)14(25)26/h7-10H,1-6,17-18H2,(H,19,21)(H,20,22)(H,23,24)(H,25,26)(H,27,28)(H,29,30)","GOZJYXJJQVGDOJ","C16H26N4O10S2","[M + H]+","C(CC(=O)NC(CSSCC(C(=O)O)NC(=O)CCC(C(=O)O)N)C(=O)O)C(C(=O)O)N","Amino acids and Peptides","Tripeptides","Small peptides",NA,NA,NA,NA,NA,NA,NA,NA,NA,NA,NA,NA,NA,NA,NA,NA,NA,NA,NA,NA,NA,NA,NA,NA,NA,NA,NA,2.80729597353258,0.029940119760479,1.46272045548888,0.121756487025948,-1.26693979201741,0.772455089820359,1.80586049744792,0.109780439121756,0.120866666666667,0.387225548902196
667,"667_928.6_10.8","NA_[667_928.6_10.8]",928.599381296258,10.7796205263158,0.000163546411975024,0.000198008655642345,0.944158310333454,3.78635897936866,3.70331582481147,0.0249551799181688,1.02306744589962,0.603887916690778,0.590271852663398,0.0329012581403759,-0.727647288780105,-0.760548546920481,"1-Deoxy-gla-27",NA,NA,NA,-624.386297226979,131.051648687454,1,"InChI=1S/C48H92NO11P/c1-4-7-10-13-16-19-21-24-27-30-33-36-45(52)58-41(35-32-29-26-23-18-15-12-9-6-3)38-44(51)49-42-40-57-43(39-50)48(60-61(54,55)56)47(42)59-46(53)37-34-31-28-25-22-20-17-14-11-8-5-2/h41-43,47-48,50H,4-40H2,1-3H3,(H,49,51)(H2,54,55,56)","DAJVWAYAPWDUTO","C48H92NO11P","[M + K]+","CCCCCCCCCCCCCC(=O)OC1C(COC(C1OP(=O)(O)O)CO)NC(=O)CC(CCCCCCCCCCC)OC(=O)CCCCCCCCCCCCC","Fatty acids","Glycerophosphoethanolamines","Glycerophospholipids",NA,NA,NA,NA,NA,NA,NA,NA,NA,NA,NA,NA,NA,NA,NA,NA,NA,NA,NA,NA,NA,NA,NA,NA,NA,NA,NA,1.67131567616219,0.0778443113772455,1.00100150250438,0.239520958083832,1.00100150250438,0.279441117764471,1.89709702683995,0.0658682634730539,0.0637333333333333,0.816367265469062
744,"744_309.24_11.2","NA_[744_309.24_11.2]",309.242391968021,11.17729185,0.0476253347825836,0.00974027562008795,0.401498619382198,1.32216195842986,2.01142875373846,0.396315943774401,0.865941502307227,0.666640545381434,0.769844780051801,-0.207658526265367,-0.585019029401616,-0.377360503136248,"6alpha-Triol",NA,NA,0.192318301291145,-58.5154710795637,55.1475308345467,1,"InChI=1S/C19H32O3/c1-18-7-5-11(20)9-15(18)16(21)10-12-13-3-4-17(22)19(13,2)8-6-14(12)18/h11-17,20-22H,3-10H2,1-2H3","OFAZPSYXUKIJIK","C19H32O3","[M + H]+","CC12CCC3C(C1CCC2O)CC(C4C3(CCC(C4)O)C)O","Terpenoids","Androstane steroids","Steroids",NA,NA,NA,NA,NA,NA,NA,NA,NA,NA,NA,NA,NA,NA,NA,NA,NA,NA,NA,NA,NA,NA,NA,NA,NA,NA,NA,2.14793159805948,0.0239520958083832,-1.00100150250438,0.738522954091816,1.73727046020804,0.101796407185629,1.70475944358826,0.117764471057884,0.0788,0.808383233532934
871,"871_455.12_0.6","NA_[871_455.12_0.6]",455.116448836677,0.607910583636364,0.00962624022487146,0.0117981919724857,0.97986101115763,2.01654330461229,1.92818454155279,0.00883552264233098,1.02214057519017,0.672806563852319,0.658232908645799,0.0315936240475948,-0.571736314396866,-0.603329938444461,NA,NA,NA,NA,NA,NA,NA,NA,NA,NA,NA,NA,NA,NA,NA,"422.082542046","InChI=1S/C12H23O14P/c13-1-3-5(14)7(16)9(18)11(24-3)26-12-10(19)8(17)6(15)4(25-12)2-23-27(20,21)22/h3-19H,1-2H2,(H2,20,21,22)/t3-,4-,5+,6+,7+,8+,9-,10-,11-,12-/m1/s1","LABSPYBHMPDTEL-WSWWMNSNSA-N","LABSPYBHMPDTEL","O=P(O)(O)OC[C@H]1O[C@H](O[C@H]2O[C@H](CO)[C@H](O)[C@H](O)[C@H]2O)[C@H](O)[C@@H](O)[C@H]1O","C12H23O14P","Gal6P(a1-1a)Gal","http://www.wikidata.org/entity/Q105148557","Carbohydrates","Saccharides","Carbohydrates","Saccharides","Disaccharides","Arabidopsis thaliana","['Eukaryota']","['Archaeplastida']","['Streptophyta']","['Magnoliopsida']","['Brassicales']","['Brassicaceae']","['Camelineae']","['Arabidopsis']","['Arabidopsis thaliana']","nan","309263.0","http://www.wikidata.org/entity/Q158695",6,1.73727046020804,0.0459081836327345,0,0.524950099800399,-1.41705050316284,0.902195608782435,0.372238593617354,0.303393213572854,0.0966984126984127,0.347305389221557
966,"966_511.52_9.2","NA_[966_511.52_9.2]",511.520078386579,9.1987854047619,0.00418359754440589,0.271965700490502,0.0255062757181636,2.37845010058687,0.565485864447393,1.59335294998014,1.41168170134171,0.87833709013099,0.622192020549809,0.497414833891067,-0.187153368192527,-0.684568202083595,NA,NA,NA,NA,NA,NA,NA,NA,NA,NA,NA,NA,"Fatty acids","Ceramides","Sphingolipids",NA,NA,NA,NA,NA,NA,NA,NA,NA,NA,NA,NA,NA,NA,NA,NA,NA,NA,NA,NA,NA,NA,NA,NA,NA,NA,NA,1.63736530665978,0.0858283433133733,3.15451017602277,0.0179640718562874,2.46432029045072,0.029940119760479,3.20019659352198,0.0219560878243513,0.227555555555556,0.0379241516966068
970,"970_752.52_10.8","NA_[970_752.52_10.8]",752.522324335007,10.841291,0.0231895982011168,0.142659513050318,0.366109115466336,1.63470677618088,0.845699262720501,0.43638945782307,1.20825203933525,0.792660979674039,0.656039430407367,0.272921429805054,-0.335224136300531,-0.608145566105585,"Phophatidylethanolamine(22:5n3/15:0)",NA,NA,0.298150747423115,-49.694995854416,65.2110277580108,1,"InChI=1S/C42H74NO8P/c1-3-5-7-9-11-13-15-17-18-19-20-21-22-23-25-26-28-30-32-34-41(44)48-38-40(39-50-52(46,47)49-37-36-43)51-42(45)35-33-31-29-27-24-16-14-12-10-8-6-4-2/h5,7,11,13,17-18,20-21,23,25,40H,3-4,6,8-10,12,14-16,19,22,24,26-39,43H2,1-2H3,(H,46,47)","RUFNKRIJONNSBR","C42H74NO8P","[M + H]+","CCCCCCCCCCCCCCC(=O)OC(COC(=O)CCCCCC=CCC=CCC=CCC=CCC=CCC)COP(=O)(O)OCCN","Fatty acids","Glycerophosphoethanolamines","Glycerophospholipids",NA,NA,NA,NA,NA,NA,NA,NA,NA,NA,NA,NA,NA,NA,NA,NA,NA,NA,NA,NA,NA,NA,NA,NA,NA,NA,NA,1.67131567616219,0.107784431137725,1.94881009766875,0.0878243512974052,1.41705050316284,0.17564870259481,2.08716022117406,0.0898203592814371,0.156444444444444,0.249500998003992
971,"971_540.31_7","NA_[971_540.31_7]",540.306570870536,7.01691666666667,0.00217171241196612,0.853490889267979,0.00351541244823483,2.66319768652591,0.0688011104739825,2.45402371374967,1.52825213585518,0.967216621540352,0.632890737626299,0.611882583386432,-0.0480890574883004,-0.659971640874733,"1-18:3-lysoPC",NA,NA,0.470500684997115,-60.0241580877265,3021.2351815824,1,"InChI=1S/C26H48NO7P/c1-5-6-7-8-9-10-11-12-13-14-15-16-17-18-19-20-26(29)32-23-25(28)24-34-35(30,31)33-22-21-27(2,3)4/h6-7,9-10,12-13,25,28H,5,8,11,14-24H2,1-4H3/p+1","WKQNRCYKYCKESD","C26H48NO7P","[M + Na]+","CCC=CCC=CCC=CCCCCCCCC(=O)OCC(COP(=O)(O)OCC[N+](C)(C)C)O","Fatty acids","Glycerophosphocholines","Glycerophospholipids",NA,NA,NA,NA,NA,NA,NA,NA,NA,NA,NA,NA,NA,NA,NA,NA,NA,NA,NA,NA,NA,NA,NA,NA,NA,NA,NA,0.301538758438308,0.343313373253493,3.37099931231621,0.031936127744511,-0.447303065060821,0.514970059880239,2.38362576281703,0.109780439121756,0.177053968253968,0.277445109780439
1216,"1216_768.56_11.6","NA_[1216_768.56_11.6]",768.56162109375,11.56288375,0.0347475549423291,0.0111346640645613,0.59977709608846,1.45907574970448,1.95332288119915,0.222010122825106,0.893775286899193,0.659415218442453,0.737786363203425,-0.162015940466465,-0.600740911976571,-0.438724971510106,"null",NA,NA,0.231256729396093,-487.513946091535,161.859100388914,0.897989949748744,"InChI=1S/C43H77NO10/c1-4-6-8-10-12-13-14-15-16-17-18-20-22-24-30-37(48)42(52)44-34(32-53-43-41(51)40(50)39(49)38(31-45)54-43)36(47)29-26-25-28-35(46)33(3)27-23-21-19-11-9-7-5-2/h24,26,29-30,34,36-41,43,45,47-51H,3-23,25,27-28,31-32H2,1-2H3,(H,44,52)","MFDPZDJWPLVIDT","C43H77NO10","[M + H]+","CCCCCCCCCCCCCCC=CC(C(=O)NC(COC1C(C(C(C(O1)CO)O)O)O)C(C=CCCC(=O)C(=C)CCCCCCCCC)O)O","Fatty acids","Glycosyldiacylglycerols","Glycerolipids","nan","nan","nan","VSXIALWYRJBSSV",NA,"nan","nan","nan","nan","nan","nan","nan","nan","nan","['Unknown']","['Unknown']","['Unknown']","['Unknown']","['Unknown']","['Unknown']","['Unknown']","['Unknown']","['Unknown']","nan","nan","nan",0,2.1932960518294,0.0658682634730539,1.34406227991274,0.153692614770459,0,0.499001996007984,1.83853505782999,0.115768463073852,0.088215873015873,0.726546906187625
1407,"1407_507.49_8.5","NA_[1407_507.49_8.5]",507.489935012091,8.46660594761905,0.0399903057889884,0.760949722149599,0.0981929137298811,1.39804527498719,0.118644037203586,1.00791985273296,1.35194465842646,0.930971982253891,0.688616931507729,0.435036096407211,-0.103190344580846,-0.538226440988057,"null",NA,NA,0.168863072770179,-179.124709540824,120.273039636504,1,"InChI=1S/C37H62/c1-24-10-12-27-25(23-24)11-13-30-34(27,4)21-16-32-36(6)20-15-29-26-9-8-18-33(2,3)28(26)14-19-35(29,5)31(36)17-22-37(30,32)7/h24-32H,8-23H2,1-7H3","XUSROHUAERWJQV","C37H62","[M + H]+","CC1CCC2C(C1)CCC3C2(CCC4C3(CCC5C4(CCC6C5(CCC7C6CCCC7(C)C)C)C)C)C","Terpenoids","Malabaricane triterpenoids","Triterpenoids",NA,NA,NA,NA,NA,NA,NA,NA,NA,NA,NA,NA,NA,NA,NA,NA,NA,NA,NA,NA,NA,NA,NA,NA,NA,NA,NA,1.9042342233658,0.0798403193612774,2.76656071130241,0.0219560878243513,-0.229427809336205,0.489021956087824,1.94810829503356,0.0918163672654691,0.198215873015873,0.215568862275449
1443,"1443_506.22_3.8","NA_[1443_506.22_3.8]",506.221664031619,3.773493,0.000118093538186592,0.000128162090555994,0.988127017130132,3.92777386535586,3.89224041707189,0.00518722616827833,1.01091131568703,0.572559422108817,0.566379476838376,0.0156564393473054,-0.80450266624898,-0.820159105596285,"methyl 2-[[3-[(2,4-difluorophenyl)carbamoylamino]-1-(1-methylpyrrole-2-carbonyl)pyrrolidine-2-carbonyl]amino]-3-methylbutanoate",NA,NA,0.1347635550116,-487.922046908556,62.2360053176251,0.870854271356784,"InChI=1S/C24H29F2N5O5/c1-13(2)19(23(34)36-4)29-21(32)20-17(9-11-31(20)22(33)18-6-5-10-30(18)3)28-24(35)27-16-8-7-14(25)12-15(16)26/h5-8,10,12-13,17,19-20H,9,11H2,1-4H3,(H,29,32)(H2,27,28,35)","ZLZLMHDIKVHHCG","C24H29F2N5O5","[M + H]+","CC(C)C(C(=O)OC)NC(=O)C1C(CCN1C(=O)C2=CC=CN2C)NC(=O)NC3=C(C=C(C=C3)F)F","Carbohydrates","Pyridine alkaloids","Nicotinic acid alkaloids",NA,NA,NA,NA,NA,NA,NA,NA,NA,NA,NA,NA,NA,NA,NA,NA,NA,NA,NA,NA,NA,NA,NA,NA,NA,NA,NA,1.9042342233658,0.0538922155688623,0,0.570858283433134,0,0.50499001996008,1.46694229928612,0.137724550898204,0.0760666666666667,0.706586826347305
1483,"1483_268.23_6.4","NA_[1483_268.23_6.4]",268.22689514184,6.402886116,0.0312782872756683,0.705908041768701,0.0857480705752298,1.50475703589004,0.151251870553844,1.06677564327304,0.718545519390728,1.13851550694169,1.58447234895719,-0.47684854151842,0.187153941571607,0.664002483090027,NA,NA,NA,NA,NA,NA,NA,NA,NA,NA,NA,NA,NA,NA,NA,"nan","nan","nan","MZBGOCMCPKJJHA",NA,"nan","nan","nan","nan","nan","nan","nan","nan","nan","['Unknown']","['Unknown']","['Unknown']","['Unknown']","['Unknown']","['Unknown']","['Unknown']","['Unknown']","['Unknown']","nan","nan","nan",0,-0.378018479507039,0.508982035928144,1.9042342233658,0.103792415169661,-1.00100150250438,0.736526946107784,0.232507845818998,0.323353293413174,0.106390476190476,0.642714570858283
1541,"1541_511.18_3.8","NA_[1541_511.18_3.8]",511.178599639946,3.79514082352941,0.0457973719096139,0.0373117676381362,0.984450759370664,1.33915944334768,1.42815417585051,0.00680600168779006,0.967101237809414,0.599992305618144,0.620402789450657,-0.0482611734989308,-0.736984095362414,-0.688722921863483,NA,NA,NA,NA,NA,NA,NA,NA,NA,NA,NA,NA,NA,NA,NA,NA,NA,NA,NA,NA,NA,NA,NA,NA,NA,NA,NA,NA,NA,NA,NA,NA,NA,NA,NA,NA,NA,NA,NA,NA,NA,NA,1.94881009766875,0.0479041916167665,-1.1353540996263,0.782435129740519,1.00100150250438,0.267465069860279,0.641333048169803,0.271457085828343,0.084,0.524950099800399
1558,"1558_365.11_2","3-alpha-Mannobiose_[1558_365.11_2]",365.105476075079,2.036707072,0.0204471606340119,0.0124797712580633,0.897999496775199,1.6893669911576,1.90379337477149,0.0467239067044276,0.947274330523478,0.652394889966683,0.688707451416065,-0.0781458043869261,-0.616182613034679,-0.538036808647753,"Nigerose","3-alpha-Mannobiose","CHEBI:144332",0.106340586445744,-14.3576641842445,14.3984329168473,1,"InChI=1S/C12H22O11/c13-1-3-5(15)7(17)8(18)12(22-3)23-10-6(16)4(2-14)21-11(20)9(10)19/h3-20H,1-2H2","QIGJYVCQYDKYDW","C12H22O11","[M + Na]+","C(C1C(C(C(C(O1)O)O)OC2C(C(C(C(O2)CO)O)O)O)O)O","Carbohydrates","Disaccharides","Saccharides",NA,NA,NA,NA,NA,NA,NA,NA,NA,NA,NA,NA,NA,NA,NA,NA,NA,NA,NA,NA,NA,NA,NA,NA,NA,NA,NA,2.57532077260253,0.0119760479041916,-1.00100150250438,0.776447105788423,0.447303065060821,0.343313373253493,1.81756735583882,0.0778443113772455,0.0999396825396825,0.377245508982036
1700,"1700_221.19_1.4","NA_[1700_221.19_1.4]",221.185970488757,1.4022831,6.1686430095742e-05,0.000112581135299994,0.520684501162037,4.20981036242876,3.94853437610541,0.283425349460819,1.07337446088708,0.617733857840373,0.575506386960102,0.102153467166335,-0.694942688269629,-0.797096155435965,NA,NA,NA,NA,NA,NA,NA,NA,NA,NA,NA,NA,NA,NA,NA,NA,NA,NA,NA,NA,NA,NA,NA,NA,NA,NA,NA,NA,NA,NA,NA,NA,NA,NA,NA,NA,NA,NA,NA,NA,NA,NA,2.1932960518294,0.06187624750499,-0.817041456918251,0.574850299401198,-0.277371435197549,0.497005988023952,0.944721843983961,0.267465069860279,0.122314285714286,0.558882235528942
1728,"1728_559.52_8.9","NA_[1728_559.52_8.9]",559.519170851935,8.86755798571429,0.00816506457548738,0.304917856786572,0.0516295413543124,2.0880403761855,0.515817141470013,1.28710173294573,1.41404802746821,0.864412530708357,0.611303515804941,0.499831121429852,-0.210208108923429,-0.710039230353281,"N,N''-Ethylenebis(palmitamide)",NA,NA,0.252783793625221,-209.075087743742,77.2319404023203,1,"InChI=1S/C34H68N2O2/c1-3-5-7-9-11-13-15-17-19-21-23-25-27-29-33(37)35-31-32-36-34(38)30-28-26-24-22-20-18-16-14-12-10-8-6-4-2/h3-32H2,1-2H3,(H,35,37)(H,36,38)","UAXZKOFYXXDTFH","C34H68N2O2","[M + Na]+","CCCCCCCCCCCCCCCC(=O)NCCNC(=O)CCCCCCCCCCCCCCC","Fatty acids","N-acyl amines","Fatty amides",NA,NA,NA,NA,NA,NA,NA,NA,NA,NA,NA,NA,NA,NA,NA,NA,NA,NA,NA,NA,NA,NA,NA,NA,NA,NA,NA,2.33644103985384,0.0518962075848303,3.35372088325507,0.0199600798403194,-0.557258983818638,0.491017964071856,2.90428375076665,0.0499001996007984,0.171174603174603,0.349301397205589
1769,"1769_299.31_9.4","NA_[1769_299.31_9.4]",299.306549798875,9.36269114761905,0.0387422099091813,0.998672703084726,0.0411140849295502,1.41181561015306,0.000576820617002753,1.38600937132892,1.40274287018332,0.995653387858929,0.70979037500209,0.488250579942334,-0.00628450384696205,-0.494535083789296,NA,NA,NA,NA,NA,NA,NA,NA,NA,NA,NA,NA,"Fatty acids","Sphingoid bases","Sphingolipids",NA,NA,NA,NA,NA,NA,NA,NA,NA,NA,NA,NA,NA,NA,NA,NA,NA,NA,NA,NA,NA,NA,NA,NA,NA,NA,NA,1.26693979201741,0.155688622754491,2.61775625263929,0.0499001996007984,0,0.500998003992016,2.32507462820344,0.063872255489022,0.161634920634921,0.395209580838323
1800,"1800_933.56_10.8","NA_[1800_933.56_10.8]",933.556257629394,10.78253025,0.000410320480913606,0.00032425985618445,0.932585567096388,3.38687680492982,3.48910681425247,0.0303113100684235,0.972552203305345,0.594669682272284,0.611452711999646,-0.0401524037310342,-0.749839569451327,-0.709687165720293,NA,NA,NA,NA,NA,NA,NA,NA,NA,NA,NA,NA,NA,NA,NA,NA,NA,NA,NA,NA,NA,NA,NA,NA,NA,NA,NA,NA,NA,NA,NA,NA,NA,NA,NA,NA,NA,NA,NA,NA,NA,NA,2.51577302713314,0.00998003992015968,0.817041456918251,0.285429141716567,0.832626928038062,0.279441117764471,2.21268181904072,0.0359281437125748,0.0878984126984127,0.622754491017964
1807,"1807_779.2_2.5","NA_[1807_779.2_2.5]",779.200696159812,2.45869775294118,0.0260337597142185,0.0314679132893233,0.985807533264976,1.58446310790961,1.50213205521132,0.00620786741185956,1.02517163577465,0.655470674174241,0.639376521258264,0.0358654681224063,-0.609396859321821,-0.645262327444227,NA,NA,NA,NA,NA,NA,NA,NA,NA,NA,NA,NA,NA,NA,NA,NA,NA,NA,NA,NA,NA,NA,NA,NA,NA,NA,NA,NA,NA,NA,NA,NA,NA,NA,NA,NA,NA,NA,NA,NA,NA,NA,2.57532077260253,0.00998003992015968,-0.447303065060821,0.568862275449102,0.57754281555789,0.291417165668663,1.9042342233658,0.0678642714570858,0.0684952380952381,0.624750499001996
2143,"2143_268.08_2.2","NA_[2143_268.08_2.2]",268.081459808575,2.172620005,0.0316602170083867,0.0266224418899274,0.988151563136777,1.49948611268207,1.57475211224664,0.0051764380179179,0.980228896933669,0.670058952637384,0.683573963931739,-0.0288094171782589,-0.577640063591492,-0.548830646413233,"Salicylglutamic acid",NA,NA,0.605701761628617,-25.7890419848244,51.4887458083555,1,"InChI=1S/C12H13NO6/c14-9-4-2-1-3-7(9)11(17)13-8(12(18)19)5-6-10(15)16/h1-4,8,14H,5-6H2,(H,13,17)(H,15,16)(H,18,19)","SLCAFYIDOSJSMB","C12H13NO6","[M + H]+","C1=CC=C(C(=C1)C(=O)NC(CCC(=O)O)C(=O)O)O","Amino acids and Peptides","Dipeptides","Small peptides","267.074287136","InChI=1S/C12H13NO6/c14-8-3-1-7(2-4-8)11(17)13-9(12(18)19)5-6-10(15)16/h1-4,9,14H,5-6H2,(H,13,17)(H,15,16)(H,18,19)/t9-/m1/s1","BCQYMCKNCJYKFA-SECBINFHSA-N","BCQYMCKNCJYKFA","O=C(O)CC[C@@H](NC(=O)c1ccc(O)cc1)C(=O)O","C12H13NO6","(2R)-2-[(4-hydroxybenzoyl)amino]pentanedioic acid","http://www.wikidata.org/entity/Q104923586","Amino acids and Peptides","Small peptides","Amino acids and Peptides","Small peptides","Dipeptides","Anthoceros agrestis","['Eukaryota']","['Archaeplastida']","['Streptophyta']","['Anthocerotopsida']","['Anthocerotales']","['Anthocerotaceae']","['Unknown']","['Anthoceros']","['Anthoceros agrestis']","nan","199300.0","http://www.wikidata.org/entity/Q341574",3,2.1932960518294,0.0379241516966068,0,0.55688622754491,1.00100150250438,0.283433133732535,2.14750280859792,0.0558882235528942,0.0735111111111111,0.788423153692615
2209,"2209_961.59_11.3","NA_[2209_961.59_11.3]",961.585591634492,11.2977023809524,0.00792377067288219,0.0112659678229645,0.939667047710138,2.10106810215709,1.94823149349912,0.027026002737691,1.03862792343298,0.675462453135401,0.65034112591812,0.0546789178065383,-0.566052518054188,-0.620731435860726,NA,NA,NA,NA,NA,NA,NA,NA,NA,NA,NA,NA,NA,NA,NA,NA,NA,NA,NA,NA,NA,NA,NA,NA,NA,NA,NA,NA,NA,NA,NA,NA,NA,NA,NA,NA,NA,NA,NA,NA,NA,NA,3.46966804341971,0.00399201596806387,2.1932960518294,0.029940119760479,0,0.560878243512974,3.12148621846483,0.00399201596806387,0.13808253968254,0.129740518962076
2442,"2442_323.11_2.4","NA_[2442_323.11_2.4]",323.110188802883,2.37910469523809,0.0387308172583856,0.0339368882530712,0.993355653545692,1.41194333887598,1.46932798159629,0.00289523215063203,0.981591464240212,0.633942034516849,0.64583083452905,-0.0268053912735229,-0.657577163573515,-0.630771772299992,NA,NA,NA,NA,NA,NA,NA,NA,NA,NA,NA,NA,NA,NA,NA,NA,NA,NA,NA,NA,NA,NA,NA,NA,NA,NA,NA,NA,NA,NA,NA,NA,NA,NA,NA,NA,NA,NA,NA,NA,NA,NA,2.57532077260253,0.00998003992015968,1.67131567616219,0.111776447105788,-1.00100150250438,0.748502994011976,2.37683055266411,0.0339321357285429,0.107596825396825,0.36127744510978
2517,"2517_300.13_0.6","NA_[2517_300.13_0.6]",300.128662109375,0.64529446047619,0.0485769764046147,0.0447742146041393,0.997562903027826,1.31356952064775,1.34897202348183,0.00105970959955348,0.988563487925383,0.645534699827752,0.653002773936637,-0.0165944726113227,-0.631433447187729,-0.614838974576406,"7-Methyl-2''-deoxyguanosine imidazole (ring open)",NA,NA,0.115460526383997,-339.960034311874,47.373602810346,1,"InChI=1S/C11H17N5O5/c1-16(4-18)8-9(14-11(12)15-10(8)20)13-7-2-5(19)6(3-17)21-7/h4-7,17,19H,2-3H2,1H3,(H4,12,13,14,15,20)","RLBJYWQLKDLJEV","C11H17N5O5","[M + H]+","CN(C=O)C1=C(N=C(NC1=O)N)NC2CC(C(O2)CO)O","Carbohydrates","Purine nucleos(t)ides","Nucleosides",NA,NA,NA,NA,NA,NA,NA,NA,NA,NA,NA,NA,NA,NA,NA,NA,NA,NA,NA,NA,NA,NA,NA,NA,NA,NA,NA,2.14793159805948,0.0159680638722555,0,0.550898203592814,0,0.536926147704591,0.911036613494255,0.245508982035928,0.0983333333333333,0.393213572854291
2724,"2724_280.24_8.9","NA_[2724_280.24_8.9]",280.238276163737,8.89766531904762,0.0196776534295086,0.99111122182496,0.0170523250111647,1.70602669266167,0.00387760654955826,1.76821639844983,1.60890353832367,1.01224847880646,0.629154237463561,0.686077831994364,0.0175634749530911,-0.668514357041273,"null",NA,NA,0.052361882840208,-261.910074651778,165.404207209609,1,"InChI=1S/C16H31N3O2/c1-6-19(7-2)16(21)13-9-8-10-14(17(3)4)12-18(5)15(20)11-13/h13-14H,6-12H2,1-5H3","CHCJTBXQULVUSG","C16H31N3O2","[M - H2O + H]+","CCN(CC)C(=O)C1CCCC(CN(C(=O)C1)C)N(C)C","Fatty acids","N-acyl amines","Fatty amides",NA,NA,NA,NA,NA,NA,NA,NA,NA,NA,NA,NA,NA,NA,NA,NA,NA,NA,NA,NA,NA,NA,NA,NA,NA,NA,NA,2.51577302713314,0.0499001996007984,2.80729597353258,0.029940119760479,1.41705050316284,0.159680638722555,3.02438366495987,0.0359281437125748,0.218346031746032,0.147704590818363
2747,"2747_309.24_11.6","Avocadyne 4-acetate_[2747_309.24_11.6]",309.242250141345,11.5596834210526,0.000464136252453451,0.000190722131796495,0.40009014490087,3.33335450866435,3.71959890758646,0.397842146116337,0.896740871933909,0.560757210250911,0.62532803823426,-0.157236940049092,-0.834551829194438,-0.677314889145346,"null","Avocadyne 4-acetate","CHEBI:171809",0.115030268897669,-46.2245387818898,25.2092305618308,1,"InChI=1S/C19H34O4/c1-3-4-5-6-7-8-9-10-11-12-13-14-19(23-17(2)21)15-18(22)16-20/h1,18-20,22H,4-16H2,2H3","FHGZOCAZNHYWAL","C19H34O4","[M - H2O + H]+","CC(=O)OC(CCCCCCCCCCCC#C)CC(CO)O","Fatty acids","Fatty alcohols","Fatty acyls",NA,NA,NA,NA,NA,NA,NA,NA,NA,NA,NA,NA,NA,NA,NA,NA,NA,NA,NA,NA,NA,NA,NA,NA,NA,NA,NA,1.73727046020804,0.111776447105788,2.1932960518294,0.0698602794411178,2.98558211638611,0.0239520958083832,3.11439058772619,0.0499001996007984,0.176685714285714,0.17564870259481
2768,"2768_160.11_0.8","Methyl 4-(diaminomethylideneamino)butanoate_[2768_160.11_0.8]",160.108093625023,0.846332502857143,0.0112033728108856,0.0272444628997005,0.719337291213912,1.95065121191521,1.56472174940405,0.143067424825551,1.10649015663986,0.698120466950064,0.63093237907338,0.145990616950018,-0.518452086997616,-0.664442703947633,"Methyl 4-(diaminomethylideneamino)butanoate","Methyl 4-(diaminomethylideneamino)butanoate","CHEBI:182394",0.609009578254786,-85.3338268458895,67.5661398551004,1,"InChI=1S/C6H13N3O2/c1-11-5(10)3-2-4-9-6(7)8/h2-4H2,1H3,(H4,7,8,9)","ITPJUJKUKRFQHQ","C6H13N3O2","[M + H]+","COC(=O)CCCN=C(N)N","Amino acids and Peptides","Aminoacids","Small peptides","114.042927432","InChI=1S/C4H6N2O2/c5-2-1-3(6)4(7)8/h3H,1,6H2,(H,7,8)/t3-/m0/s1","BXRLWGXPSRYJDZ-VKHMYHEASA-N","BXRLWGXPSRYJDZ","N#CC[C@H](N)C(=O)O","C4H6N2O2","(2S)-2-azaniumyl-3-cyanopropanoate","http://www.wikidata.org/entity/Q27075129","Amino acids and Peptides","Small peptides","Amino acids and Peptides","Lysine alkaloids","Aminoacids","Arabidopsis thaliana","['Eukaryota']","['Archaeplastida']","['Streptophyta']","['Magnoliopsida']","['Brassicales']","['Brassicaceae']","['Camelineae']","['Arabidopsis']","['Arabidopsis thaliana']","nan","309263.0","http://www.wikidata.org/entity/Q158695",6,3.08215900976282,0.00199600798403194,0.333370376544353,0.341317365269461,1.09239069129793,0.161676646706587,2.62723147649674,0.00798403193612774,0.131333333333333,0.169660678642715
2835,"2835_402.36_7.6","NA_[2835_402.36_7.6]",402.35776550293,7.595736256,0.0432755598186468,0.288925099816006,0.350592235280012,1.36375730532255,0.53921472801359,0.455197706646065,1.31123462125742,0.791835354236811,0.603885331732222,0.390925852332942,-0.336727611955512,-0.727653464288454,"null",NA,NA,0.191113723055121,-160.953882216019,53.0471371017234,1,"InChI=1S/C23H47NO4/c1-5-6-7-8-9-10-11-12-13-14-15-16-17-21(20-25)28-22(18-23(26)27)19-24(2,3)4/h21-22,25H,5-20H2,1-4H3/p+1","QLJXICDVPAAPSO","C23H47NO4","[M + H]+","CCCCCCCCCCCCCCC(CO)OC(CC(=O)O)C[N+](C)(C)C","Fatty acids","N-acyl ethanolamines (endocannabinoids)","Fatty amides",NA,NA,NA,NA,NA,NA,NA,NA,NA,NA,NA,NA,NA,NA,NA,NA,NA,NA,NA,NA,NA,NA,NA,NA,NA,NA,NA,2.32181730106286,0.0199600798403194,3.55143007420678,0.0159680638722555,2.66446832984185,0.031936127744511,3.61817105787607,0.0199600798403194,0.167104761904762,0.18562874251497
2908,"2908_339.08_2.4","NA_[2908_339.08_2.4]",339.084643893772,2.37989517777778,0.000220093838329993,0.000177728597219318,0.93276440558679,3.65739211563266,3.75024268690876,0.0302280350037879,0.971292288302644,0.556949333353548,0.573410640711283,-0.0420225876770483,-0.844382005821755,-0.802359418144707,NA,NA,NA,NA,NA,NA,NA,NA,NA,NA,NA,NA,NA,NA,NA,NA,NA,NA,NA,NA,NA,NA,NA,NA,NA,NA,NA,NA,NA,NA,NA,NA,NA,NA,NA,NA,NA,NA,NA,NA,NA,NA,2.94643811377887,0.00598802395209581,0,0.534930139720559,0.534675270017429,0.303393213572854,1.80038789094227,0.101796407185629,0.116688888888889,0.271457085828343
3062,"3062_462.19_1.4","NA_[3062_462.19_1.4]",462.185778449761,1.44682327058824,0.0177783426196798,0.0209979893637601,0.98814952588344,1.75010872844328,1.67782228860081,0.00517733339553776,1.02256583052731,0.637139013944912,0.623078725030695,0.0321937236737636,-0.650319914166592,-0.682513637840356,NA,NA,NA,NA,NA,NA,NA,NA,NA,NA,NA,NA,"Carbohydrates","Pyrimidine nucleos(t)ides","Nucleosides",NA,NA,NA,NA,NA,NA,NA,NA,NA,NA,NA,NA,NA,NA,NA,NA,NA,NA,NA,NA,NA,NA,NA,NA,NA,NA,NA,2.57532077260253,0.00998003992015968,1.41705050316284,0.121756487025948,-0.832626928038062,0.616766467065868,2.16095715465013,0.0399201596806387,0.115266666666667,0.285429141716567
3088,"3088_583.41_9.4","NA_[3088_583.41_9.4]",583.414500845725,9.43875291363636,0.0482321162264763,0.0590131463963626,0.985469110544679,1.31666368260811,1.22905122952047,0.00635698409914044,1.02483944474096,0.696405449442465,0.679526391198271,0.0353979093216921,-0.522000602620835,-0.557398511942527,"Violaxanthin",NA,NA,0.161280539220628,-63.7541217230015,79.0199085315235,0.999497487437186,"InChI=1S/C40H56O4/c1-29(17-13-19-31(3)21-23-39-35(5,6)25-33(41)27-37(39,9)43-39)15-11-12-16-30(2)18-14-20-32(4)22-24-40-36(7,8)26-34(42)28-38(40,10)44-40/h11-24,33-34,41-42H,25-28H2,1-10H3","SZCBXWMUOPQSOX","C40H56O4","[M - H2O + H]+","CC(=CC=CC=C(C)C=CC=C(C)C=CC12C(CC(CC1(O2)C)O)(C)C)C=CC=C(C)C=CC34C(CC(CC3(O4)C)O)(C)C","Terpenoids","Carotenoids (C40, β-β)","Carotenoids (C40)",NA,NA,NA,NA,NA,NA,NA,NA,NA,NA,NA,NA,NA,NA,NA,NA,NA,NA,NA,NA,NA,NA,NA,NA,NA,NA,NA,0,0.477045908183633,1.00100150250438,0.249500998003992,-1.00100150250438,0.714570858283433,-0.200008000480032,0.413173652694611,0.0739777777777778,0.798403193612774
3093,"3093_771.5_11.3","NA_[3093_771.5_11.3]",771.501468056127,11.292382,0.0175916126088869,0.00372127838189107,0.345443835886711,1.75469434729411,2.42930784000349,0.461622552478631,0.869347999235831,0.649254058413223,0.746828725647183,-0.201994292678625,-0.623144967832996,-0.42115067515437,NA,NA,NA,NA,NA,NA,NA,NA,NA,NA,NA,NA,NA,NA,NA,NA,NA,NA,NA,NA,NA,NA,NA,NA,NA,NA,NA,NA,NA,NA,NA,NA,NA,NA,NA,NA,NA,NA,NA,NA,NA,NA,2.61775625263929,0.00798403193612774,0,0.564870259481038,0.832626928038062,0.345309381237525,2.10144105338318,0.0499001996007984,0.108701587301587,0.502994011976048
3187,"3187_615.5_11.2","NA_[3187_615.5_11.2]",615.495396729443,11.22537728,0.00761992219498797,0.0412763292515277,0.349423017297639,2.11804946310396,1.3842989319402,0.456648490434638,1.21798734145646,0.724071378529858,0.594481858624261,0.284499139391295,-0.465796170541372,-0.750295309932667,"Diacylglycerol(18:2n6/18:3n3)",NA,NA,0.104478433200651,-10.002002168427,88.5204311864117,0.993969849246231,"InChI=1S/C39H66O5/c1-3-5-7-9-11-13-15-17-19-21-23-25-27-29-31-33-38(41)43-36-37(35-40)44-39(42)34-32-30-28-26-24-22-20-18-16-14-12-10-8-6-4-2/h6,8,11-14,17-20,37,40H,3-5,7,9-10,15-16,21-36H2,1-2H3","PGXBELQFNRPKBC","C39H66O5","[M + H]+","CCCCCC=CCC=CCCCCCCCC(=O)OCC(CO)OC(=O)CCCCCCCC=CCC=CCC=CCC","Fatty acids","Diacylglycerols","Glycerolipids","nan","nan","nan","ZDBLXLQFRZTIIU",NA,"nan","nan","nan","nan","nan","nan","nan","nan","nan","['Unknown']","['Unknown']","['Unknown']","['Unknown']","['Unknown']","['Unknown']","['Unknown']","['Unknown']","['Unknown']","nan","nan","nan",0,1.67131567616219,0.107784431137725,1.00100150250438,0.243512974051896,0.57754281555789,0.317365269461078,1.27269611900414,0.193612774451098,0.121453968253968,0.401197604790419
3189,"3189_203_1.5","NA_[3189_203_1.5]",203.003615529914,1.48910348421053,0.0122994740780962,0.0129606097651647,0.998702122396271,1.91011345846824,1.88737456548574,0.000564027179833863,1.00682810701602,0.628373152283501,0.624111651139574,0.00981739702533656,-0.670306553171374,-0.680123950196711,"3-Borono-4-chlorobenzonitrile",NA,NA,0.0484002963852532,-249.678256415003,76.8649969062215,1,"InChI=1S/C7H5BClNO2/c9-7-2-1-5(4-10)3-6(7)8(11)12/h1-3,11-12H","YNZXUVCJPQNYHR","C7H5BClNO2","[M + Na]+","B(C1=C(C=CC(=C1)C#N)Cl)(O)O","Alkaloids","Pyridine alkaloids","Nicotinic acid alkaloids",NA,NA,NA,NA,NA,NA,NA,NA,NA,NA,NA,NA,NA,NA,NA,NA,NA,NA,NA,NA,NA,NA,NA,NA,NA,NA,NA,3.02737005503157,0.029940119760479,-0.333370376544353,0.481037924151697,-1.00100150250438,0.74251497005988,1.45089016470992,0.125748502994012,0.0853333333333333,0.810379241516966
3271,"3271_297.29_8.7","NA_[3271_297.29_8.7]",297.289811633882,8.74493753809524,0.00255197396380769,0.0648014941507272,0.0518000421292035,2.59312376076292,1.18841498033411,1.285669887041,1.30523927141849,0.819674347843324,0.627987807134035,0.384314300317749,-0.286877246213902,-0.671191546531651,NA,NA,NA,NA,NA,NA,NA,NA,NA,NA,NA,NA,NA,NA,NA,NA,NA,NA,NA,NA,NA,NA,NA,NA,NA,NA,NA,NA,NA,NA,NA,NA,NA,NA,NA,NA,NA,NA,NA,NA,NA,NA,2.33644103985384,0.0399201596806387,2.851329742561,0.0139720558882236,0,0.508982035928144,2.56244471347446,0.0259481037924152,0.19904126984127,0.0998003992015968
3375,"3375_828.54_9.7","NA_[3375_828.54_9.7]",828.538775357333,9.72127615909091,0.0495681377787166,0.0541306420516142,0.997199011851406,1.30479739676197,1.2665568216468,0.00121816052094608,1.01201333918908,0.666746024068314,0.658831260665566,0.0172283060945865,-0.584790778146826,-0.602019084241412,"null",NA,NA,0.154716667535085,-456.312528692228,38.2702475180255,1,"InChI=1S/C42H80NO11P/c1-3-5-7-9-11-12-13-14-15-16-17-18-19-23-27-31-40(44)50-33-36(34-51-55(48,49)52-35-37(43)42(46)47)53-41(45)32-28-24-20-22-26-30-39-38(54-39)29-25-21-10-8-6-4-2/h36-39H,3-35,43H2,1-2H3,(H,46,47)(H,48,49)","FWUHPCJHRCUGCZ","C42H80NO11P","[M + Na]+","CCCCCCCCCCCCCCCCCC(=O)OCC(COP(=O)(O)OCC(C(=O)O)N)OC(=O)CCCCCCCC1C(O1)CCCCCCCC","Fatty acids","Oxidized glycerophospholipids","Glycerophospholipids",NA,NA,NA,NA,NA,NA,NA,NA,NA,NA,NA,NA,NA,NA,NA,NA,NA,NA,NA,NA,NA,NA,NA,NA,NA,NA,NA,1.67131567616219,0.141716566866267,0.447303065060821,0.285429141716567,-1.00100150250438,0.706586826347305,0.691425052225119,0.255489021956088,0.0511777777777778,0.936127744510978
3480,"3480_404.19_3.6","NA_[3480_404.19_3.6]",404.191435242653,3.603538135,0.00691692216154094,0.00584305088420201,0.984206788398723,2.16008711155617,2.23336033162026,0.00691364381937426,0.978159062624425,0.603539895674371,0.61701610580089,-0.0318590078282901,-0.728478954579513,-0.696619946751223,"(5-acetamido-3,4-diacetyloxy-6-butoxyoxan-2-yl)methyl acetate",NA,NA,0.253662337680308,-248.776725488247,82.6021552210879,0.937185929648241,"InChI=1S/C18H29NO9/c1-6-7-8-24-18-15(19-10(2)20)17(27-13(5)23)16(26-12(4)22)14(28-18)9-25-11(3)21/h14-18H,6-9H2,1-5H3,(H,19,20)","NDHDOPGXUSBUJH","C18H29NO9","[M + H]+","CCCCOC1C(C(C(C(O1)COC(=O)C)OC(=O)C)OC(=O)C)NC(=O)C","Amino acids and Peptides","Cyanogenic glycosides","Amino acid glycosides",NA,NA,NA,NA,NA,NA,NA,NA,NA,NA,NA,NA,NA,NA,NA,NA,NA,NA,NA,NA,NA,NA,NA,NA,NA,NA,NA,2.33644103985384,0.031936127744511,-1.34406227991274,0.832335329341317,0.832626928038062,0.277445109780439,1.50956784221565,0.155688622754491,0.104711111111111,0.497005988023952
3519,"3519_547.52_8.9","32-methyltetratriacontan-1-ol_[3519_547.52_8.9]",547.519417898996,8.92009234285714,0.0200663121814822,0.105468544565315,0.414889200671516,1.69753243550433,0.976877047083405,0.382067869460756,1.21987743990102,0.75363772782728,0.617797905901456,0.286736208666004,-0.408056905431763,-0.694793114097767,"null","32-methyltetratriacontan-1-ol","CHEBI:84931",0.0327943866699234,-265.826276431927,52.0677382044239,1,"InChI=1S/C35H72O/c1-3-35(2)33-31-29-27-25-23-21-19-17-15-13-11-9-7-5-4-6-8-10-12-14-16-18-20-22-24-26-28-30-32-34-36/h35-36H,3-34H2,1-2H3","APQSXIZZFXCLEE","C35H72O","[M + K]+","CCC(C)CCCCCCCCCCCCCCCCCCCCCCCCCCCCCCCO","Fatty acids","Fatty alcohols","Fatty acyls",NA,NA,NA,NA,NA,NA,NA,NA,NA,NA,NA,NA,NA,NA,NA,NA,NA,NA,NA,NA,NA,NA,NA,NA,NA,NA,NA,2.37022731569989,0.0379241516966068,2.76656071130241,0.0339321357285429,-0.447303065060821,0.512974051896208,2.84440061994287,0.0499001996007984,0.115247619047619,0.660678642714571
3621,"3621_506.22_3.8","NA_[3621_506.22_3.8]",506.222742986201,3.84189714736842,3.78406205836512e-06,3.59081171152908e-06,0.98572266920404,5.42204174981133,5.44480736702314,0.00624525562265412,0.992930068602808,0.550666085325672,0.554586977208311,-0.0102359815976044,-0.860750337023507,-0.850514355425902,"Tobramax",NA,NA,0.117207923082285,-140.104974273447,72.3572043572182,0.0175879396984925,"InChI=1S/C18H37N5O9/c19-3-9-8(25)2-7(22)17(29-9)31-15-5(20)1-6(21)16(14(15)28)32-18-13(27)11(23)12(26)10(4-24)30-18/h5-18,24-28H,1-4,19-23H2","NLVFBUXFDBBNBW","C18H37N5O9","[M + K]+","C1C(C(C(C(C1N)OC2C(C(C(C(O2)CO)O)N)O)O)OC3C(CC(C(O3)CN)O)N)N","Carbohydrates","Aminoglycosides","Small peptides","467.259127764","InChI=1S/C18H37N5O9/c19-3-9-8(25)2-7(22)17(29-9)31-15-5(20)1-6(21)16(14(15)28)32-18-13(27)11(23)12(26)10(4-24)30-18/h5-18,24-28H,1-4,19-23H2/t5-,6+,7+,8-,9+,10+,11-,12+,13+,14-,15+,16-,17+,18+/m0/s1","NLVFBUXFDBBNBW-PBSUHMDJSA-N","NLVFBUXFDBBNBW","NC[C@H]1O[C@H](O[C@H]2[C@H](O)[C@@H](O[C@H]3O[C@H](CO)[C@@H](O)[C@H](N)[C@H]3O)[C@H](N)C[C@@H]2N)[C@H](N)C[C@@H]1O","C18H37N5O9","Tobramycin","http://www.wikidata.org/entity/Q1758380","Carbohydrates","Polyols","Carbohydrates","Polyols","Amino cyclitols","Brassica napus","['Eukaryota']","['Archaeplastida']","['Streptophyta']","['Magnoliopsida']","['Brassicales']","['Brassicaceae']","['Brassiceae']","['Brassica']","['Brassica napus']","nan","309234.0","http://www.wikidata.org/entity/Q177932",6,3.37099931231621,0.00199600798403194,1.607706883878,0.0978043912175649,0,0.552894211576846,2.90340569033997,0.0139720558882236,0.0978444444444444,0.447105788423154
4026,"4026_337.27_11.6","NA_[4026_337.27_11.6]",337.273491599343,11.5981836818182,0.00208497974169097,0.00156758167651627,0.938335339471367,2.68089816040944,2.80476982163842,0.0276419270203117,0.966365777448368,0.60255503307739,0.623526874749643,-0.0493587304352042,-0.730835082055975,-0.681476351620771,"Emalsy MU",NA,NA,0.323246990447202,-13.6574679628518,64.4789435845529,1,"InChI=1S/C21H38O4/c1-2-3-4-5-6-7-8-9-10-11-12-13-14-15-16-17-21(24)25-19-20(23)18-22/h6-7,9-10,20,22-23H,2-5,8,11-19H2,1H3","WECGLUPZRHILCT","C21H38O4","[M - H2O + H]+","CCCCCC=CCC=CCCCCCCCC(=O)OCC(CO)O","Fatty acids","Monoacylglycerols","Glycerolipids","336.266445012","InChI=1S/C21H36O3/c1-5-7-8-9-10-11-12-13-14-15-16-19-17(3)20(22)18(6-2)21(23-4)24-19/h5-16H2,1-4H3","JDVDGNAHTZMMBI-UHFFFAOYSA-N","JDVDGNAHTZMMBI","CCCCCCCCCCCCc1oc(OC)c(CC)c(=O)c1C","C21H36O3","8-Methylpodopyrone","http://www.wikidata.org/entity/Q105125785","Polyketides","Cyclic polyketides","nan","nan","nan","Podolepis rugata","['Eukaryota']","['Archaeplastida']","['Streptophyta']","['Magnoliopsida']","['Asterales']","['Asteraceae']","['Gnaphalieae']","['Podolepis']","['Podolepis rugata']","nan","24091.0","http://www.wikidata.org/entity/Q15597591",4,2.88136606782406,0.00598802395209581,0,0.542914171656687,1.38942503594182,0.117764471057884,2.35726203283914,0.0459081836327345,0.131533333333333,0.203592814371257
4088,"4088_752.52_11","NA_[4088_752.52_11]",752.524695986793,10.965572047619,0.00287068285665859,0.00546652496131661,0.776785768938632,2.54201478424018,2.26228866447365,0.109698739495569,1.07019779027012,0.675170144931944,0.630883516178375,0.097877455197845,-0.566676983364335,-0.66455443856218,"Phophatidylethanolamine(22:5n6/15:0)",NA,NA,0.17443556752566,-67.4132529271034,63.346697328862,1,"InChI=1S/C42H74NO8P/c1-3-5-7-9-11-13-15-17-18-19-20-21-22-23-25-26-28-30-32-34-41(44)48-38-40(39-50-52(46,47)49-37-36-43)51-42(45)35-33-31-29-27-24-16-14-12-10-8-6-4-2/h11,13,17-18,20-21,23,25,28,30,40H,3-10,12,14-16,19,22,24,26-27,29,31-39,43H2,1-2H3,(H,46,47)","HLAHRUDFCZDVSH","C42H74NO8P","[M + H]+","CCCCCCCCCCCCCCC(=O)OC(COC(=O)CCC=CCC=CCC=CCC=CCC=CCCCCC)COP(=O)(O)OCCN","Fatty acids","Glycerophosphoethanolamines","Glycerophospholipids","751.520762168","InChI=1S/C38H69N7O8/c1-10-12-13-14-15-16-17-18-30(47)39-21-31(48)40-22-32(49)43-29(20-26(5)6)35(51)45-38(8,9)37(53)41-23-33(50)44-34(27(7)11-2)36(52)42-28(24-46)19-25(3)4/h15-16,25-29,34,46H,10-14,17-24H2,1-9H3,(H,39,47)(H,40,48)(H,41,53)(H,42,52)(H,43,49)(H,44,50)(H,45,51)/b16-15-/t27-,28-,29-,34-/m0/s1","BJULECFFERYMOK-GABKIWGSSA-N","BJULECFFERYMOK","CCCCC/C=C\CCC(=O)NCC(=O)NCC(=O)N[C@@H](CC(C)C)C(=O)NC(C)(C)C(=O)NCC(=O)N[C@H](C(=O)N[C@H](CO)CC(C)C)[C@@H](C)CC","C38H69N7O8","Unk-Gly-Gly-Leu-Aib-Gly-Ile-Leu-ol","http://www.wikidata.org/entity/Q77374980","Amino acids and Peptides","Oligopeptides","nan","nan","nan","Trichoderma viride","['Unknown']","['Unknown']","['Unknown']","['Unknown']","['Unknown']","['Unknown']","['Unknown']","['Unknown']","['Unknown']","nan","nan","http://www.wikidata.org/entity/Q3915697",0,2.80729597353258,0.0119760479041916,1.67131567616219,0.115768463073852,1.34406227991274,0.17564870259481,2.59423319253922,0.0379241516966068,0.0964222222222222,0.604790419161677
4179,"4179_615.49_11.3","NA_[4179_615.49_11.3]",615.494278565356,11.2974012,0.0282034804063941,0.0319813639062055,0.99378162684552,1.54969729494218,1.49510301887909,0.00270903680498286,1.01341756066934,0.700451774329875,0.69117785354661,0.0192287334511531,-0.513642369470631,-0.532871102921784,"Diacylglycerol(18:2n6/18:3n6)",NA,NA,0.0650289367495522,-66.6975987395468,43.2076617472922,0.998492462311558,"InChI=1S/C39H66O5/c1-3-5-7-9-11-13-15-17-19-21-23-25-27-29-31-33-38(41)43-36-37(35-40)44-39(42)34-32-30-28-26-24-22-20-18-16-14-12-10-8-6-4-2/h11-14,17-20,24,26,37,40H,3-10,15-16,21-23,25,27-36H2,1-2H3","ZDBLXLQFRZTIIU","C39H66O5","[M + H]+","CCCCCC=CCC=CCCCCCCCC(=O)OCC(CO)OC(=O)CCCCC=CCC=CCC=CCCCCC","Fatty acids","Diacylglycerols","Glycerolipids","nan","nan","nan","RESRNMIXCOXYHQ",NA,"nan","nan","nan","nan","nan","nan","nan","nan","nan","['Unknown']","['Unknown']","['Unknown']","['Unknown']","['Unknown']","['Unknown']","['Unknown']","['Unknown']","['Unknown']","nan","nan","nan",0,2.1932960518294,0.0179640718562874,1.00100150250438,0.25748502994012,0.57754281555789,0.293413173652695,2.34403615469248,0.0339321357285429,0.0758444444444445,0.754491017964072
