	Malus_vs_Potentilla_fold_change_log2	Malus_vs_Potentilla_p_value	Malus_vs_Prunus_fold_change_log2	Malus_vs_Prunus_p_value	Potentilla_vs_Prunus_fold_change_log2	Potentilla_vs_Prunus_p_value
phloretin	-0.928576715618585	1.96807556207546e-06	-0.928547442049028	1.96829881837779e-06	2.92735695573053e-05	0.999999881318137
1-(4-bromophenyl)-3-[4-(2-fluorophenyl)-1-piperazinyl]-1-propanone	-0.473019286551106	0.336785927560977	-0.473019286551106	0.336785927560977	0	1
1-hydroxy-7-(hydroxymethyl)-1,4a,5,7a-tetrahydrocyclopenta[c]pyran-4-carboxylic acid methyl ester	0.0677785433863173	0.974703812729266	0.239872937234844	0.709663028627281	0.172094393848527	0.827124726757356
3E-Nonen-2,5-dione	0.502500558212831	0.160460104890817	-0.0249451517828099	0.995717079999361	-0.52744570999564	0.143390149170841
4'-O-Methyldavidioside	-0.533045550897629	0.31498472357632	-0.129974370355269	0.897536296371952	0.403071180542359	0.518575720082403
Tetrakis(2-hydroxypropyl)ethylenediamine	-0.309329879261225	0.504972192179204	-0.407648935988921	0.352542317673809	-0.0983190567276962	0.943803519206828
3-methylglutaric acid	-0.317593640326712	0.644325268257359	0.123158962526026	0.909438635805611	0.440752602852738	0.423454356234181
2-methyl-3-(3,7,11,15-tetramethylhexadec-2-enyl)naphthalene-1,4-dione	0.296034830624022	0.604775504106652	-0.0168778242907023	0.998570388154056	-0.312912654914725	0.576429029469225
2-(3,4-dihydroxyphenyl)-8-[3,5,7-trihydroxy-2-(4-hydroxyphenyl)-3,4-dihydro-2H-chromen-4-yl]-3,4-dihydro-2H-chromene-3,5,7-triol	-0.447013748018828	0.387673118739866	-0.387171062642377	0.465761653118065	0.0598426853764507	0.984941840158563
12-aminododecanoic acid	-0.265453170053759	0.595834226146871	-0.424761237039946	0.339889196382431	-0.159308066986187	0.862509270094584
pantothenic acid	0.042461841781105	0.991594273382734	0.405039370888464	0.424510408396326	0.36257752910736	0.485220047377639
1-Palmitoyl-2-hydroxy-sn-glycero-3-PE	-0.0675838021205986	0.982235778416853	0.352072930787197	0.553421462213174	0.419656732907796	0.459439852455528
myricetin	-0.514439129617797	0.379296122447215	-0.0852947045898642	0.959064808862955	0.429144425027933	0.512375556307017
naringenin	-0.46668400282479	0.196840642951172	-0.621561180427963	0.100400969425548	-0.154877177603173	0.860501644272766
hexane-1,2,3,4,5,6-hexol	-0.869198297303801	0.000867800556240028	-0.191429288563104	0.196611548146665	0.677769008740697	0.00464043311993678
Curtisian O	-0.83759882748789	0.00050288246114405	-0.83759882748789	0.00050288246114405	0	1
adenine	-0.325918753687372	0.699034855406827	0.0855673014861974	0.966010551029412	0.411486055173569	0.557879082524473
32-methyltetratriacontan-1-ol	0.030981360871765	0.996339790163157	-0.069558837303442	0.982944397630705	-0.100540198175207	0.964056820831212
N-dodecanoylglycine	0.0131059004910547	0.998656598317986	-0.158391366341062	0.844062931004886	-0.171497266832116	0.819097522326539
2-(3,4-dihydroxyphenyl)-5,7-dihydroxy-3-[[3,4,5-trihydroxy-6-[(3,4,5-trihydroxy-6-methyl-2-oxanyl)oxymethyl]-2-oxanyl]oxy]-1-benzopyran-4-one	-0.0256236622752533	0.997325146486989	0.363908598699036	0.528862690429381	0.38953226097429	0.492344477090008
bornane-2,3-dione	0.345600524083373	0.485359992440048	-0.0773051087732816	0.970146919539946	-0.422905632856655	0.374570841131371
citric acid	0.342523449624546	0.431775573410839	-0.02974539909576	0.994380127000883	-0.372268848720306	0.38552369179252
1-amino-1-cyclohexanecarboxylic acid	0.547126889234889	0.082850174464136	0.128427433844739	0.856168909424486	-0.41869945539015	0.164389806963336
Acetyl tributyl citrate	0.134141710904689	0.899684542031398	0.343673662528109	0.485233414665301	0.209531951623421	0.72911809441657
3-Hydroxyphloretin	-0.887381855889474	0.000450806979679585	-0.884574491196662	0.000456568130251966	0.00280736469281221	0.999807769651134
Docosanamide	-0.0204427082609753	0.997474464961824	-0.422888529711201	0.483504454659087	-0.402445821450225	0.518643464643909
(8E)-2-Amino-8-octadecene-1,3,4-triol	-0.192755899341567	0.867495699133144	-0.148713159437299	0.915763193710558	0.0440427399042672	0.993180924913921
N-malonyltryptophan	-0.622983458830027	0.248894736189347	-0.182982129543609	0.820066829468525	0.440001329286417	0.502584978620593
5-hydroxymethylfurfural	0.625439604594412	0.0173751608982532	0.0384454992800959	0.978824272310398	-0.586994105314316	0.0217229302783082
Dipropyl hexanedioate	-0.406877259540213	0.417270705746459	-0.0213805297515319	0.996359274663301	0.385496729788681	0.45617812409581
salicylic acid	0.841783973219834	0.00406069333575709	0.149111778580536	0.750172623650939	-0.692672194639298	0.00838772367287788
4-coumaric acid	-0.617605441448009	0.13223276900463	-0.383888003604302	0.338759039749747	0.233717437843707	0.741362728904442
Pestalotionol	-0.212072877115563	0.745456996546858	0.246216687009261	0.592752808199925	0.458289564124824	0.257757302167107
2-(3,4-dihydroxyphenyl)-5,7-dihydroxy-3,4-dihydro-2H-1-benzopyran-4-one	0.215350634260503	0.833825180286342	0.144892775057524	0.923430756271044	-0.0704578592029795	0.978169070886488
1-(1-Methylethenyl)-4-(1-methylethyl)benzene	0.385096899695388	0.468799339000909	-0.0482503355237606	0.990072544371601	-0.433347235219148	0.404488712563684
3-(4-hydroxy-3-methoxyphenyl)prop-2-enoic acid	0.465594750030255	0.287310723773412	0.236671179557784	0.724671760300341	-0.228923570472471	0.663860050723475
4-guanidinobutanoic acid	-0.145117454132632	0.871829704435976	-0.239235866952179	0.71335841938822	-0.094118412819547	0.95161126076492
isoglutamine	-0.628295648592802	0.0799112761726811	-0.476311312655086	0.160621638436822	0.151984335937716	0.851173112596566
Phenylethyl primeveroside	-0.0311614175193414	0.988329994767151	-0.433088899791978	0.256258324396804	-0.401927482272637	0.306053762774148
caffeic acid	0.492029156083077	0.309295089526631	0.177140330779493	0.864670550771813	-0.314888825303584	0.549533438778197
Diisodecyl phthalate	0.33279688715708	0.337343074497686	0.224801212768406	0.601314805348056	-0.107995674388674	0.854752710056644
dihydroresveratrol	-0.742400404642461	0.0140321223436146	-0.740748950370996	0.0141410609839081	0.00165145427146465	0.999972364183487
N-tridecanoylglycine	-0.200506094355859	0.782478860374732	-0.374206298953105	0.495606550636162	-0.173700204597245	0.86547892871861
Dehydrocarpaine I	0.0111164290281058	0.99922839382611	-0.0660787327849091	0.974581572546977	-0.077195161813015	0.96526347843076
4-[(2-methoxy-1-oxoethyl)amino]benzoic acid ethyl ester	-0.342823933791342	0.57907242865055	-0.0165966577112459	0.998245139165413	0.326227276080096	0.610546405303257
Isochlorogenic acid	-0.0255245478779826	0.996783337977619	0.50454655009793	0.240043175953261	0.530071097975912	0.218234168738727
1-[1-(phenylmethyl)-4-piperidinyl]-3-(2,4,4-trimethylpentan-2-yl)thiourea	0.619088422503425	0.157293070574018	0.440322969823844	0.381223176103862	-0.178765452679581	0.76034802212561
2,6-Nonadienoic acid	-0.399185625201888	0.380029793548391	-0.13803670063517	0.853035726242429	0.261148924566718	0.661303771678566
2',4',6'-Trihydroxydihydrochalcone	-0.573071441294983	0.146497916882848	-0.574050766271266	0.145922731663582	-0.000979324976283405	0.999994754008206
tridecanedioic acid	0.431440501150834	0.412447053183964	0.102662768018396	0.955104826653132	-0.328777733132438	0.559301859990398
eugenol	-0.3518238000531	0.534883035850257	0.119424626761554	0.896819275585208	0.471248426814655	0.326023864323755
octadecanamide	0.325597865332761	0.58970785720663	0.00716575766403966	0.999776136768531	-0.318432107668721	0.600948877444471
ent-Epicatechin(4alpha->8)catechin	-0.265444711826805	0.746630695203385	0.155726742109072	0.871059008783355	0.421171453935877	0.46849465236832
N-methylnicotinic acid	-0.263520731847795	0.75193063644977	-0.188672166447774	0.854556053070134	0.0748485654000208	0.979150038616885
2-(4-Hydroxyphenyl)-3,4-dihydro-2H-1-benzopyran-3,5,7-triol	-0.463552850703197	0.356882320109886	-0.338235711555733	0.527840129634853	0.125317139147464	0.932424127490725
5,7-dibromo-6-methoxy-3-methyl-2-benzofurancarboxylic acid	0.425534116627943	0.27038933907652	-0.0727464475805399	0.966898132637011	-0.498280564208483	0.198702555254418
Palmitoylputrescine	0.366127019647748	0.395726258396482	0.416839914900604	0.304468558113895	0.0507128952528562	0.972725036959978
Dibutyl decanedioate	-0.340249986047185	0.392969356030633	-0.0152833356205898	0.997237479602288	0.324966650426596	0.425411381666912
DIMBOA-Glc	0.0409285158469429	0.993077299772275	0.170933312385656	0.878134317169994	0.130004796538713	0.9249700290422
2-coumaric acid	0.040526640807347	0.993953909592376	0.414887432737296	0.481452933791307	0.374360791929949	0.536296010343922
kaempferol	0.0680354597455271	0.976845918197184	0.236847357853823	0.737403417442495	0.168811898108296	0.847056929286139
2',4',6'-trihydroxyacetophenone	-0.925636667597342	2.09464459710595e-06	-0.918122127327717	2.15896855104702e-06	0.00751454026962532	0.992302055628347
2-amino-5-oxohexanoic acid	-0.0406133614622911	0.993024256372623	0.43047902162987	0.393152922231601	0.471092383092161	0.34524628928268
coumarin	0.140898627599698	0.908938867016849	0.401168018962844	0.43999568038851	0.260269391363146	0.664802295744951
(S)-2-Hydroxy-2-phenylacetonitrile O-b-D-allopyranoside	-0.00502259423246322	0.999748353784971	0.726912185805727	0.0162342131886279	0.73193478003819	0.0158542907038061
2-{[3,4-dihydroxy-2,5-bis(hydroxymethyl)oxolan-2-yl]oxy}-6-(hydroxymethyl)oxane-3,4,5-triol	0.693314868849005	0.00130246905539655	-0.0536922217863981	0.917959369918006	-0.747007090635403	0.000956289869080029
1-O-Benzoylhexopyranose	-0.180137656486095	0.854172872905462	0.500378528779843	0.214902767015434	0.680516185265939	0.107921268622133
5-hydroxy-2-(4-hydroxyphenyl)-4-oxo-3-(pentopyranosyloxy)-4H-chromen-7-yl 6-deoxyhexopyranoside	-0.000232240999217593	0.999999806981598	0.414803486581155	0.4828478982105	0.415035727580373	0.482547050584628
Kaempferol 3-(6''-acetylgalactoside) 7-rhamnoside	0	1	0.421841193209403	0.465131002505117	0.421841193209403	0.465131002505117
4-[[4-(dimethylamino)-6-(4-morpholinyl)-1,3,5-triazin-2-yl]oxy]benzoic acid methyl ester	-0.570728724632053	0.18556940678285	-0.330825750470115	0.458179028204846	0.239902974161938	0.740768795870109
quercetin	-0.0847142827727335	0.972682027389832	0.333271116250388	0.590203631380654	0.417985399023122	0.470753914272138
2,3-di(acetyloxy)-3-cyano-1-[1,2-di(acetyloxy)ethyl]propyl acetate	-0.0517470542727273	0.987458607894368	0.468886418386259	0.297218357460364	0.520633472658986	0.247019643733286
5,7-dihydroxy-2-(4-hydroxyphenyl)-4-oxo-4H-1-benzopyran-3-yl 6-O-(6-deoxyhexopyranosyl)hexopyranoside	0.000624485706393252	0.999998604829441	0.415037499278844	0.482727804805592	0.414413013572451	0.483537052532076
Phlorizine	-0.923423122117386	7.53867686320575e-06	-0.923536121406225	7.53455430690941e-06	-0.000112999288838675	0.999998863944288
3,4-dimethoxycinnamyl acetate	0.337099593047653	0.618668995630674	0.226875354927286	0.810038166581514	-0.110224238120367	0.937702135749104
3-(1-piperidinylsulfonyl)-N-(2-thiazolyl)benzamide	-0.0100563878240731	0.999114420182625	0.686781683953064	0.0290510723441215	0.696838071777137	0.027714299527212
2-(3,4-Dihydroxyphenyl)-8-[2-(3,4-dihydroxyphenyl)-3,5,7-trihydroxy-3,4-dihydro-2H-chromen-4-yl]-4-[2-(3,4-dihydroxyphenyl)-3,5,7-trihydroxy-3,4-dihydro-2H-chromen-8-yl]-3,4-dihydro-2H-chromene-3,5,7-triol	0.618948655094689	0.17973439699757	0.499614275843286	0.320408429289018	-0.119334379251403	0.888455122387073
salicylic acid-2-O-glucoside	0.765739169890013	0.00992504879219114	0.0433067220313514	0.979303818895798	-0.722432447858661	0.0122086834346888
tryptophan	-0.0949677168002867	0.951182238183565	-0.162095715772733	0.871795132813678	-0.0671279989724457	0.977798729042335
Kaempferol 3-(6-acetylgalactoside)	-0.00499420586810112	0.999896733567524	0.414538445594992	0.436521526912908	0.419532651463093	0.430006626026877
tryptophol	0.0307076314363631	0.995553688420041	0.628095712014636	0.135054677038487	0.597388080578273	0.151473894636648
avenic acid A	0.00409846217012581	0.999929713278914	0.686185023402724	0.113446211917036	0.682086561232598	0.115092880157913
N-(tetradecanoyl)ethanolamine	-0.0876076318689883	0.94304367463092	-0.0323981978360859	0.991632300672616	0.0552094340329025	0.977352058984416
2-phenylethylamine	0.0164396549820992	0.998948576682106	0.439313425358976	0.418338723238645	0.422873770376877	0.43898524720738
Epicatechin 3-glucoside	-0.00506147596797208	0.999901518118534	0.391462733642498	0.500761158157268	0.39652420961047	0.49385314106486
Epigallocatechin-(4beta->8)-catechin	-0.0446607762362716	0.986855467034132	0.53640710018202	0.133207898907546	0.581067876418292	0.109280781306837
catechin	-0.519570448726304	0.305823356715228	-0.126819451101345	0.895031302518369	0.392750997624959	0.508680321628381
7-Galloylcatechin	0.00622710111098625	0.999855248343594	0.424076906485254	0.455060764694006	0.417849805374268	0.463060583535831
Myricetin 3-(6-acetylgalactoside)	0.000962163037507862	0.999996686194207	0.41479094478628	0.483048697586926	0.413828781748772	0.484296669103159
2-(hydroxymethyl)-6-[(e)-4-(1,2,4-trihydroxy-2,6,6-trimethylcyclohexyl)but-3-en-2-yl]oxyoxane-3,4,5-triol	-0.0621277984262224	0.982169422216926	0.402559345862895	0.406982538568159	0.464687144289117	0.330344045488779
SF-1902-A4b	-0.0246086750715871	0.996347245155458	0.58342765118976	0.115722621445598	0.608036326261347	0.104296752894853
Rustoside	0.348834692135505	0.71307711675058	0.450603911882845	0.558743818440464	0.10176921974734	0.959612738977193
6-Hydroxymusizin 8-O-b-D-glucopyranoside	0.00487804582129804	0.999914532031319	0.414215150832229	0.483809525358162	0.409337105010931	0.490171752844445
(2R)-6,8-Diglucopyranosyl-4',5,7-trihydroxyflavanone	0.300010491279096	0.633122890447958	0.534664256895859	0.23620699714643	0.234653765616763	0.66498012757785
3-hydroxybenzaldehyde	0.56434547024848	0.235629789751272	0.431802511678391	0.425538771683904	-0.132542958570089	0.874445417650476
alpha-Bisabolol oxide A	0.214670453216979	0.810585107866819	0.0483500153652781	0.990238560087122	-0.1663204378517	0.876318661804768
N-undecanoylglycine	-0.068225008463981	0.96626056013961	-0.454708008607143	0.370288324931319	-0.386483000143162	0.487999793246201
(3,4,5,6-tetrahydroxyoxan-2-yl)methyl acetate	0.00172772300900183	0.999989312945109	0.415037499278844	0.482729193422431	0.413309776269842	0.484970804325832
LSM-1313	0.348534926035093	0.658820924725716	0.296938028085599	0.742300705066761	-0.0515968979494933	0.988075461744581
Kaempferol-3-O-rhamnoside	-0.00258267978798571	0.999975638625347	0.417669348442095	0.47103390394969	0.420252028230081	0.46770818399899
1-(3-Methylbutanoyl)-6-apiosylglucose	-0.156336080449025	0.891494503806843	0.212337033049359	0.7659099233337	0.368673113498383	0.509601958077524
trimazosin	0.0212460334798015	0.996115099612451	0.644732281797031	0.0429559251004584	0.62348624831723	0.0476036810782509
3,3',4',5,7-Pentahydroxyflavan(4->8)-3,4',5,7-tetrahydroxyflavan	0.268827102084967	0.743069431495301	0.294090077741407	0.699033637356764	0.0252629756564407	0.996632366533687
1,2-bis(3,4-dimethoxyphenyl)propane-1,3-diol	0.0954940563950857	0.954207852264474	0.518959319712676	0.232264092873106	0.423465263317591	0.33156143206623
gamma-decalactone	-0.0117420970647004	0.999111406927789	0.239912638640045	0.662074302038539	0.251654735704745	0.639283711562769
hexadecanamide	-0.123912299638949	0.915739275329319	0.0249505288058594	0.995995995849216	0.148862828444808	0.879506362267296
3',4',5,7-tetrahydroxy-3-methoxyflavone	0.869796280608123	0.000640972548551999	0.0739350122257609	0.880511107088241	-0.795861268382362	0.000916442801661921
13-hydroxytridecanoic acid	-0.00750785485144642	0.999749408341255	0.438913850170773	0.371999318552067	0.446421705022219	0.362960472598277
heptaethylene glycol	0.176868600564933	0.788332348005594	-0.146836014404286	0.875187585144446	-0.323704614969218	0.512132492493765
4-hydroxystyrene	0.0722492443735081	0.978943878182296	0.456080686721195	0.387463139054543	0.383831442347686	0.480966091083679
7,8-Dihydro-alpha-ionone	-0.113887553794843	0.946259884920972	0.345498139231478	0.530182590495605	0.459385693026321	0.375805642534716
imidurea	0.627939263110824	0.00114615959594266	-0.164117724191934	0.419788966263726	-0.792056987302758	0.000429186186786223
1-Isopropyl citrate	0.00228587500775622	0.999980307104247	0.433567020249783	0.435102777442507	0.431281145242027	0.437961656116416
Isorhamnetin 3-O-[b-D-xylopyranosyl-(1->6)-b-D-glucopyranoside]	-0.287261874570145	0.624808190532957	0.206933106633393	0.704349375111001	0.494194981203537	0.252725913776094
L-DOPA 3'-glucoside	-0.303911040691669	0.615431557618231	-0.178292136844034	0.825811117134175	0.125618903847635	0.924568165048452
pyridoxine	-0.0215533193723346	0.997880868037591	0.367839629745615	0.487650364267292	0.38939294911795	0.45651547194781
asparagine	-0.271301047645369	0.67115053143114	-0.37899308929956	0.502441349255966	-0.107692041654191	0.950097452149307
2-(Hydroxymethyl)-6-[4-(4-hydroxy-2,6,6-trimethylcyclohexen-1-yl)butan-2-yloxy]oxane-3,4,5-triol	0.0069687188524278	0.999792806815828	0.424938547598462	0.411622326498211	0.417969828746034	0.420605826421617
3,5-dihydroxy-3-methylpentanoic acid	-0.063328853663971	0.983238673509193	0.379860048549821	0.480124548450556	0.443188902213792	0.396268259646138
2-isopropylphenol	0.462223799621353	0.221221712575755	-0.0221578055394206	0.996795461248478	-0.484381605160774	0.201025041900038
D-Linalool 3-(6''-malonylglucoside)	0.00351802200820791	0.999949835682606	0.46111176699614	0.36742135856721	0.457593744987932	0.371481593674878
carnitinium	-0.534961177376555	0.328811209470566	-0.0133957013540062	0.99879722650216	0.521565476022549	0.347388102888907
adamantane	0.586968823744703	0.170556053444075	0.256040962793543	0.710352802529424	-0.33092786095116	0.452069430131044
10-hydroxy-1,2,6a,6b,9,9,12a-heptamethyl-2,3,4,5,6,6a,7,8,8a,10,11,12,13,14b-tetradecahydro-1H-picene-4a-carboxylic acid	-0.593542436915467	0.212766520506095	-0.081844743528196	0.947462437521095	0.511697693387271	0.312951265341438
glutamine	-0.233319148855592	0.716558394156437	-0.352847482029134	0.514812248043902	-0.119528333173543	0.930943523215479
Quercetin-3-o-vicianoside	0.0936785705334079	0.967686574626659	0.41028596621402	0.495294688002587	0.316607395680612	0.628558604404708
3-(indol-3-yl)lactic acid	-0.122249057722766	0.921356667885758	-0.2017177209995	0.813210756871565	-0.0794686632767337	0.970102493446678
Tyrosyl-Cysteine	0	1	0.415037499278844	0.482727279503212	0.415037499278844	0.482727279503212
4-hydroxybenzaldehyde	-0.00632346088434392	0.999852047800831	0.416487107549773	0.468167482397937	0.422810568434117	0.460026268545603
isorhamnetin	0.13089546471964	0.937309514335252	0.390221662409184	0.533822836235629	0.259326197689545	0.72664633683263
5,7-dihydroxy-2-(4-hydroxy-3-methoxyphenyl)-4-oxo-4H-chromen-3-yl hexopyranoside	0.343248255506196	0.572488958290765	0.0906325099648697	0.965037825542583	-0.252615745541326	0.71617542072447
Leucyl-leucine	0.00739280508443334	0.999796491645809	0.420062574064435	0.462977703062943	0.412669768980001	0.472570950282947
6-{[5,7-Dihydroxy-2-(4-hydroxy-3-methoxyphenyl)-4-oxo-4H-chromen-3-yl]oxy}-3,4,5-trihydroxyoxane-2-carboxylic acid	0.858424734023742	0.0287553003708992	0.334002771223011	0.532070422339012	-0.524421962800731	0.116370411631966
Desferrioxamine Et1	0.0308564143114599	0.996505855584286	0.413377806526632	0.483468235952219	0.382521392215172	0.524942670930305
(3x,5x,10x)-9,10-Didehydroisohumbertiol O-[rhamnosyl-(1->4)-rhamnosyl-(1->2)-[rhamnosyl-(1->6)]-glucoside]	-0.00101423376565031	0.999996317787974	0.414135304376891	0.48375313836628	0.415149538142541	0.482438507346336
PF-04691502	0.0300407585686479	0.996295147043961	0.416224492165084	0.443146659580459	0.386183733596436	0.483881412182094
3-fluoro-N-[1-[2-[(2-fluorophenyl)methylamino]-2-oxoethyl]-4-piperidinyl]benzamide	-0.028511726534922	0.997007073191367	0.387278220773391	0.515976239699014	0.415789947308313	0.477888794899244
benzoxonium chloride	0.0135389102914336	0.999337356850209	0.413387317155234	0.484984201417944	0.3998484068638	0.502839128212248
9,13-Dihydroxy-4-megastigmen-3-one 9-glucoside	0.427199474289537	0.207905707614494	0.0678398481226039	0.96054889509065	-0.359359626166933	0.290612620377102
Epicatechin-(2beta->5,4beta->6)-ent-epicatechin	-0.0455252247501772	0.990266703450934	0.617732081774478	0.132832797712769	0.663257306524655	0.112044862350153
nicotinamide	0.200346473486657	0.806731454652164	0.33399326348336	0.541967592056319	0.133646789996703	0.884884844384166
pipecolic acid	0.15785393130413	0.876959395478949	0.0419357522962493	0.991312692667364	-0.11591817900788	0.929057463824844
7,8-dihydroxycoumarin	0.673899883812114	0.151916226005998	0.247802134847779	0.778407543399682	-0.426097748964335	0.35560845985258
Leucyl-Valine	-0.00564416323251142	0.999880629883031	0.398942574628399	0.495160670149674	0.40458673786091	0.487604387759457
4-Methyl-1-phenyl-2-pentanone	0.0365261768168412	0.993518009337358	0.604604824819847	0.14852378479447	0.568078648003006	0.170552138148783
Phenylalanyl-Valine	0.432297579311205	0.592871316824252	0.366522098610253	0.692028777093245	-0.0657754807009524	0.983229299972332
quinolin-4-ol	-0.108126406374092	0.944505120697077	0.421754226999627	0.346958350343056	0.529880633373719	0.234583778691935
Physangulide	-0.00161532056179579	0.999988855675241	0.674081976560179	0.117020645200002	0.675697297121975	0.116350964756073
terephthalamide	-0.548026241337004	0.258570739101959	-0.103308637526049	0.92218476178519	0.444717603810955	0.407974296908821
2-Methoxy-5-methylpyrazine	0.0113952569659109	0.999529510232995	0.411656929218887	0.486852330748225	0.400261672252975	0.501904531314446
hexopyranose	0.674030622326543	0.00435465828780524	-0.0293143260706248	0.982465501984892	-0.703344948397168	0.00368358548016545
N-(icosanoyl)ethanolamine	-0.269285646778202	0.738669434366878	-0.036114817357059	0.993301348363628	0.233170829421143	0.799018897958671
L-Glutathione (reduced)	-0.161777197015363	0.754871498581662	-0.386884628590155	0.307518613889465	-0.225107431574791	0.6651683662435
desferrioxamine G	-0.42039624613942	0.468851254860566	-0.420357917954917	0.468900426772792	3.83281845030788e-05	0.999999994667773
spermidine	-0.238013187635864	0.739313355783712	-0.431191388653005	0.449940243923906	-0.193178201017141	0.859546954190481
3-alpha-Mannobiose	-0.110534514703614	0.880340634564024	-0.694813648533722	0.0996320891812672	-0.584279133830108	0.185085647066745
2-Amino-2-Deoxy-Hexose	-0.567535865013346	0.0636155669599879	-0.102546386510532	0.822039090595063	0.464989478502814	0.137277874549021
trans-Cinnamoyl b-D-glucoside	-0.599287507593921	0.141166126924655	-0.267180185112338	0.539142300982973	0.332107322481582	0.532748566169226
N2,N9-dimethyl-11-oxo-5,6-dihydrodibenzo[3,1-b:3',1'-f][7]annulene-2,9-disulfonamide	-0.678531355969333	0.03657902246266	-0.199820224282933	0.523524832605483	0.4787111316864	0.153775439871198
cinnamic acid	-0.565315130991242	0.165692852314023	-0.20854486387591	0.671221984091853	0.356770267115332	0.47500914855364
N-[2-(1H-benzimidazol-2-yl)ethyl]-3,5-dinitrobenzamide	0.734713957264784	0.0409094269333607	-0.00381882884486627	0.999908717688706	-0.73853278610965	0.0402762854121911
6''-O-(3-Hydroxy-3-methylglutaroyl)astragalin	0.342853142772411	0.583062883365445	-0.0719071653519571	0.980789519142796	-0.414760308124368	0.482836571541168
elaidic acid	-0.00594562758889247	0.99969220302941	0.0701994501144728	0.95608974744777	0.0761450777033652	0.948809457553837
benzoic acid	-0.273549066422373	0.716271006118989	0.424648413205533	0.320969800717128	0.698197479627905	0.117827380479361
N,N-bis(2-hydroxyethyl)dodecanamide	-0.193047109882341	0.70439454944563	-0.197558081171774	0.694238972266665	-0.00451097128943312	0.99982300303767
13-Dodecan-2-yl-6-(1-hydroxyethyl)-3-(hydroxymethyl)-12-methyl-9-propan-2-yl-1-oxa-4,7,10-triazacyclotridecane-2,5,8,11-tetrone	-0.151635589389909	0.746073326050749	-0.376005502052847	0.273616648751645	-0.224369912662938	0.619445529480213
4,7-Dihydroxy-2H-1-benzopyran-2-one	0.420832199469035	0.462921721309359	-0.00123282928044497	0.999994396304721	-0.42206502874948	0.461341392741271
1,3,4,5-Tetrahydroxycyclohexanecarboxylic acid	-0.515998910222304	0.136115493150601	-0.544428622162691	0.119308187196083	-0.0284297119403866	0.994149117076204
6''-malonylastragalin	0.406659755838269	0.476510926397017	-0.0191437580233004	0.998618652772486	-0.425803513861569	0.451630280136651
quercetin 3-O-(6''-malonyl-glucoside) 7-O-glucoside	0.364616937004199	0.535736949585429	-0.0589272214140485	0.986642108687501	-0.423544158418247	0.455242860840129
Glycerol tribenzoate	-0.601114034690893	0.109951712233765	-0.601114034690893	0.109951712233765	0	1
2,4-Dihydroxy-7,8-dimethoxy-2H-1,4-benzoxazin-3(4H)-one 2-glucoside	0.783606794733443	0.00250256341469401	0.0138115279162615	0.996571076700026	-0.769795266817182	0.00268233708843579
2-benzylsuccinic acid	0.437342916164857	0.329458226016099	0.0697239615266471	0.974067194382448	-0.36761895463821	0.423454616484253
3',5'-di-O-methyltricetin	0.517077287763704	0.254073907698782	0	1	-0.517077287763704	0.254073907698782
1-(4-amino-1,2,5-oxadiazol-3-yl)-N-[(2-ethoxyphenyl)methylideneamino]-5-[(4-methyl-1-piperidinyl)methyl]-4-triazolecarboxamide	-0.00709722894267853	0.99976424444168	0.286581892629069	0.645188682199027	0.293679121571747	0.633474186709362
3-Hydroxy-1-(4-hydroxyphenyl)-1-propanone	0.46696752929274	0.200521209866647	-0.0599461912031149	0.976139215538772	-0.526913720495855	0.153708167002739
6''-O-acetylgenistin	0.447818921177326	0.403563820725254	0.0592501095636067	0.986019705820899	-0.38856881161372	0.480542531410864
hydroxytyrosol	0.327693195692493	0.619229397891399	0.00314808722497866	0.999961779565891	-0.324545108467515	0.623923561114658
taxifolin	0.41498864041148	0.482737477073795	0.000386054106035722	0.999999466774019	-0.414602586305444	0.483237684394366
Ethyl vanillate	-0.519166914354354	0.283626547693641	-0.30000367193402	0.575863105528251	0.219163242420334	0.804520771335769
2-(Hydroxymethyl)-6-[2-(4-hydroxyphenyl)ethoxy]oxane-3,4,5-triol	0.415398268514632	0.480976964013148	-8.26978765840742e-05	0.999999975456806	-0.415480966391216	0.480869908777145
xi-8-Hydroxyhexadecanedioic acid	0.415000301336019	0.482764059854397	7.83269974812125e-05	0.999999978057798	-0.414921974338537	0.482865508644285
3-Hydroxytetradecanedioic acid	0.415026024012951	0.4820816343184	-0.000433423176635831	0.999999326996893	-0.415459447189587	0.481520457563293
biphenyl-2,2'-diol	0.415234112941586	0.482218109092727	0	1	-0.415234112941586	0.482218109092727
tetradecanedioic acid	0.41507606588943	0.482583206139141	0.000235577638014268	0.999999801462524	-0.414840488251416	0.482888338252163
Tetradecan-7,9-diynoic acid	0.414567558321649	0.483003611780243	-0.000529749242189809	0.999998995099149	-0.415097307563839	0.482317191535732
N-myristoylglycine	0.41257083890867	0.483116584111534	-0.00289271860227439	0.999969762845294	-0.415463557510944	0.479357553772078
Syringolin E	0.415009000041899	0.482764199397618	6.57213606514078e-05	0.999999984552955	-0.414943278681248	0.482849318179121
xi-7-Hydroxyhexadecanedioic acid	0.414676540747834	0.483120964128606	0.000148301541205231	0.999999921286032	-0.414528239206629	0.483313200920912
2-[2-hex-1-ynyl-6-(methylamino)-9-purinyl]-5-(hydroxymethyl)oxolane-3,4-diol	0.410085020586877	0.480791181503577	0.0335496208887896	0.995750522771374	-0.376535399698087	0.526509437876296
octanoic acid	0.415047342067414	0.482671665078249	9.43438468802928e-05	0.999999968165003	-0.414952998220534	0.482793849983174
decanoic acid	0.415053086940064	0.482676136848975	0.000191751793528266	0.999999868487877	-0.414861335146536	0.482924497224168
apigenin	0.417546582946271	0.474478289749824	-0.000474490970226467	0.999999184982178	-0.418021073916497	0.473866359942961
(5e)-10-Heptyl-3,4,5,8,9,10-hexahydro-5,8,9-trihydroxy-2h-oxecin-2-one	0.413271413485034	0.482766616602561	-0.000276198118069263	0.99999972460264	-0.413547611603103	0.482407305188676
Aleuretic Acid	0.414986628887529	0.48274377769324	-4.32448900762162e-05	0.999999993311158	-0.415029873777606	0.482687771988671
nonanoic acid	0.401735397888259	0.496611679890607	-0.00661070459735509	0.999839707368067	-0.408346102485614	0.48784714370742
glutamic acid	0.0232713522061857	0.996026112707836	-0.128028215175533	0.898809900303464	-0.151299567381718	0.860435314128057
leucocyanidin	-0.543534248639002	0.219716155059938	-0.0738461091812671	0.951529657272079	0.469688139457735	0.317776002937733
mellein	0.418935256631559	0.471216096567103	0.00766216247191054	0.999785705098876	-0.411273094159648	0.481163450204767
trans-10-pentadecenoic acid	0.415037499278844	0.482727389527701	0.000456253124291216	0.999999255363837	-0.414581246154553	0.483318521427757
N-hexadecanoylglycine	-0.193302157221208	0.721004502950964	-0.243492519442476	0.61396082333516	-0.0501903622212683	0.980572681459032
hexadecanedioic acid	0.405066026582508	0.49418502970836	-0.000961361119449109	0.999996633942945	-0.406027387701957	0.492913129930372
N-(3-Hydroxy-1-oxohexadecyl)-glycine	0.413411300677199	0.479940144634462	-0.000271440815069673	0.999999731791871	-0.413682741492268	0.479586732132903
N-Pentadecanoylglycine	0.414502061171779	0.48164964621165	0.00120673035189505	0.999994754697376	-0.413295330819884	0.48321747578885
margaroylglycine	0.415497500963286	0.480352538918355	0.0013666924856383	0.999993280301488	-0.414130808477648	0.482124601928619
7-Keto palmitic acid	0.410917828437748	0.486031429547381	-0.00266059849025737	0.99997442015549	-0.413578426928006	0.482561614852883
6-hydroxyhexanoic acid	0.405504821117151	0.416581092992929	-0.0263257589898925	0.99683830154148	-0.431830580107043	0.382446382245292
dodecanedioic acid	0.413012769300996	0.483388359783919	0.0138854273557091	0.999297807073685	-0.399127341945287	0.50174128159875
tetradec-5-ynoic acid	0.414860742996402	0.480918637911229	0.00423218821758768	0.999935326220337	-0.410628554778814	0.486431936053254
tetradecanoic acid	0.406165816645301	0.493759109048382	-0.00875896464646433	0.999723481743898	-0.414924781291765	0.482301381580326
1-deoxy-D-glucitol	-0.791334469003263	0.0226179044857985	-0.791334469003263	0.0226179044857985	0	1
vanillyl alcohol	0.663791182456282	0.0277449986659681	0.224987176358555	0.587994866515502	-0.438804006097727	0.0982322296826926
prunetin	0.415312883714685	0.481994957951779	9.48657701463181e-05	0.999999967789218	-0.415218017944538	0.482117764602364
Malvidin 3-(6-malonylglucoside) 5-glucoside	0.415464643949217	0.481621225222987	0	1	-0.415464643949217	0.481621225222987
2-[3-(3,5-dihydroxyphenyl)-2-hydroxypropyl]benzene-1,3,5-triol	0.39632870035002	0.498788264587422	-0.0135903169876928	0.999309700791613	-0.409919017337713	0.48064912990593
genistein	0.369018220273905	0.543174313258687	-0.0200054975322028	0.998486487835893	-0.389023717806107	0.515228097921634
methyl 3,4,5-trihydroxybenzoate	0.421187726059414	0.465484699877665	-0.000139824275294243	0.999999928588464	-0.421327550334708	0.465305545954462
Pyrronamycin B	0.375229864437056	0.644128860647144	0.461244652416025	0.507423319100394	0.0860147879789687	0.966609151248604
methyl salicylate	-0.490351827148871	0.254689606102252	-0.28686224646641	0.541620929289881	0.203489580682462	0.791115319990471
2-Methoxyresorcinol	0.458081044683091	0.387203093608623	0.198177514101853	0.844538703281545	-0.259903530581238	0.680490025272795
1-Octen-3-yl primeveroside	0.612297736783939	0.17469916528053	0.34314227054758	0.572554586202019	-0.269155466236359	0.590714358868181
bis(2-ethylhexyl) phthalate	-0.441169968305269	0.174055100981696	-0.219543368305324	0.540103968881282	0.221626599999946	0.622472514375463
3,5-dihydroxy-7-(14-oxopentadecyl)benzoic acid	-0.000318197118258608	0.999999637687796	0.414577871267661	0.483240926126446	0.41489606838592	0.482828582047028
arginine	-0.462139651838468	0.334293168220127	-0.447587375544606	0.351040117320754	0.014552276293862	0.999042800283318
cephalanone F	-0.43885254032512	0.472296729093062	-0.0145785218500677	0.998744493839272	0.424274018475053	0.496615706707057
5-Hydroxytryptophol	-3.54260646635205e-05	0.999999995509979	0.414998116986803	0.482638714210942	0.415033543051467	0.482592833491179
bunazosin	-2.69304221331249e-06	0.999999999973296	0.424924347146542	0.456507457020738	0.424927040188756	0.456504032265244
Quercetin 3-rutinoside 7-galactoside	-0.0234363344596949	0.997041080392072	0.483898162430518	0.243622130632441	0.507334496890212	0.222386878622508
monoethyl phthalate	0.151031914103257	0.84220382225103	0.251197787423044	0.616862531731074	0.100165873319787	0.912910760630912
2-[[3,4-Dihydroxy-5-(hydroxymethyl)oxolan-2-yl]oxymethyl]-6-(3,7-dimethylocta-2,6-dienoxy)oxane-3,4,5-triol	0.439665393026241	0.3769417113387	0.0287430972680498	0.996315846086356	-0.410922295758191	0.413511829485691
serotonin	0.000437119685012425	0.999999313830564	0.416454591976256	0.479059629755524	0.416017472291244	0.479624624096597
11-oxo-dodecanoic acid	0.0113042448975988	0.999470821552166	0.691403224982803	0.112752220557403	0.680098980085205	0.117300863769177
1,3-diphenylguanidine	0.138321742073119	0.894825559765467	0.501584252570031	0.226332947869545	0.363262510496912	0.389867793323227
Indazole-3-carbaldehyde	-0.126464055526772	0.920708745452303	0.407531357199513	0.348771122001358	0.533995412726285	0.217124076264213
histidine	-0.506055926402463	0.248163437113969	-0.473938899740391	0.279297416564577	0.0321170266620717	0.994897226156702
2,4,6-triallyloxy-1,3,5-triazine	0.0906194826592675	0.940558063845103	-0.170049332962542	0.838018192548911	-0.260668815621809	0.654299754216294
Irganox 1098	-0.61739195058081	0.140378369358497	-0.61739195058081	0.140378369358497	0	1
DL-Stachydrine	-0.518425284299497	0.352463151090368	-0.090894144719776	0.950469827863963	0.427531139579721	0.494182453906136
Heptapropylene glycol	-0.415037499278844	0.482727279503212	-0.415037499278844	0.482727279503212	0	1
S-propyl propanethiosulfinate	0.165280626423243	0.783075704066062	-0.243639831370208	0.676617243003619	-0.408920457793451	0.334875805650138
hexaethylene glycol	-0.14122945974536	0.87090304288594	-0.0420931554136795	0.986661341848777	0.0991363043316806	0.935250102301147
9-Pentadecen-1-ol	-0.392729901958285	0.695095955259517	0.0223075973205587	0.998345770214293	0.415037499278844	0.663960297316659
7-Hexadecen-1-ol	-0.415037499278844	0.482727279503212	-0.415037499278844	0.482727279503212	0	1
N-undecylundecan-1-amine	-0.546939190553585	0.135406023522047	-0.358247421118005	0.320517418985461	0.18869176943558	0.777393965500508
M-4365 G1	0.38728480191412	0.699134691007747	0.415037499278844	0.660191420054479	0.0277526973647237	0.997412854017489
Kynapcin-12	-0.644713061521963	0.0596390171715865	-0.643796122462698	0.0598847830336221	0.000916939059264735	0.999993990094109
5-Megastigmen-7-yne-3,9-diol 9-glucoside	0.202703355336683	0.725608421526551	-0.184614029333433	0.812696810998273	-0.387317384670116	0.394761031983843
2-Amino-1,3,4-octadecanetriol	-0.658753233924396	0.0167778046197492	-0.711710651184852	0.012768049770688	-0.0529574172604555	0.966592400165953
omega-Salicoyisalicin	0.130609934977984	0.906855358316708	-0.18564527931932	0.854586859656721	-0.316255214297304	0.622692055021409
2-aminohexanoic acid	0.293011102219332	0.553713574037171	0.0190103293234966	0.997730625022092	-0.274000772895835	0.589044192052279
phenylethanolamine	-0.608961409028619	0.0476541005810591	-0.250096839019098	0.382514778498297	0.358864570009521	0.290097231418323
beta-D-Ribofuranose, 1-(6-amino-9H-purin-9-yl)-1-deoxy-5-S-methyl-5-thio-	0.379699445984039	0.43852974370561	0.212474554515476	0.776349054309053	-0.167224891468564	0.814183738558726
4-(2,6,6-Trimethylcyclohex-1-enyl)but-2-en-4-one	-0.409731485621921	0.435421505316945	-0.153835608965456	0.855013897037832	0.255895876656466	0.727750786072194
dodecanamide	-0.141360141268489	0.860601946052918	-0.237947912706232	0.682067430738717	-0.0965877714377429	0.941451362233397
8-amino-7-oxononanoic acid	0.444973030524577	0.173926956200449	0.240411476884617	0.578460134938842	-0.20456155363996	0.582831475841707
SPB 17:1;2O	-0.162337004574689	0.819422206128788	0.00661176384389776	0.999616114097974	0.168948768418587	0.805667729617863
Keioside	-0.287128927219456	0.626885647792411	-0.0104414269890155	0.99919186029115	0.27668750023044	0.648569153240793
tyrosine	-0.297077891074421	0.578648132894188	-0.0167097739934098	0.997700005666492	0.280368117081011	0.614716801150709
N(5)-acetylornithine	-0.166864005863068	0.88255359119186	0.266484084788999	0.663526949395601	0.433348090652067	0.409996811207098
(-)-11-Hydroxy-9,15,16-trioxooctadecanoic acid	-0.349603861747782	0.368817831209902	-0.242011405110201	0.573715395956285	0.107592456637581	0.910977213781319
diethyl phthalate	0.0842173905076333	0.94930291685055	0.308358830428258	0.48349637792261	0.224141439920624	0.651651929689538
(2R)-1-O-beta-D-Galactopyranosylglycerol	0.102712932651095	0.953525202231662	0.335719226102658	0.577080286097747	0.233006293451563	0.743373587676821
kynurenic acid	0.316944888311912	0.358022314432776	-0.299577603774323	0.526821931139244	-0.616522492086235	0.0861094345816185
6'-Apiosyllotaustralin	-0.120072480090458	0.937148889326626	0.00262251584173705	0.999965927392654	0.122694995932195	0.934381846363039
1-monopalmitoylglycerol	0.155946861941492	0.888275972983219	0.167454482014935	0.871734231821772	0.0115076200734434	0.999261637312973
2-[6-(cyclohexylamino)-9-purinyl]-5-(hydroxymethyl)oxolane-3,4-diol	-0.624212929921066	0.114067275192538	-0.619575622841071	0.116175690955319	0.00463730707999561	0.999886484847028
Stevastelin-C3	-0.368144248990763	0.26080083037198	-0.483014319103023	0.145673730538698	-0.11487007011226	0.890627001389146
bis-gamma-glutamylcystine	0.180338550679518	0.67432821452579	-0.299080014610804	0.480038376883416	-0.479418565290321	0.168970884983843
5-formyl-2-furoic acid	0.352794518956982	0.444131249627311	0.117709378793465	0.916885957564344	-0.235085140163518	0.65837625008081
Pentapropylene glycol	0.202620056754898	0.732163984537356	0.100949604000042	0.927702941779345	-0.101670452754855	0.916300437892579
bis(2-ethylhexyl) adipate	0.257069501428022	0.721622042778679	0.167493327930013	0.874272612581154	-0.0895761734980088	0.954479904254415
palmitelaidic acid	-0.1143309383661	0.908327480683413	-0.0248918078324615	0.995088716679323	0.0894391305336387	0.943459440676079
sinapic acid	-0.619432035736084	0.0964912251177094	-0.16337060115974	0.727776282532559	0.456061434576344	0.259041615278498
gabapentin	0.0403900916683711	0.989245096741359	-0.281617094413411	0.673892144432245	-0.322007186081783	0.594710238617059
Cholestane-3,7,12,25-tetrol	-0.195942011506553	0.776807920719619	0.373539884603285	0.312294912663816	0.569481896109838	0.131507217851152
2,4,6-Trihydroxybenzoic acid	-0.455665801891361	0.378778875876311	-0.455665801891361	0.378778875876311	0	1
9,12-Octadecadienal	-0.0985907466809331	0.930869231129104	0.0345875754778606	0.990278164399646	0.133178322158794	0.8758757288468
N-(decanoyl)ethanolamine	-0.0940559123193309	0.907104842479837	-0.224473808017208	0.621375379593421	-0.130417895697877	0.853162621530765
4-hydroxybenzoic acid	-0.895032304141523	0.00168228590819586	-0.462790103159231	0.0211492834767484	0.432242200982292	0.090335745407922
2-amino-N-[3-methoxy-5-[oxo-[3-(trifluoromethyl)anilino]methyl]phenyl]-4-pyridinecarboxamide	-0.657000229293915	0.131708735275255	-0.437043505225523	0.299915608551355	0.219956724068392	0.795610534260329
N-[2-[(4-methyl-1,2,5-oxadiazol-3-yl)oxy]ethyl]-4-nitroaniline	-0.725393124496193	0.0494412933151896	-0.611645017247965	0.0800970336807689	0.113748107248228	0.922031622668231
Norcotinine	0.36310797028049	0.238016516793934	-0.0386114611276224	0.984403063512009	-0.401719431408113	0.192589440172541
Elaidolinolenic acid	-0.0562312709378852	0.976609953503862	0.0162827082176246	0.997907854038349	0.0725139791555098	0.961077898070607
phenylalanine	-0.608711862744542	0.0421941310632296	-0.261977599833289	0.336381030577444	0.346734262911253	0.294037113582582
2,4-dihydroxy-6-methylbenzoic acid ethyl ester	-0.612271596532441	0.141448790686395	-0.364443194214456	0.377123703680947	0.247828402317985	0.719147282588532
