CLUSTERID1	CLUSTERID2	ComponentIndex	Cosine	DeltaMZ
2508	2870	1	0.8985	-14.016
2508	3271	1	0.9482	-0.001
2508	3480	1	0.9514	-28.031
1119	2508	1	0.9068	-17.026
1119	2870	1	0.881	-31.041
1119	3271	1	0.8901	-17.026
1119	3480	1	0.8943	-45.057
2870	3271	1	0.887	14.015
2870	3480	1	0.8851	-14.016
3271	3480	1	0.9575	-28.031
2545	2641	3	0.9503	-21.984
216	2545	3	0.8012	63.995
216	1225	3	0.8498	-26.018
1289	2571	4	0.7382	15.988
1701	2571	4	0.739	15.984
54	2571	4	0.7382	15.992
716	2571	4	0.7331	-26.022
1289	3256	4	0.7529	-15.995
1701	3256	4	0.7499	-15.999
54	3256	4	0.7529	-15.991
1289	2060	4	0.7031	-2.015
1951	2060	4	0.7291	-42.048
54	2060	4	0.7031	-2.011
1289	1701	4	0.9716	0.004
54	1289	4	1.0	0.004
118	1289	4	0.7778	196.110
54	118	4	0.7778	-196.106
118	1701	4	0.7746	196.114
54	1701	4	0.9716	0.008
2428	2534	5	0.9099	14.015
2428	2535	5	0.9006	14.016
2428	3214	5	0.8679	-12.000
2428	3282	5	0.9077	-42.047
2428	3414	5	0.864	-12.000
1284	2428	5	0.906	-42.047
1886	2428	5	0.8786	12.000
2214	2428	5	0.8634	28.032
2168	2227	5	0.8777	56.062
15	2168	5	1.0	0.000
2423	3353	5	0.9455	0.000
2668	3353	5	0.8645	17.027
2970	3353	5	0.899	0.000
3273	3353	5	0.8725	17.027
1868	3353	5	0.8814	0.000
2075	3353	5	0.9198	0.000
428	3353	5	0.8814	0.000
1290	2226	5	0.89	-2.014
1548	2226	5	0.88	12.000
1732	2226	5	0.8995	26.015
2226	3075	5	0.8884	-28.029
2226	3358	5	0.8698	-4.031
1696	2461	5	0.8693	-18.011
1769	2461	5	0.8823	-18.010
1021	2461	5	0.878	0.000
15	2227	5	0.8777	56.063
428	1868	5	1.0	-0.000
428	2075	5	0.8629	0.000
428	2423	5	0.865	0.000
1870	2111	5	0.8924	-36.021
2111	3056	5	0.8666	-138.105
2822	3214	5	0.8765	-2.016
2822	3343	5	0.875	17.026
2822	3414	5	0.8827	-2.016
2822	3445	5	0.9332	0.000
1395	2822	5	0.9159	75.021
1715	2822	5	0.9136	0.000
1886	2822	5	0.8896	2.016
2323	2822	5	0.9325	0.001
95	2822	5	0.9145	0.000
1777	2282	5	0.8635	-28.031
2966	3041	5	0.9128	141.020
2966	3072	5	0.8982	-119.010
2110	2966	5	0.8875	-2.015
879	2966	5	0.8734	-141.019
1891	2788	5	0.8951	-18.010
819	2788	5	0.8732	-46.042
833	2788	5	0.8727	-46.042
987	2788	5	0.9375	-28.031
3041	3072	5	0.8745	-260.030
1732	1810	5	0.8706	341.132
1810	2247	5	0.8935	-179.079
2534	2535	5	0.9232	0.000
2534	3282	5	0.8849	-56.062
1284	2534	5	0.9053	-28.031
1527	2534	5	0.8715	-17.027
2423	3214	5	0.8767	-17.027
3214	3273	5	0.9188	-0.000
3214	3414	5	0.9466	-0.000
3214	3445	5	0.8824	2.016
1870	3214	5	0.9005	0.985
1886	3214	5	0.968	-0.000
2075	3214	5	0.8632	-17.026
672	3214	5	0.8797	0.984
3273	3445	5	0.8776	2.016
3414	3445	5	0.882	2.016
1395	3445	5	0.9096	75.021
1715	3445	5	0.9186	0.000
1886	3445	5	0.8918	2.016
2323	3445	5	0.9248	0.001
95	3445	5	0.9072	0.000
833	3445	5	0.8813	0.984
1290	1548	5	0.8716	-14.014
1548	1732	5	0.8746	-14.016
1548	3075	5	0.8702	-16.030
2985	3075	5	0.8867	-26.015
3075	3358	5	0.8847	23.999
1290	3075	5	0.8889	-30.043
1485	3075	5	0.8759	-162.051
1732	3075	5	0.9098	-2.014
2478	2985	5	0.8889	28.031
2478	3358	5	0.8885	26.015
3273	3414	5	0.9073	0.000
1886	3414	5	0.9492	-0.000
672	3414	5	0.8646	0.984
874	1290	5	0.8902	-162.054
874	2027	5	0.8661	26.019
874	2247	5	0.9127	-28.030
2423	3273	5	0.8939	-17.027
3273	3369	5	0.8659	-56.063
1870	3273	5	0.8792	0.984
1886	3273	5	0.9089	-0.000
2227	3273	5	0.8649	-28.031
848	3273	5	0.8659	56.063
2017	3379	5	0.8975	-0.001
2423	2668	5	0.8673	-17.027
2423	2970	5	0.9034	0.000
1868	2423	5	0.865	0.000
1886	2423	5	0.8733	17.027
2075	2423	5	0.9296	0.000
819	2423	5	0.8627	15.995
1258	1836	5	0.8736	80.988
1372	1836	5	0.8966	-254.100
1395	1836	5	0.9147	-162.053
1836	2240	5	0.8941	-277.240
1836	2658	5	0.9245	-17.027
1836	3147	5	0.8756	-31.042
1836	3379	5	0.8783	-179.080
1836	3534	5	0.8993	162.052
544	1836	5	0.9234	17.027
565	1836	5	0.896	17.027
2535	3282	5	0.9075	-56.063
1284	3282	5	0.8869	-84.094
2214	3282	5	0.8751	-14.015
1284	2535	5	0.8917	-28.031
1527	2535	5	0.8864	-17.026
2214	2535	5	0.8827	42.047
1777	2008	5	0.8693	0.000
774	3358	5	0.8863	-52.105
1696	2863	5	0.8726	-18.011
81	2863	5	0.9288	-18.011
2998	3079	5	0.8917	-0.000
2110	3079	5	0.8726	141.019
1870	1886	5	0.8783	0.985
672	1870	5	0.8701	-0.000
1372	3343	5	0.9095	0.000
2323	3343	5	0.876	17.027
918	3343	5	0.879	29.974
1886	2323	5	0.8665	2.015
672	1886	5	0.8741	0.984
819	833	5	0.9252	-0.000
833	987	5	0.8982	-18.010
833	1715	5	0.8713	0.984
833	1777	5	0.9531	-0.000
833	1891	5	0.8882	-28.032
833	2323	5	0.8694	0.984
918	1696	5	0.87	13.979
918	1707	5	0.8976	-36.021
918	2305	5	0.9104	-18.010
879	2846	5	0.888	-0.001
879	3041	5	0.8986	0.000
1372	2323	5	0.874	-17.027
1395	2323	5	0.911	75.020
1715	2323	5	0.9189	-0.000
2323	3534	5	0.8701	-75.021
95	2323	5	0.9096	-0.001
2985	3358	5	0.9091	-2.016
1372	1696	5	0.8718	-15.995
1372	1715	5	0.8687	-17.027
1372	2338	5	0.8817	-74.036
1372	2658	5	0.8841	-271.127
81	1372	5	0.8756	15.995
544	1372	5	0.887	271.127
1290	1732	5	0.9235	-28.029
819	987	5	0.9396	-18.010
987	1777	5	0.9123	18.010
1284	2214	5	0.8693	-70.078
1891	2558	5	0.8795	-28.031
1707	1813	5	0.9087	-17.027
1813	2305	5	0.8654	35.038
848	3369	5	1.0	-0.000
1707	2305	5	0.8921	18.011
1485	2329	5	0.8833	26.016
544	565	5	0.8853	-0.000
544	1395	5	0.9253	179.079
544	1715	5	0.8667	254.100
544	2240	5	0.8893	-260.214
544	2658	5	0.9326	0.000
544	3379	5	0.879	-162.053
544	3534	5	0.8993	179.079
1868	2075	5	0.8629	0.000
1485	2247	5	0.896	2.016
2658	3379	5	0.9233	-162.053
1395	3379	5	0.9076	-341.132
1732	3379	5	0.8712	260.214
1021	1696	5	0.8625	18.011
1021	1769	5	0.8682	18.010
2110	2338	5	0.8753	141.020
2110	2998	5	0.9213	141.019
1777	1891	5	0.9024	-28.032
819	1891	5	0.8999	-28.032
2998	3041	5	0.9087	-2.015
2338	3041	5	0.8858	-2.015
95	1395	5	0.901	-75.021
95	1715	5	0.891	-0.000
95	3534	5	0.8682	-75.021
1696	1769	5	0.9348	-0.001
2338	2998	5	0.9026	-0.000
565	1258	5	0.8713	-63.961
565	2240	5	0.8723	-260.213
565	2658	5	0.895	0.000
565	3534	5	0.8875	179.079
1732	2247	5	0.9221	162.053
1018	1527	5	0.9306	28.031
1018	2349	5	1.0	0.000
1527	2349	5	0.9306	-28.031
2247	2338	5	0.8914	457.304
1395	1715	5	0.9004	75.021
1395	2658	5	0.9618	-179.079
1395	3534	5	0.908	-0.000
2658	3534	5	0.8954	179.079
1258	3534	5	0.8643	243.040
2240	3534	5	0.8649	439.293
1715	2658	5	0.8794	-254.100
819	1777	5	0.9353	-0.000
2240	2658	5	0.8967	260.214
2075	2970	5	0.893	0.000
1431	2157	6	0.7293	72.210
2157	2309	6	0.7254	56.064
1975	2309	6	0.7787	-56.061
1503	1778	7	0.9339	-2.015
1503	2255	7	0.886	-15.995
1633	2671	7	0.931	0.000
1904	2671	7	0.8703	291.147
1000	2671	7	0.8831	-25.979
1904	2220	7	0.8625	104.085
1267	1778	7	0.8917	15.997
107	993	7	0.9455	-14.017
107	1267	7	0.9293	-28.034
107	1536	7	0.9421	14.014
391	2575	7	0.9072	-86.000
2813	2875	7	0.9326	28.031
2078	2875	7	0.9514	14.016
2266	2875	7	0.9482	-14.016
1267	2255	7	0.8917	2.017
1904	2255	7	0.8925	-39.011
816	1904	7	0.8608	21.909
816	2575	7	0.9099	39.011
1904	2575	7	0.8798	17.102
1904	2078	7	0.8732	12.000
1904	2813	7	0.9045	-2.015
2078	2266	7	0.9594	28.031
2078	2813	7	0.9653	-14.015
993	2078	7	0.8941	39.011
1536	2266	7	0.8684	39.012
2266	2813	7	0.9378	-42.047
1000	1633	7	0.8671	-25.979
1267	1536	7	0.9237	42.047
1267	2813	7	0.8885	39.012
993	1267	7	0.9335	-14.017
993	1536	7	0.9397	28.030
101	843	8	1.0	-0.000
1687	2597	9	0.8805	-15.995
762	779	11	0.7078	0.000
1618	1631	13	0.7067	28.032
3090	3450	14	0.8125	0.000
516	3090	14	0.8243	-0.000
516	3450	14	0.7968	0.000
630	1709	16	0.9723	14.016
630	2468	16	0.9723	14.016
1586	1746	16	0.978	14.016
1746	2368	16	0.9852	15.995
1746	2369	16	0.9821	66.010
65	1746	16	0.981	14.052
74	1746	16	0.9844	-46.038
345	1746	16	0.9812	-40.031
355	1746	16	0.9824	-63.995
878	1746	16	0.9787	-35.964
65	1586	16	0.9731	0.036
65	2368	16	0.9782	30.047
2369	2468	16	0.9806	-14.015
2369	2689	16	0.9858	26.016
1517	2369	16	0.9778	-26.016
1709	2369	16	0.9806	14.015
74	2369	16	0.986	19.972
138	2369	16	0.9812	58.078
345	2369	16	0.9829	25.979
355	2369	16	0.9877	2.015
878	2369	16	0.9839	30.046
75	693	16	0.9698	2.016
75	1883	16	0.9757	28.068
75	3441	16	0.9768	42.047
2768	3111	16	0.961	-14.016
2468	3111	16	0.9748	-14.016
3111	3441	16	0.9723	12.000
1517	3111	16	0.9689	-54.047
1709	3111	16	0.9748	-14.016
1883	3111	16	0.9732	1.980
74	147	16	0.9804	-34.075
138	147	16	0.9798	4.031
147	345	16	0.9817	28.068
147	400	16	0.9792	15.036
147	878	16	0.9781	24.000
147	1709	16	0.9778	40.031
147	2368	16	0.9828	4.031
147	2468	16	0.9778	40.031
419	1517	16	0.974	14.016
74	878	16	0.9834	-10.075
138	878	16	0.9849	28.031
345	878	16	0.9804	-4.068
355	878	16	0.9843	-28.031
878	911	16	0.987	-15.994
878	2368	16	0.9787	-19.969
878	2689	16	0.9817	56.062
1709	2468	16	1.0	0.000
1709	2689	16	0.9793	40.031
2689	3441	16	0.9798	-42.047
1883	3441	16	0.9769	13.980
400	3441	16	0.9781	22.980
2368	2689	16	0.9804	76.032
74	2368	16	0.982	-30.044
138	2368	16	0.9812	8.062
345	2368	16	0.9825	-24.037
355	2368	16	0.9793	-48.000
400	2368	16	0.9796	-11.005
2468	2689	16	0.9793	40.031
355	1517	16	0.9773	28.031
74	345	16	0.9811	-6.007
138	345	16	0.9827	32.099
345	355	16	0.9802	23.964
345	400	16	0.9816	-13.032
345	2689	16	0.9846	51.995
74	2689	16	0.9825	45.988
138	2689	16	0.9835	84.094
355	2689	16	0.9859	28.031
138	1883	16	0.9784	28.067
400	1883	16	0.976	9.000
74	138	16	0.9816	-38.106
74	355	16	0.9888	17.956
74	400	16	0.9778	-19.039
138	355	16	0.9838	56.062
138	400	16	0.979	19.067
355	911	16	0.9769	-44.025
1384	2263	17	0.7385	-328.238
1733	2263	17	0.7402	15.994
1357	1384	17	0.8727	28.032
2150	2882	18	0.8673	-4.047
639	2882	18	0.8673	-4.047
639	2150	18	1.0	0.000
2683	3113	20	0.9177	-15.998
1649	3113	20	0.9542	-15.995
2683	2812	20	0.8969	0.003
1649	2812	20	0.9017	0.006
260	2812	20	0.887	40.038
260	1397	20	0.8767	2.076
260	1649	20	0.9568	40.032
260	2683	20	0.9101	40.035
1649	2683	20	0.9376	0.003
1665	2076	21	0.9308	0.000
2076	2542	21	0.85	14.016
2398	2932	21	0.8647	37.956
2481	2932	21	0.8228	60.999
2932	2936	21	0.8416	-43.990
1664	2932	21	0.8602	-12.000
1665	2932	21	0.8238	-42.010
2398	2481	21	0.8601	-23.044
2398	2936	21	0.8228	-6.035
1665	2398	21	0.8587	-79.966
1665	2936	21	0.8358	-86.000
1665	2542	21	0.9093	14.016
343	1960	22	0.8219	161.995
418	842	27	1.0	0.000
1515	1815	28	0.9592	33.984
1515	1945	28	0.9599	49.979
1515	2061	28	0.9663	14.016
1515	3407	28	0.9592	44.026
258	1515	28	0.9587	4.068
626	1515	28	0.9535	-21.948
682	1515	28	0.9469	-35.963
738	1515	28	0.943	-50.016
2384	3150	28	0.9608	106.042
2384	3185	28	0.944	-0.000
2384	3247	28	0.9585	106.041
1621	2384	28	0.9603	-15.995
1815	2384	28	0.955	-33.984
1945	2384	28	0.9647	-49.979
2023	2384	28	0.9608	-106.042
2085	2384	28	0.9464	-15.959
1823	1903	28	0.9612	33.985
1823	2059	28	0.9523	62.016
1823	2709	28	0.9333	48.000
1823	2722	28	0.946	62.016
1815	1945	28	0.9671	15.994
1945	2023	28	0.9741	56.063
1945	3150	28	0.9741	56.063
1945	3247	28	0.9612	56.063
1945	3407	28	0.9704	-5.953
258	1945	28	0.9599	54.047
626	1945	28	0.9623	28.031
682	1945	28	0.958	14.015
2613	3368	28	0.9469	-21.984
2746	3368	28	0.9656	-33.984
3305	3368	28	0.9689	-19.970
1361	3368	28	0.9309	-7.969
669	3368	28	0.9627	-48.000
2709	3185	28	0.9411	-78.011
2752	3185	28	0.9573	39.011
1445	3185	28	0.9554	-15.995
1964	3185	28	0.9498	-78.011
669	1621	28	0.9451	-92.026
669	1735	28	0.9494	13.980
669	2613	28	0.9561	-26.016
669	2746	28	0.9781	-14.016
669	3305	28	0.9768	-28.030
1964	2059	28	0.9395	14.016
1964	2709	28	0.9687	0.000
1964	2752	28	0.9348	-117.021
1964	3247	28	0.9558	28.031
388	1964	28	0.9493	-28.031
1359	1735	28	0.9503	25.980
1556	1735	28	0.9503	25.980
1621	1735	28	0.9597	106.006
1735	2023	28	0.96	-15.959
1735	2085	28	0.9552	-106.042
1735	3150	28	0.96	-15.959
1735	3247	28	0.9604	-15.959
722	1735	28	0.9599	82.042
739	1735	28	0.9519	51.959
3150	3247	28	0.9727	-0.000
3150	3407	28	0.9773	-62.016
1815	3150	28	0.9693	72.057
2023	3150	28	1.0	-0.000
388	3150	28	0.9611	0.000
626	3150	28	0.9674	84.094
682	3150	28	0.965	70.078
1	415	28	0.9478	0.000
96	415	28	0.9469	28.033
308	415	28	1.0	-0.000
415	480	28	0.9374	9.984
415	1359	28	0.932	54.046
415	1556	28	0.932	54.046
415	2447	28	0.9573	-7.969
415	3209	28	0.9469	-28.033
1740	1815	28	0.962	-15.995
1815	2023	28	0.9693	72.057
1815	2061	28	0.956	-19.969
1815	3407	28	0.9651	10.042
258	1815	28	0.9595	38.052
626	1815	28	0.9654	12.037
1	308	28	0.9478	0.000
96	308	28	0.9469	28.033
308	480	28	0.9374	9.984
308	1359	28	0.932	54.046
308	1556	28	0.932	54.046
308	2447	28	0.9573	-7.969
308	3209	28	0.9469	-28.033
258	682	28	0.9476	40.032
626	682	28	0.9501	14.016
682	2023	28	0.965	70.078
682	2061	28	0.9478	-21.948
682	3407	28	0.958	8.063
1903	2059	28	0.9567	28.031
1903	2454	28	0.9271	28.031
1903	2538	28	0.9261	-0.000
1903	2709	28	0.9486	14.016
1903	2722	28	0.9621	28.031
2538	2722	28	0.9265	28.031
2059	2538	28	0.925	-28.031
1359	1556	28	1.0	0.000
1445	1556	28	0.9353	80.026
1556	1740	28	0.9397	-46.042
201	1556	28	0.9569	82.078
722	1556	28	0.9558	56.062
739	1556	28	0.9589	25.979
1032	1556	28	0.9403	58.078
258	626	28	0.9625	26.016
258	738	28	0.9489	54.084
258	2061	28	0.9582	18.084
258	3407	28	0.9599	48.094
2613	3305	28	0.9615	-2.014
2746	3305	28	0.9826	-14.014
1361	3305	28	0.9335	12.001
1621	3305	28	0.9545	63.996
738	1745	28	0.9421	-105.021
3247	3407	28	0.9604	-62.015
2023	3407	28	0.9773	-62.016
2061	3407	28	0.9639	30.010
626	3407	28	0.9646	22.078
2454	2709	28	0.9338	-14.016
2454	2722	28	0.9239	-0.000
2447	3209	28	0.9465	-20.064
1621	2447	28	0.9442	18.011
2085	2447	28	0.9594	18.047
1	2447	28	0.9395	-7.969
96	2447	28	0.9465	20.064
739	2447	28	0.9593	-36.036
96	2085	28	0.9474	2.017
96	3209	28	1.0	-0.000
480	1434	28	0.9387	2.016
696	1434	28	0.9254	14.016
201	722	28	0.958	26.016
722	739	28	0.9667	30.084
722	1032	28	0.9535	-2.016
722	1359	28	0.9558	56.062
722	1445	28	0.9532	-23.964
722	1621	28	0.9562	-23.964
722	1740	28	0.9592	10.021
722	2085	28	0.9585	-24.000
738	2061	28	0.9453	-36.000
2023	3247	28	0.9727	-0.000
388	3247	28	0.9637	0.000
626	2061	28	0.9513	-7.932
201	739	28	0.959	56.099
201	1032	28	0.95	24.000
201	1359	28	0.9569	82.078
201	1445	28	0.9409	2.052
201	1740	28	0.953	36.036
201	2085	28	0.948	2.016
626	1032	28	0.9488	15.995
626	2023	28	0.9674	84.094
1445	1621	28	0.947	0.000
1621	2085	28	0.9561	-0.036
1621	2746	28	0.9479	78.010
739	1032	28	0.9513	-32.099
739	1359	28	0.9589	25.979
739	1445	28	0.9494	-54.047
739	1740	28	0.9572	-20.063
739	2085	28	0.9549	-54.083
388	2023	28	0.9611	0.001
2613	2746	28	0.9677	12.000
2709	2746	28	0.9313	15.995
480	696	28	0.9433	-11.999
1359	1445	28	0.9353	-80.026
1445	1740	28	0.9502	33.984
1445	2520	28	0.9495	-39.011
1032	1445	28	0.9418	-21.948
480	1032	28	0.9454	-14.016
480	1740	28	0.9447	-1.979
2709	2722	28	0.9604	14.015
2709	2752	28	0.9299	-117.022
2059	2709	28	0.9624	-14.016
1740	2085	28	0.9527	-34.020
2085	3209	28	0.9474	-2.017
2059	2722	28	0.976	-0.000
1361	2613	28	0.9357	14.015
1359	1740	28	0.9397	-46.042
1032	1359	28	0.9403	58.078
2520	2752	28	0.9451	-15.995
1032	1740	28	0.9499	12.036
14	707	29	0.8256	14.015
14	943	29	0.7758	45.057
14	2342	29	0.9018	-0.001
14	2422	29	0.747	28.030
707	943	29	0.8646	31.042
707	951	29	0.7826	-118.026
707	2342	29	0.8723	-14.016
707	2422	29	0.8568	14.015
1887	2342	29	0.7797	-28.031
1887	2677	29	1.0	-0.000
111	943	29	0.7594	163.084
943	951	29	0.8601	-149.068
943	2342	29	0.8025	-45.057
943	2422	29	0.9451	-17.027
2342	2677	29	0.7797	28.031
111	951	29	0.853	14.016
111	2422	29	0.8224	146.057
2342	2422	29	0.7648	28.031
951	2422	29	0.8769	132.041
951	2342	29	0.714	104.011
595	2371	30	0.7344	14.015
100	1063	31	0.7744	-28.032
198	1993	33	0.7126	29.975
2598	2920	33	0.7955	23.998
2784	2920	33	0.8684	-2.016
2894	2920	33	0.7401	23.997
2920	3416	33	0.7813	-21.984
1682	2920	33	0.84	0.001
1993	2920	33	0.8183	-0.001
2208	2920	33	0.7437	-2.015
2289	2920	33	0.84	0.002
299	2920	33	0.7444	23.999
2510	3412	33	0.9094	-2.015
2598	3412	33	0.7396	262.228
2432	2894	33	0.7195	2.019
2598	2894	33	0.8131	0.001
2894	3416	33	0.7263	2.013
1489	2894	33	0.7449	0.003
1993	2894	33	0.7018	-23.998
299	2894	33	0.76	0.002
1489	2432	33	0.7107	-2.016
1489	2598	33	0.8172	0.002
1489	2784	33	0.7452	26.016
1489	3416	33	0.7167	2.016
299	1489	33	0.7906	-0.001
1993	2208	33	0.724	2.014
1993	2784	33	0.7496	2.015
1993	3416	33	0.7027	-21.985
2576	3481	33	1.0	0.000
1449	3481	33	0.7916	28.033
299	2432	33	0.7002	-2.017
299	2510	33	0.7202	264.243
299	2598	33	0.8192	0.000
299	2784	33	0.7846	26.014
299	3416	33	0.7205	2.014
2598	3416	33	0.8121	2.014
2784	3416	33	0.7824	-24.000
1449	2576	33	0.7916	28.032
1449	2784	33	0.7522	-24.946
2432	2784	33	0.7515	28.031
2598	2784	33	0.8267	26.014
1682	2512	33	0.9487	-0.002
2289	2512	33	0.9487	-0.001
2598	3081	33	0.7313	2.015
1682	2289	33	1.0	-0.001
2432	2598	33	0.7395	2.017
2510	2598	33	0.7482	-264.242
586	670	34	0.8704	-0.000
670	1131	34	0.8666	0.000
670	1737	34	0.8452	0.000
670	1747	34	0.8719	0.000
483	941	34	0.8114	14.016
556	941	34	0.8033	14.076
941	3050	34	0.7995	-14.112
1722	2138	34	0.8173	-0.052
1849	2138	34	0.9513	-0.024
2138	3050	34	0.793	-0.000
483	2138	34	0.7872	-0.096
592	2138	34	0.8754	-0.096
586	1747	34	0.8142	-0.000
1131	1747	34	0.8994	-0.000
586	1737	34	0.8308	-0.000
1722	1849	34	0.8188	-0.028
1722	3050	34	0.8704	-0.052
483	1722	34	0.8856	-0.044
556	1722	34	0.8707	0.015
1443	2879	34	0.8764	-0.071
592	2879	34	0.8317	-0.071
1443	3151	34	0.819	-75.055
1131	3050	34	0.827	-72.058
483	556	34	0.9819	-0.060
556	3050	34	0.9815	-0.036
483	3050	34	0.9838	-0.096
652	3050	34	0.8322	42.005
483	652	34	0.8135	-42.101
592	1849	34	0.8935	-0.072
2718	3322	36	0.8464	0.000
1622	2718	36	0.9473	0.000
113	1303	36	0.8698	-0.000
113	3322	36	0.836	57.058
1622	3322	36	0.9141	0.000
1303	3322	36	0.8639	57.058
1958	2528	37	0.8735	0.001
69	2528	37	1.0	-0.001
523	2528	37	0.858	28.032
552	2528	37	0.793	-28.031
69	523	37	0.858	-28.033
523	552	37	0.7316	56.063
523	1088	37	0.7052	26.091
523	1958	37	0.8512	28.032
69	552	37	0.793	28.030
69	1958	37	0.8735	-0.001
552	1958	37	0.7876	-28.031
1217	3192	41	0.9348	54.048
1308	3192	41	0.9412	72.058
1217	1308	41	0.9379	-18.010
624	1217	41	0.9509	30.047
1235	2196	41	0.9585	0.047
1308	3345	41	0.9392	52.089
178	1308	41	0.9406	-22.081
624	1308	41	0.9404	12.037
715	1308	41	0.9532	-12.036
2453	3286	41	0.9715	-10.021
2758	3286	41	0.9831	50.001
3035	3286	41	0.9842	15.995
1650	3286	41	0.9551	15.995
1770	3286	41	0.9622	31.990
1899	3286	41	0.9636	20.063
946	3286	41	0.9508	0.000
984	3286	41	0.9593	-14.016
1235	1650	41	0.9389	30.057
1650	1770	41	0.9698	-15.995
1650	2758	41	0.947	-34.006
1650	3035	41	0.9588	0.000
3345	3430	41	0.9523	13.019
1340	3345	41	0.9457	-76.031
61	3345	41	0.9457	-76.031
178	3345	41	0.9408	30.008
715	3345	41	0.9484	40.053
2453	3035	41	0.9691	-26.016
2758	3035	41	0.9837	34.006
1235	3035	41	0.9483	30.057
1770	3035	41	0.9774	15.995
1899	3035	41	0.9612	4.068
946	3035	41	0.9519	-15.995
2453	2527	41	0.9677	15.995
2453	2758	41	0.97	-60.022
2453	3158	41	0.9677	15.995
1770	2453	41	0.9685	42.011
1899	2453	41	0.9745	30.084
1970	2453	41	0.9576	-1.979
653	2453	41	0.9587	-9.043
946	2453	41	0.9673	10.021
32	1770	41	0.9628	96.058
653	1899	41	0.9611	-39.127
653	1970	41	0.9362	-7.064
1340	2527	41	0.9581	-62.015
1340	3158	41	0.9581	-62.015
1340	3430	41	0.969	-63.012
61	1340	41	1.0	-0.000
178	1340	41	0.9556	106.039
715	1340	41	0.9644	116.083
2527	3158	41	1.0	0.000
3158	3430	41	0.9714	-0.996
1899	3158	41	0.9689	46.079
1970	3158	41	0.9611	14.015
61	3158	41	0.9581	-62.016
715	3158	41	0.9594	54.068
946	3158	41	0.9763	26.016
2527	3430	41	0.9714	-0.996
61	3430	41	0.969	-63.012
178	3430	41	0.9505	43.027
715	3430	41	0.9711	53.072
946	3430	41	0.9589	25.020
1222	3398	41	0.9545	-62.015
984	3398	41	0.9783	26.015
61	715	41	0.9644	-116.084
178	715	41	0.9453	-10.045
715	2527	41	0.9594	54.068
1235	1770	41	0.9552	14.062
1235	2758	41	0.9475	-3.949
392	1235	41	0.9292	-28.078
1899	2527	41	0.9689	46.079
1970	2527	41	0.9611	14.015
61	2527	41	0.9581	-62.016
946	2527	41	0.9763	26.016
61	178	41	0.9556	-106.039
1770	1899	41	0.9594	11.927
1899	1970	41	0.9575	32.063
1899	2758	41	0.9598	-29.938
946	1899	41	0.9682	-20.063
293	392	41	0.924	-1.943
1770	2758	41	0.9695	-18.011
984	1222	41	0.9305	88.031
946	1770	41	0.9558	-31.990
946	1970	41	0.9572	12.000
2486	2945	42	0.8025	-0.000
1263	1771	42	0.8697	190.136
1545	1771	42	0.8505	190.135
1771	2486	42	0.8924	0.001
1771	2702	42	0.8728	-192.150
1771	2816	42	0.8505	-190.136
1771	3097	42	0.8526	-192.150
1771	3167	42	0.8804	-174.141
1771	3438	42	0.8328	-206.168
13	3492	42	0.8241	18.010
2636	2963	42	0.8154	14.986
2940	2963	42	1.0	-0.000
2963	3028	42	0.8509	193.160
2963	3495	42	0.8379	175.149
1832	2963	42	0.9348	-0.000
432	2963	42	0.8251	14.987
1545	1607	42	0.8297	-1.008
1607	2056	42	0.9069	-0.000
1607	2647	42	0.9015	-0.000
1607	2702	42	0.8405	-1.007
1607	2816	42	0.8297	1.007
1607	3167	42	0.8311	17.002
1607	3382	42	1.0	-0.001
110	1607	42	0.8066	0.000
2891	3394	42	0.8288	-26.017
1712	2499	42	0.8429	0.001
1712	2513	42	0.8429	0.003
186	247	42	0.8638	-88.069
186	403	42	0.8432	-66.046
186	807	42	0.8132	-40.031
186	1832	42	0.8246	-241.196
186	2624	42	0.9044	-48.036
186	3000	42	0.8444	-22.021
186	3028	42	0.9048	-48.037
186	3198	42	0.8334	-224.194
186	3229	42	0.8638	-88.069
186	3495	42	0.8796	-66.048
247	807	42	0.8335	48.037
807	2624	42	0.8452	-8.005
807	3000	42	0.8347	18.011
807	3229	42	0.8335	-48.037
807	3495	42	0.8489	-26.016
2702	2816	42	0.8864	2.014
2816	3097	42	0.8342	-2.014
2816	3167	42	0.8813	15.995
2816	3303	42	0.8784	-18.009
2816	3382	42	0.8297	-1.008
1263	2816	42	0.8522	-0.000
1545	2816	42	1.0	-0.001
432	2816	42	0.8156	-15.995
2624	3028	42	0.8929	-0.000
2940	3028	42	0.8509	193.160
3000	3028	42	0.8693	-26.016
3028	3198	42	0.8654	-176.157
3028	3229	42	0.8707	-40.032
3028	3495	42	0.9304	-18.011
1832	3028	42	0.8642	193.160
247	3028	42	0.8707	40.032
403	3028	42	0.8552	18.010
2624	3495	42	0.8678	-18.011
2940	3495	42	0.8379	175.149
3000	3495	42	0.8373	-44.027
3198	3495	42	0.8546	158.147
1832	3495	42	0.8613	175.149
403	3495	42	0.8378	-0.001
110	3382	42	0.8066	-0.001
1263	1545	42	0.8522	0.000
1545	2702	42	0.8837	-2.015
1545	3097	42	0.8342	-2.015
1545	3167	42	0.8813	15.994
1545	3303	42	0.8784	-18.010
1545	3382	42	0.8297	-1.009
432	1545	42	0.8156	-15.994
2499	3198	42	0.8315	34.003
2513	3198	42	0.8315	34.001
3198	3229	42	0.8664	136.125
1832	3198	42	0.8249	17.002
247	3198	42	0.8664	-136.125
403	3198	42	0.8332	-158.148
2056	2647	42	0.9185	-0.000
2056	3382	42	0.9069	-0.001
2624	3229	42	0.8959	-40.032
3000	3229	42	0.8636	-66.048
3229	3267	42	0.8397	-170.130
247	3229	42	1.0	0.000
403	3229	42	0.8373	-22.022
2499	2513	42	1.0	0.002
2499	3267	42	0.8222	-0.002
2499	3543	42	0.8242	20.024
1838	2485	42	0.8644	-18.010
1838	2750	42	1.0	0.000
1838	3000	42	0.8134	24.000
432	1838	42	0.8298	210.162
3251	3394	42	0.8799	-0.002
403	3251	42	0.8061	84.057
2636	2940	42	0.8154	14.986
1832	2940	42	0.9348	0.000
432	2940	42	0.8251	14.987
2636	3492	42	0.8298	18.009
1832	2636	42	0.8272	-14.986
432	2636	42	0.8826	0.001
2485	2750	42	0.8644	18.010
2513	3543	42	0.8242	20.022
3492	3543	42	0.8475	0.000
2647	3382	42	0.9015	-0.000
2702	3382	42	0.8405	1.006
3167	3382	42	0.8311	-17.003
403	850	42	0.8062	82.041
432	1832	42	0.8437	14.987
432	2750	42	0.8298	210.162
432	3492	42	0.8184	18.010
2486	3097	42	0.8129	-192.151
2486	3127	42	0.8274	26.015
2486	3438	42	0.8012	-206.169
1263	2486	42	0.8293	190.136
1978	3127	42	0.8146	0.000
2702	3438	42	0.8571	-14.018
3097	3438	42	0.842	-14.017
3167	3438	42	0.8576	-32.027
3303	3438	42	0.8028	1.977
1263	3438	42	0.815	-16.032
2272	3438	42	0.8495	-0.000
2702	3167	42	0.9231	18.009
3097	3167	42	0.8896	18.010
3167	3303	42	0.8477	-34.004
3167	3492	42	0.8333	18.010
1263	3167	42	0.8495	15.995
247	403	42	0.8373	22.022
247	2624	42	0.8959	40.032
247	3000	42	0.8636	66.048
247	3267	42	0.8397	-170.130
2624	3394	42	0.8578	66.045
403	3394	42	0.8112	84.055
2624	3000	42	0.8607	26.015
2624	3267	42	0.8577	-210.162
403	2624	42	0.8538	18.010
2513	3267	42	0.8222	-0.003
1263	2702	42	0.8798	-2.014
1263	3097	42	0.8602	-2.015
1263	3303	42	0.822	-18.009
1832	3492	42	0.8127	3.023
3267	3492	42	0.8328	20.025
2702	3097	42	0.8973	-0.000
2702	3303	42	0.8528	-15.995
3097	3303	42	0.8238	-15.995
2750	3000	42	0.8134	24.000
1084	1348	43	1.0	-0.000
1084	1427	43	0.709	61.053
1084	1448	43	0.7118	44.027
1974	2806	43	0.756	-28.032
34	2806	43	0.7987	-44.026
60	2806	43	0.7166	-45.058
1508	1526	43	0.8165	132.078
1526	1553	43	0.9224	-44.026
1526	1606	43	0.8692	-88.052
1526	1629	43	0.865	44.027
1526	1668	43	0.865	44.027
1526	1812	43	0.7625	-146.058
1526	2148	43	0.7845	-58.005
386	1526	43	0.7902	-88.052
1024	1526	43	0.7526	-105.079
1348	1448	43	0.7118	44.027
1427	1448	43	0.7549	-17.026
1448	1623	43	0.7137	-88.053
1508	1629	43	0.742	176.105
1553	1629	43	0.8372	88.053
1606	1629	43	0.7979	132.079
1629	1668	43	1.0	0.000
386	1629	43	0.723	-44.026
1508	1553	43	0.825	88.052
1508	1606	43	0.8681	44.026
1508	1668	43	0.742	176.105
1508	1812	43	0.7777	-13.979
1508	2021	43	0.7882	-74.074
1508	2169	43	0.7924	-30.047
386	1508	43	0.7242	-220.131
1024	1508	43	0.7842	-237.157
1348	1427	43	0.709	61.053
1375	2098	43	0.8939	-149.105
1553	2098	43	0.789	-74.073
1606	2098	43	0.8226	-30.047
1748	2098	43	0.8058	-264.157
2003	2098	43	0.8753	-220.131
2021	2098	43	0.9237	88.053
2055	2098	43	0.8846	-193.132
2098	2169	43	0.95	-44.026
2098	2233	43	0.8749	-132.079
2098	2554	43	0.908	105.078
162	651	43	0.8535	88.053
375	651	43	0.8159	44.026
377	651	43	0.8089	-44.027
554	651	43	0.7653	-352.209
651	1003	43	0.746	326.194
651	1261	43	0.8138	-17.026
651	3399	43	0.7701	-105.079
651	3473	43	0.7827	-149.105
651	3515	43	0.7639	-61.052
315	1261	43	0.7902	-44.025
315	3515	43	0.7497	-88.051
279	661	43	0.7541	-88.054
661	1736	43	0.7541	88.053
661	2511	43	0.7934	44.026
60	796	43	0.8332	88.052
796	1699	43	0.8718	-44.025
1736	2106	43	0.8245	44.026
1736	2511	43	0.8025	-44.027
279	1736	43	1.0	-0.001
1261	1726	43	0.716	-220.131
1726	3399	43	0.7311	132.078
1726	3473	43	0.7966	88.053
368	1726	43	0.7593	44.027
1145	1726	43	0.7852	-44.025
162	377	43	0.7909	132.080
375	377	43	0.7821	88.053
377	789	43	0.7267	264.157
377	1003	43	0.7575	282.167
377	3044	43	0.7268	194.116
377	3399	43	0.7228	-149.106
2376	2554	43	0.8087	840.506
2376	3473	43	0.781	176.108
1375	2376	43	0.8008	-884.533
2055	2376	43	0.8021	-928.559
368	2376	43	0.8064	-44.028
908	2376	43	0.7661	44.021
1145	2376	43	0.7976	-132.080
1375	2021	43	0.8884	-237.158
1427	2021	43	0.7553	88.052
2003	2021	43	0.7834	-308.184
2021	2055	43	0.8994	281.185
2021	2169	43	0.9354	44.026
2021	2233	43	0.9155	-44.026
2021	2554	43	0.9108	193.131
162	368	43	0.7967	-193.131
368	375	43	0.8002	237.158
368	1145	43	0.7965	88.052
368	1375	43	0.8052	840.504
368	2055	43	0.7961	884.531
368	2554	43	0.799	796.478
368	3473	43	0.812	132.079
368	3515	43	0.7814	220.132
1375	2233	43	0.8513	-281.184
1427	2233	43	0.7312	44.026
2003	2233	43	0.7428	-352.210
2055	2233	43	0.8689	-325.210
2169	2233	43	0.8941	-88.052
2233	2554	43	0.8808	237.157
279	2106	43	0.8245	44.025
279	2511	43	0.8025	-44.027
1375	2169	43	0.878	-193.132
1606	2169	43	0.7888	-74.073
2003	2169	43	0.816	-264.158
2055	2169	43	0.889	-237.158
2169	2554	43	0.9141	149.105
34	2526	43	0.7463	28.032
34	2829	43	0.7985	44.027
162	1145	43	0.8102	-105.079
375	1145	43	0.8376	-149.106
1145	2554	43	0.7848	708.426
1145	3399	43	0.7572	88.053
1145	3473	43	0.8109	44.027
1145	3515	43	0.7724	132.080
1399	1553	43	0.7579	58.005
1399	1812	43	0.8293	-44.027
1399	2148	43	0.7992	44.026
375	1462	43	0.7734	132.078
2526	3235	43	0.7756	-132.078
2526	3415	43	0.7793	-88.053
1699	2526	43	0.7731	-17.028
1974	2526	43	0.8559	44.026
3235	3415	43	0.7985	44.025
3316	3415	43	0.7919	88.052
1473	3415	43	0.7072	-17.027
1974	3415	43	0.8282	-44.027
3399	3473	43	0.8067	-44.025
3399	3515	43	0.7498	44.027
1261	3399	43	0.7944	-88.053
162	3399	43	0.846	-17.027
375	3399	43	0.771	-61.053
1553	1668	43	0.8372	88.053
1606	1668	43	0.7979	132.079
386	1668	43	0.723	-44.026
1553	1606	43	0.8838	-44.026
1553	1812	43	0.7832	-102.032
1553	2148	43	0.7532	-13.979
386	1553	43	0.7578	-132.079
1375	2554	43	0.9714	-44.027
2003	2554	43	0.8064	-115.053
2055	2554	43	0.9669	-88.053
3044	3235	43	0.7553	176.105
3044	3316	43	0.78	132.078
60	3044	43	0.7252	-281.183
1003	3044	43	0.818	-88.051
3235	3316	43	0.8997	-44.027
1699	3235	43	0.757	-149.105
1974	3235	43	0.846	-88.052
60	3235	43	0.8113	-105.078
1003	3235	43	0.7849	88.054
554	789	43	0.7855	-44.026
1699	3316	43	0.7314	-193.132
1974	3316	43	0.8031	-132.079
60	3316	43	0.7824	-149.105
1003	3316	43	0.7975	44.027
3473	3515	43	0.8223	88.053
1261	3515	43	0.7907	-44.026
162	3515	43	0.7997	27.001
60	1974	43	0.8207	-17.026
1606	1812	43	0.7936	-58.005
1812	2148	43	0.8098	88.053
1024	1812	43	0.7877	-251.137
60	1003	43	0.7363	-193.132
60	1473	43	0.7031	-44.027
60	1699	43	0.8893	44.027
1375	2003	43	0.8347	71.026
1375	2055	43	0.9565	44.026
2003	2055	43	0.8424	-27.000
375	2055	43	0.7906	647.373
162	375	43	0.8657	44.027
162	1261	43	0.8103	71.027
162	3473	43	0.8419	-61.052
375	1261	43	0.7656	27.000
375	3473	43	0.8133	-105.079
1003	1473	43	0.7202	149.105
386	1024	43	0.7809	17.026
1024	1606	43	0.7629	-193.131
1024	2148	43	0.714	-163.084
1003	1699	43	0.726	237.159
554	1003	43	0.731	-26.015
1261	3473	43	0.7834	-132.079
2003	2106	43	0.8691	-28.031
1748	2003	43	0.8444	-44.026
2745	3312	44	0.9412	-174.053
2935	3312	44	0.96	17.026
2952	3312	44	0.9751	-0.000
3117	3312	44	0.9482	45.058
3248	3312	44	0.9656	35.001
3277	3312	44	0.9708	-0.001
3312	3354	44	0.9512	174.053
3312	3537	44	0.9598	-0.067
1455	3312	44	0.9613	-0.984
525	3312	44	0.9452	35.001
2785	2869	44	0.9116	-18.011
2869	2914	44	0.9258	-174.053
2869	3026	44	0.9223	18.011
2869	3132	44	0.9304	14.016
2869	3184	44	0.9235	-191.078
2869	3341	44	0.9085	18.011
1351	2869	44	0.9634	-0.000
1882	2869	44	0.9258	-14.016
11	2869	44	0.9075	394.344
641	2869	44	0.9075	394.346
1239	2695	44	0.9632	-146.058
1264	2695	44	0.9383	-146.058
2489	3117	44	0.9471	-28.032
2935	3117	44	0.949	-28.032
2942	3117	44	0.9294	-45.094
3117	3248	44	0.9482	10.057
3117	3277	44	0.9477	45.059
3117	3537	44	0.9491	44.991
67	282	44	0.9585	-0.000
282	1455	44	0.9496	-173.069
282	2433	44	0.9142	26.016
282	2745	44	0.9586	0.000
282	3277	44	0.9488	-174.052
282	3354	44	0.9658	0.000
282	3537	44	0.9503	-174.120
2549	3344	44	0.9168	191.979
3268	3344	44	0.9156	123.931
3344	3512	44	0.9448	-31.042
1541	3344	44	0.9042	191.979
2389	2433	44	0.9797	14.016
2389	2834	44	0.921	-101.011
1847	2389	44	0.9226	0.000
2742	2992	44	0.9333	-0.000
2992	3132	44	0.9458	-18.010
2992	3254	44	0.9836	0.000
2992	3393	44	0.9822	0.000
1403	2992	44	0.9869	0.000
1600	2992	44	0.9655	-0.000
1882	2992	44	0.9531	18.011
2181	2992	44	0.9818	0.000
1403	2181	44	0.986	0.000
1600	2181	44	0.9757	-0.000
1882	2181	44	0.9385	18.011
2181	2742	44	0.9337	0.000
2181	3132	44	0.931	-18.010
2181	3254	44	0.9818	0.000
2181	3393	44	0.983	0.000
11	91	44	0.9311	-28.031
91	250	44	1.0	0.000
91	497	44	0.9027	248.322
91	641	44	0.9311	28.029
91	2914	44	0.9112	248.322
91	3184	44	0.9152	231.297
2745	3277	44	0.9534	-174.052
2935	3277	44	0.949	17.027
2952	3277	44	0.9633	0.000
3277	3354	44	0.9607	174.052
3277	3537	44	0.9788	-0.068
1455	3277	44	0.9561	-0.983
67	3277	44	0.9446	-174.052
2742	3254	44	0.9261	-0.000
3132	3254	44	0.9261	18.010
3254	3393	44	0.9833	0.000
1403	3254	44	0.9884	0.000
1600	3254	44	0.9701	-0.000
1882	3254	44	0.9405	18.011
2433	3307	44	0.9021	-26.016
1455	3307	44	0.9295	173.069
2549	2914	44	0.9484	-14.016
2914	3019	44	0.9244	14.016
2914	3184	44	0.9785	-17.026
1351	2914	44	0.9087	-174.053
1541	2914	44	0.9437	-14.016
11	2914	44	0.929	220.292
250	2914	44	0.9112	248.322
641	2914	44	0.929	220.293
1403	1600	44	0.9692	0.000
1403	1882	44	0.944	-18.011
1403	2742	44	0.9297	0.000
1403	2769	44	0.9088	27.995
1403	3132	44	0.9298	-18.010
1403	3393	44	0.9882	0.000
2745	2942	44	0.9364	-174.017
2935	2942	44	0.9411	17.062
2942	3354	44	0.9447	174.017
2942	3537	44	0.9428	-0.103
1455	2942	44	0.9417	-0.948
67	2942	44	0.9312	-174.017
525	2942	44	0.9295	35.038
1561	3268	44	0.9332	88.144
2935	3248	44	0.9757	-17.975
1847	2433	44	0.9312	14.016
2433	3354	44	0.9051	-26.016
2745	3354	44	0.9886	-0.000
2952	3354	44	0.9606	174.052
3354	3537	44	0.9554	-174.120
67	3354	44	0.9862	0.000
394	1703	44	0.9382	-15.996
2433	2834	44	0.9315	-115.027
2834	3239	44	0.9318	15.994
401	2834	44	0.9315	0.000
2549	3373	44	0.9291	-45.058
3019	3373	44	0.917	-45.058
1541	3373	44	0.9329	-45.058
11	497	44	0.9238	220.292
250	497	44	0.9027	248.322
497	641	44	0.9238	-220.293
497	2549	44	0.9124	14.016
497	3019	44	0.9165	14.016
497	3184	44	0.9664	-17.026
67	525	44	0.9236	-209.054
67	1455	44	0.9375	-173.069
67	2745	44	0.9799	0.000
67	2952	44	0.9445	-174.052
1239	1264	44	0.9623	0.000
1264	2191	44	0.948	15.995
1264	3268	44	0.9471	15.995
475	1264	44	0.9179	-15.995
1177	1264	44	0.9176	-15.996
2489	2952	44	0.9796	17.027
2549	2952	44	0.9194	15.995
2745	2952	44	0.9512	-174.053
2952	3537	44	0.9592	-0.067
525	2952	44	0.9509	35.002
719	2952	44	0.9601	49.017
1455	1703	44	0.9103	30.019
2433	3417	44	0.9543	-14.016
1541	1882	44	0.931	174.053
1541	2549	44	0.9806	0.000
1541	3019	44	0.9525	-0.000
1541	3132	44	0.9495	174.053
11	250	44	0.9311	-28.031
11	641	44	1.0	-0.001
11	3184	44	0.9334	203.266
250	641	44	0.9311	28.029
641	3184	44	0.9334	203.267
1600	1882	44	0.9351	-18.011
1600	2742	44	0.9178	0.000
1600	3132	44	0.9304	-18.011
1600	3393	44	0.9664	-0.000
475	1177	44	0.9542	0.001
475	1239	44	0.9201	-15.995
475	2191	44	0.9433	0.001
475	2541	44	0.9424	-162.052
475	3268	44	0.9365	0.001
2785	3341	44	0.9786	0.000
2956	3341	44	0.9397	0.000
3026	3341	44	0.9705	0.000
577	3341	44	0.9051	0.000
2549	3132	44	0.9524	174.053
3132	3393	44	0.9238	18.010
1882	3132	44	0.9807	0.000
2785	2956	44	0.942	-0.000
2785	3026	44	0.9716	-0.000
577	2785	44	0.9187	0.000
2956	3026	44	0.9349	-0.000
1351	3026	44	0.9082	18.010
2541	3268	44	0.954	162.053
2191	2541	44	0.9443	-162.053
1027	2541	44	0.9143	-0.000
1177	2541	44	0.9341	-162.053
2549	3019	44	0.9596	-0.000
1882	2549	44	0.9259	-174.053
1882	3393	44	0.9331	18.011
2745	3537	44	0.9508	-174.120
2935	3537	44	0.9554	16.959
1455	3537	44	0.9604	-1.051
1351	3184	44	0.9113	-191.079
2745	2935	44	0.9293	-191.079
1455	2745	44	0.9375	173.069
1239	2191	44	0.9484	15.995
1239	3268	44	0.9707	15.995
1177	1239	44	0.9191	-15.996
2191	3268	44	0.9545	0.000
1177	2191	44	0.9389	-0.000
1177	3268	44	0.9289	-0.000
250	3184	44	0.9152	231.297
2742	3393	44	0.9283	-0.000
2433	3400	44	0.9088	0.947
1170	1455	44	0.9144	-15.995
2489	2935	44	0.9712	0.000
2200	3268	44	0.9315	60.113
2230	3268	44	0.9315	60.109
2200	2230	44	1.0	0.004
1507	1573	45	0.9174	12.000
1520	1573	45	0.9357	-56.062
1573	1713	45	0.9797	-28.031
1573	1772	45	0.9146	-14.016
1573	1943	45	0.9536	14.016
1573	2295	45	0.9066	-28.032
1573	2857	45	0.9146	-14.016
1573	3027	45	0.909	14.016
1573	3295	45	0.9171	-14.016
1573	3477	45	0.9174	-12.000
2779	2962	45	0.8547	13.990
2143	2779	45	0.8077	-73.964
1507	1520	45	0.8937	68.063
1507	1713	45	0.925	-16.031
1507	1772	45	0.9224	-2.015
1507	1943	45	0.917	26.016
1507	2143	45	0.9045	70.078
1507	2295	45	0.9121	-16.031
1507	2857	45	0.9224	-2.015
1507	3295	45	0.9116	-2.015
1507	3477	45	1.0	0.000
2857	3295	45	0.9364	0.000
3027	3295	45	0.9086	-28.031
3295	3477	45	0.9116	2.015
1520	3295	45	0.9217	-70.078
1713	3295	45	0.924	14.016
1772	3295	45	0.9364	-0.000
1943	3295	45	0.9366	-28.031
2295	3295	45	0.9121	14.016
1520	1943	45	0.9437	-42.047
1713	1943	45	0.9535	42.047
1772	1943	45	0.9429	28.031
1943	2295	45	0.9095	-42.047
1943	2857	45	0.9429	-28.031
1943	3027	45	0.9109	-0.000
1943	3477	45	0.917	-26.016
2857	3027	45	0.9008	28.031
2857	3477	45	0.9224	2.015
1520	2857	45	0.9237	-70.078
1713	2857	45	0.9285	14.016
1772	2857	45	1.0	-0.000
2295	2857	45	0.9219	14.016
1520	3027	45	0.9202	-42.047
1713	3027	45	0.912	42.047
1772	3027	45	0.9008	28.031
2295	3027	45	0.8709	42.047
2143	3477	45	0.9045	-70.078
1520	2295	45	0.9123	-84.094
1713	2295	45	0.9102	-0.000
1772	2295	45	0.9219	-14.016
2295	3477	45	0.9121	16.031
1520	1713	45	0.9324	-84.094
1520	1772	45	0.9237	-70.078
1520	3477	45	0.8937	-68.063
1713	1772	45	0.9285	14.016
1772	3477	45	0.9224	2.015
1713	3477	45	0.925	16.031
1360	2374	46	0.8755	-2.017
1616	1997	47	0.8935	2.053
1997	2000	47	0.9095	15.958
1997	2761	47	0.9018	40.104
1997	3317	47	0.9146	-1.943
179	1997	47	0.905	44.064
712	1997	47	0.9146	1.943
712	3317	47	1.0	0.000
1228	1930	48	0.9344	17.963
1594	1930	48	0.913	17.963
1930	2271	48	0.9108	0.011
1930	2465	48	0.8888	-0.026
1930	2921	48	0.9	-15.995
1930	3088	48	0.9327	0.047
1930	3325	48	0.891	-11.989
768	1930	48	0.9176	27.984
7	611	48	0.9565	15.995
78	611	48	0.9671	15.995
611	1392	48	0.9052	12.026
611	2927	48	0.9133	-148.053
611	3140	48	0.988	0.000
611	3145	48	0.971	-15.995
611	3225	48	0.9678	15.995
2927	3140	48	0.9096	148.053
2927	3225	48	0.9211	164.048
2754	2968	48	0.9155	-33.984
2968	3088	48	0.881	36.036
2548	3180	48	0.9001	26.000
2627	3180	48	0.9029	26.036
2921	3180	48	0.8895	26.011
782	3180	48	0.9085	25.973
1228	1594	48	0.9705	-0.000
1594	2271	48	0.9249	17.974
1594	3088	48	0.9421	18.010
768	2465	48	0.8859	27.958
1154	2548	48	0.8923	0.995
782	1069	48	0.9213	25.988
782	2548	48	0.9817	-0.027
782	2627	48	0.9433	-0.064
782	2921	48	0.9718	-0.038
3140	3145	48	0.9683	-15.995
3140	3225	48	0.9668	15.995
1392	3140	48	0.9035	-12.026
7	3140	48	0.9565	15.995
78	3140	48	0.9652	15.995
873	3140	48	0.914	98.036
78	211	48	0.8822	-1.005
78	3225	48	0.9349	31.990
2271	3325	48	0.8845	-12.000
768	3325	48	0.9079	15.995
785	3325	48	0.8903	15.995
2747	2979	48	0.9107	-22.041
211	2979	48	0.9029	-42.010
1069	2548	48	0.9324	-26.015
1069	2627	48	0.8843	-26.052
1069	2921	48	0.9053	-26.026
1228	2271	48	0.9279	17.974
1228	3088	48	0.9453	18.010
2303	3225	48	0.9665	39.996
1350	1659	48	0.9404	18.011
1659	2948	48	0.9656	243.051
768	785	48	0.9244	0.000
7	3225	48	0.9342	31.990
2948	3225	48	0.9621	-34.005
3145	3225	48	0.9412	31.990
2548	2627	48	0.9368	-0.036
2548	2921	48	0.9614	-0.011
1392	3145	48	0.9283	-28.021
1350	2948	48	0.9263	261.062
2271	3088	48	0.9201	0.036
2948	3088	48	0.8876	95.146
2627	2921	48	0.9252	0.025
80	783	49	0.9292	144.043
185	783	49	0.9154	-58.041
546	783	49	0.8998	14.016
783	931	49	0.8941	161.069
783	1185	49	0.9243	-162.052
783	1291	49	0.9353	-162.052
783	1718	49	0.9192	11.999
783	2333	49	0.9001	130.027
783	2619	49	0.9186	144.042
783	2969	49	0.9308	58.040
871	2582	49	0.9173	-17.027
871	2926	49	0.7904	-35.036
871	3521	49	0.8172	-35.036
77	1219	49	0.8438	116.085
77	1466	49	0.7597	179.080
77	1529	49	0.7978	172.147
77	1572	49	0.8112	162.053
77	2619	49	0.8837	58.043
1207	2823	49	0.7536	-80.100
1207	2939	49	0.7671	-12.074
1207	3195	49	0.807	28.031
1207	3464	49	0.7088	-62.090
486	1207	49	0.7936	-44.026
1185	2333	49	0.877	292.079
1452	2333	49	0.8556	-148.036
1689	2333	49	0.8589	-176.067
1718	2333	49	0.9026	118.028
2333	2619	49	0.9446	14.015
185	2333	49	0.8994	71.986
824	2333	49	0.8789	13.981
931	2333	49	0.9414	-31.042
1031	2333	49	0.9411	14.016
2582	3521	49	0.8465	-18.009
2926	3521	49	0.7652	0.000
1572	1689	49	0.8314	58.042
2582	2823	49	0.8659	-15.994
2823	2926	49	0.8136	-2.015
2823	2939	49	0.7873	68.026
2823	3195	49	0.7987	108.131
2823	3464	49	0.7942	18.010
486	2823	49	0.8183	-124.126
1133	2823	49	0.734	-11.961
1185	1291	49	0.9064	-0.000
80	1291	49	0.9005	-18.009
185	1291	49	0.8666	-220.094
546	1291	49	0.9054	-148.037
2582	3464	49	0.8212	2.016
2926	3464	49	0.705	20.025
2939	3464	49	0.7898	-50.016
3195	3464	49	0.7362	-90.121
486	3464	49	0.767	-106.116
1133	3464	49	0.7031	6.049
98	824	49	0.9124	118.061
824	1031	49	0.9178	-0.034
1219	2969	49	0.8061	-144.044
1254	2969	49	0.8425	-12.001
264	2969	49	0.854	2.014
347	2969	49	0.7883	1.978
538	2969	49	0.8676	144.041
1006	2969	49	0.8388	28.030
80	185	49	0.8811	202.084
80	546	49	0.8829	130.028
80	1185	49	0.8794	-18.009
80	1689	49	0.8285	450.138
80	1718	49	0.8752	156.043
80	2619	49	0.8795	288.085
527	740	49	1.0	0.000
527	805	49	0.773	-0.002
527	1184	49	0.7879	-0.003
369	2939	49	0.7015	-54.121
322	805	49	0.7736	179.079
740	805	49	0.773	-0.002
805	1112	49	0.7736	-179.080
805	1184	49	0.8883	-0.001
805	2409	49	0.7866	-162.053
1185	1718	49	0.8908	174.052
1254	1718	49	0.9241	-58.042
1718	2619	49	0.9179	132.043
98	1718	49	0.9159	14.014
185	1718	49	0.903	-46.042
931	1718	49	0.9032	-149.069
1031	1718	49	0.8767	-104.012
98	264	49	0.9121	58.040
264	538	49	0.7268	-142.027
264	580	49	0.7215	132.042
264	942	49	0.7215	132.042
264	1086	49	0.7368	58.042
264	1219	49	0.8641	146.058
264	1254	49	0.8989	14.015
2582	2926	49	0.8015	-18.009
2926	3195	49	0.7579	110.146
486	2926	49	0.7407	-126.141
486	956	49	0.7542	20.077
486	1133	49	0.7729	-112.165
486	2582	49	0.853	-108.132
486	2939	49	0.8041	-56.100
486	3195	49	0.8952	-15.995
538	1006	49	0.7509	116.011
1006	1254	49	0.7792	40.031
1466	1585	49	0.8452	134.094
1466	1689	49	0.8929	41.015
2582	2939	49	0.8286	52.032
2582	3195	49	0.8305	92.137
1133	2582	49	0.794	4.033
1185	2619	49	0.8905	306.094
185	1185	49	0.8684	-220.093
546	1185	49	0.8981	-148.036
684	1185	49	0.8347	-134.021
931	1185	49	0.8751	-323.121
1538	2409	49	0.7093	-72.057
931	1538	49	0.8981	56.062
956	1538	49	0.8958	45.058
322	1112	49	1.0	-0.001
322	1122	49	0.8788	-28.031
322	1184	49	0.7921	179.079
322	1219	49	0.7461	74.037
322	2409	49	0.9007	17.026
2939	3195	49	0.7727	40.105
956	3195	49	0.7487	-36.073
1133	3195	49	0.7375	96.170
1452	2712	49	0.7912	14.016
705	1529	49	0.8554	14.016
98	1031	49	0.9132	118.026
185	1031	49	0.8829	57.971
931	1031	49	0.9039	-45.057
956	1031	49	0.8507	-56.061
1031	2619	49	0.9126	28.030
1122	1133	49	0.7255	-60.186
1133	2939	49	0.8155	56.065
740	1184	49	0.7879	-0.003
1112	1122	49	0.8788	-28.030
1112	1184	49	0.7921	179.079
1112	1219	49	0.7461	74.038
1112	2409	49	0.9007	17.027
98	185	49	0.86	60.056
1219	2619	49	0.9315	-58.042
185	2619	49	0.9163	86.001
931	2619	49	0.9601	-17.027
1122	2409	49	0.8691	45.057
1184	2409	49	0.8092	-162.052
538	1254	49	0.7931	156.042
956	1122	49	0.7856	-72.057
580	942	49	1.0	-0.000
942	1219	49	0.8135	14.016
942	1254	49	0.7572	-118.027
1585	1689	49	0.8417	-93.079
1219	1254	49	0.8778	-132.043
580	1254	49	0.7572	-118.027
1219	1529	49	0.8731	56.062
580	1219	49	0.8135	14.016
185	931	49	0.9003	103.028
1689	2712	49	0.8569	-14.016
931	2712	49	0.8736	131.010
310	956	49	0.7107	-1.980
931	1689	49	0.9208	145.025
85	690	50	0.8264	-108.130
1941	2006	51	0.863	0.075
192	384	52	0.985	-256.239
192	772	52	0.9782	-262.229
192	1461	52	0.9806	-240.245
192	1920	52	0.9791	-260.214
192	2225	52	0.9792	-238.230
192	2726	52	0.9776	-262.229
192	2878	52	0.9798	-266.261
192	2913	52	0.9801	-185.251
192	3397	52	0.9861	-240.246
192	3449	52	0.9804	-184.147
230	297	52	0.9735	-2.014
232	297	52	0.9744	94.043
297	384	52	0.9781	-68.100
297	772	52	0.9806	-74.090
297	1461	52	0.9765	-52.106
297	3449	52	0.9738	3.992
2726	3296	52	0.9763	-2.017
2913	3296	52	0.9754	-78.994
1920	3296	52	0.9763	-4.031
215	969	52	1.0	0.001
215	2225	52	0.9812	-52.978
215	2913	52	0.9759	0.001
2726	2913	52	0.9843	76.978
2913	3397	52	0.9812	-54.995
1461	2913	52	0.9834	54.994
1920	2913	52	0.9868	74.963
2225	2913	52	0.9796	52.979
384	2913	52	0.9796	70.988
969	2913	52	0.9759	0.000
969	2225	52	0.9812	-52.979
1461	1920	52	0.9838	-19.969
1461	2225	52	0.9792	2.016
1461	2726	52	0.9821	-21.983
1461	2878	52	0.9782	-26.016
1461	3397	52	0.9847	-0.000
230	1461	52	0.9775	-54.120
384	1461	52	0.9826	15.994
2417	2878	52	0.9782	-2.017
2878	3397	52	0.9826	26.015
2878	3449	52	0.9762	82.114
2225	2878	52	0.9813	-28.031
384	2878	52	0.9825	-10.022
2225	3449	52	0.9804	54.083
232	3449	52	0.9729	98.036
384	3449	52	0.978	72.092
772	3449	52	0.979	78.082
384	772	52	0.9806	-5.990
384	1920	52	0.9794	-3.975
384	2225	52	0.9837	18.009
384	3397	52	0.9881	15.993
230	1920	52	0.9779	-74.089
230	2726	52	0.9791	-76.103
230	3283	52	0.971	-124.091
2726	3397	52	0.9825	21.983
1920	2726	52	0.9852	-2.014
772	2726	52	0.9789	0.001
1920	2225	52	0.9805	21.984
1920	3397	52	0.983	19.968
772	1920	52	0.9794	2.015
772	2778	52	0.9786	8.006
772	3397	52	0.9823	21.984
591	3283	52	0.9729	-108.096
2417	3397	52	0.9794	23.999
2225	3397	52	0.9838	-2.016
614	955	53	1.0	0.000
1336	1922	55	0.9123	12.000
1596	1922	55	0.9277	12.000
408	905	55	0.9099	12.000
578	905	55	0.9116	-14.015
778	905	55	0.9072	12.000
905	2156	55	0.9099	-12.000
219	408	55	0.9339	-31.969
408	578	55	0.9529	26.015
408	659	55	0.9316	17.953
408	778	55	0.96	-0.000
408	1223	55	0.9198	-18.011
408	2156	55	1.0	0.000
408	2416	55	0.9585	48.000
408	2690	55	0.9277	-42.010
408	2974	55	0.9319	0.001
219	578	55	0.9343	-5.953
578	659	55	0.9163	-8.062
578	778	55	0.9487	-26.016
578	1223	55	0.915	-44.026
578	2156	55	0.9529	-26.015
578	2416	55	0.9626	21.984
578	2974	55	0.9115	-26.014
1370	2690	55	0.91	0.000
164	1423	55	0.9136	42.009
164	2186	55	0.9136	42.010
164	2505	55	0.9228	92.025
164	2951	55	0.9141	2.999
1223	1453	55	0.9401	-42.047
1453	1677	55	0.9295	66.011
1453	2153	55	0.9428	28.031
1453	2975	55	0.9385	-39.011
1453	2993	55	0.9381	50.016
2416	2795	55	0.9312	-56.026
1336	2795	55	0.9197	-15.995
1596	2795	55	0.9421	-15.995
1677	2795	55	0.959	-13.979
1716	2795	55	0.9423	-42.010
1034	2795	55	0.951	20.004
1223	2156	55	0.9198	18.011
2156	2416	55	0.9585	48.000
2156	2690	55	0.9277	-42.010
2156	2974	55	0.9319	0.001
219	2156	55	0.9339	-31.969
659	2156	55	0.9316	-17.953
778	2156	55	0.96	0.000
219	659	55	0.959	-14.016
659	778	55	0.9172	-17.953
659	1012	55	0.929	-14.016
659	1223	55	0.9283	-35.964
659	1867	55	0.9217	-74.977
659	2416	55	0.9278	30.047
659	2974	55	0.9084	-17.952
1223	2416	55	0.9398	66.011
1677	2416	55	0.9441	42.047
1716	2416	55	0.979	14.016
219	2416	55	0.9508	16.031
778	2416	55	0.9521	48.000
219	778	55	0.9275	-31.969
778	1223	55	0.9264	-18.011
778	2690	55	0.9191	-42.010
778	2974	55	0.9151	0.001
1223	1867	55	0.96	-39.013
1867	2975	55	0.9223	-42.045
219	1867	55	0.9247	-88.992
1012	1867	55	0.9079	-60.961
1034	1336	55	0.9245	36.000
1034	1596	55	0.9365	35.999
1034	1677	55	0.9597	33.984
1034	1716	55	0.9343	62.015
2505	2951	55	0.9587	-89.027
2505	2993	55	0.9365	-2.016
1336	2505	55	0.9444	-15.995
1423	2505	55	0.9625	50.016
1596	2505	55	0.9643	-15.995
2186	2505	55	0.9625	50.016
1336	1716	55	0.9126	26.015
1596	1716	55	0.9272	26.016
1677	1716	55	0.966	28.031
1716	2153	55	0.9277	-66.011
219	1012	55	0.9278	-28.032
219	1223	55	0.9436	-49.980
219	2993	55	0.9398	-42.011
1223	2153	55	0.9544	-14.016
2975	2993	55	0.9365	89.026
1677	2993	55	0.962	-15.995
1336	1423	55	0.9379	-66.011
1423	1596	55	0.9498	66.011
1423	2186	55	1.0	0.000
1423	2951	55	0.9666	-39.011
2951	2975	55	0.9062	-2.015
1677	2975	55	0.9227	-105.021
1336	1596	55	0.9539	-0.000
1596	1677	55	0.9389	-2.016
1596	2186	55	0.9498	-66.011
1596	2951	55	0.9435	-105.022
1336	1677	55	0.9289	-2.016
1336	2186	55	0.9379	-66.011
1336	2951	55	0.9318	-105.022
2186	2951	55	0.9666	-39.011
2426	2996	56	0.911	-188.979
1450	1811	56	0.9217	-17.026
600	1811	56	0.9029	-0.000
106	584	56	0.9607	-122.037
106	2996	56	0.9297	-18.011
584	600	56	0.9342	-35.037
600	2996	56	0.9034	139.063
1450	2996	56	0.9251	122.037
584	2996	56	0.9288	104.026
584	1450	56	0.9046	-18.011
3136	3365	57	0.8794	-2.016
3242	3365	57	0.9383	-28.031
3365	3506	57	0.9475	4.031
1680	3365	57	0.8217	-266.260
40	3365	57	0.9257	-6.047
87	3365	57	0.8297	-266.261
291	3365	57	0.7937	-266.260
845	3365	57	0.8865	11.998
87	291	57	0.9259	-0.000
291	845	57	0.7749	-278.259
291	1680	57	0.9439	-0.000
291	2498	57	0.7872	-37.956
291	2540	57	0.9007	0.037
291	3136	57	0.7699	-264.244
291	3242	57	0.8	-238.229
2498	2503	57	0.8389	-246.255
2498	2540	57	0.7521	37.992
2498	3377	57	0.8572	-222.255
2062	2498	57	0.9136	-0.000
223	2498	57	0.898	0.000
2503	3377	57	0.9074	24.000
1680	2503	57	0.8359	-284.211
2062	2503	57	0.8913	-246.255
87	2503	57	0.8354	-284.211
223	2503	57	0.8599	-246.255
40	845	57	0.9014	-18.045
40	1680	57	0.8088	260.213
40	3136	57	0.899	-4.031
40	3242	57	0.9346	21.984
40	3506	57	0.9584	-2.016
87	1680	57	0.9587	-0.000
87	2062	57	0.8317	-37.956
87	2540	57	0.878	0.036
87	2637	57	0.8642	36.924
87	3242	57	0.8397	-238.229
87	3377	57	0.8409	-260.211
87	3506	57	0.8441	-262.230
2540	3136	57	0.7306	-264.281
1680	2540	57	0.9021	0.037
3136	3506	57	0.9019	2.014
3242	3506	57	0.9665	-24.001
1680	3506	57	0.8283	-262.230
845	3506	57	0.9047	16.029
2062	3377	57	0.899	-222.255
3136	3242	57	0.8967	26.015
1680	3242	57	0.8315	-238.229
845	3242	57	0.8841	40.030
1680	3136	57	0.7898	-264.244
845	1680	57	0.8024	278.259
845	3136	57	0.8632	14.015
2529	3223	58	0.9083	-17.965
2375	2439	59	0.9319	-0.000
1612	2375	59	0.9253	-14.016
2113	2375	59	0.8824	-14.016
1535	1612	59	0.9364	-14.016
1535	2004	59	0.954	-0.000
1535	2109	59	0.9309	15.995
1535	2113	59	0.9211	-14.015
1535	3383	59	0.8965	31.990
364	1535	59	0.9321	0.000
2213	3413	59	0.9132	-0.003
1612	2004	59	0.914	14.015
1612	2113	59	0.8884	0.000
1612	2439	59	0.929	-14.016
364	1612	59	0.8977	-14.016
2439	2845	59	0.8909	-72.021
2845	3339	59	0.9195	0.000
2430	3383	59	0.9292	14.016
3383	3413	59	0.9596	26.012
2109	3383	59	0.9473	15.995
2113	3383	59	0.8922	46.005
155	3383	59	0.9113	14.016
509	3383	59	0.9142	-17.026
3413	3505	59	0.9159	-14.015
364	2004	59	0.9184	-0.000
2109	2113	59	0.9118	-30.010
364	2109	59	0.8847	15.995
2430	3505	59	0.9005	26.013
155	2430	59	0.8839	0.000
1079	2430	59	0.954	-48.000
364	2113	59	0.8814	-14.015
1079	3505	59	0.9088	-21.987
289	1128	61	1.0	-0.000
515	3176	63	0.8393	38.014
267	3176	63	0.8694	35.037
2026	2568	63	0.8427	-14.016
2026	3176	63	0.9014	86.073
2568	3176	63	0.8033	100.088
371	826	64	1.0	0.000
826	1335	64	0.903	51.995
826	1824	64	0.9229	11.964
826	2330	64	0.9123	9.948
1335	1799	64	0.9374	-106.042
1571	1799	64	0.9324	30.010
1799	1824	64	0.9581	66.011
1799	1900	64	0.9211	-42.010
1799	2244	64	0.9548	0.000
1799	2330	64	0.935	63.995
128	1799	64	0.9063	39.011
1335	1824	64	0.9372	-40.031
1335	2244	64	0.9354	-106.041
1335	2330	64	0.9478	-42.047
1335	2725	64	0.9121	0.000
371	1335	64	0.903	51.995
1115	2381	64	0.9023	2.077
1327	1571	64	0.9271	-66.010
1327	2924	64	0.9265	0.000
371	1824	64	0.9229	11.964
371	2330	64	0.9123	9.948
1824	2244	64	0.9291	-66.010
1824	2330	64	0.9292	-2.016
1824	2924	64	0.9343	-30.010
1563	2381	64	0.9258	-37.955
1563	2881	64	0.932	-106.042
1571	2244	64	0.9244	30.010
2244	2330	64	0.9461	63.995
128	2244	64	0.905	39.011
1571	2924	64	0.9523	66.010
1510	1563	64	0.9156	-14.017
1563	1900	64	0.9425	14.016
1510	1900	64	0.9164	-0.001
1595	3071	65	0.9216	-329.163
1875	3071	65	0.9323	-328.662
2687	3319	65	0.966	0.000
1595	2687	65	0.9221	7.968
1776	1967	65	0.9471	-44.026
1967	2442	65	0.9404	21.046
1967	2733	65	0.9361	-33.984
1967	2902	65	0.9279	-26.015
1967	3157	65	0.9406	-36.037
1967	3356	65	0.9471	44.027
224	1967	65	0.9433	77.974
324	1967	65	0.933	77.974
3266	3350	65	0.9491	-0.000
2444	3058	65	0.9329	-14.014
2733	3058	65	0.9391	44.026
2852	3058	65	0.9384	26.016
3058	3157	65	0.9385	-46.079
3058	3228	65	0.9331	104.026
3058	3356	65	0.9466	33.984
1776	3058	65	0.9466	-33.984
1874	3058	65	0.9655	1.000
2316	3058	65	0.9329	-14.014
780	3058	65	0.9458	-10.020
1071	3058	65	0.9375	-9.984
2852	3319	65	0.9275	7.969
1776	1874	65	0.9508	-34.984
1874	2133	65	0.9529	105.026
1874	2733	65	0.9513	-43.026
1874	3157	65	0.9428	-45.079
1874	3228	65	0.9634	105.026
1874	3356	65	0.9508	34.985
324	1874	65	0.9436	87.016
354	1874	65	0.9446	-104.990
780	1874	65	0.9456	-11.020
2437	3228	65	0.9441	0.036
2133	2437	65	0.947	-0.036
70	2437	65	0.9417	0.967
354	2437	65	0.9847	-0.000
224	324	65	0.9504	0.000
324	518	65	0.9403	90.028
324	780	65	0.9304	98.037
324	1776	65	0.9507	122.000
324	2733	65	0.9489	43.990
324	3157	65	0.9379	41.937
324	3356	65	0.9507	122.001
1776	2133	65	0.9504	70.042
2133	2391	65	0.9379	-112.088
2133	3228	65	0.984	0.000
2133	3356	65	0.9504	-70.041
70	2133	65	0.9326	1.003
354	2133	65	0.9668	0.036
518	2133	65	0.9507	102.014
2852	3266	65	0.9509	-329.162
1595	3266	65	0.9359	-329.163
2733	3157	65	0.9529	-2.053
3157	3228	65	0.9302	150.105
3157	3356	65	0.9517	80.064
1776	3157	65	0.9517	-80.063
518	3157	65	0.9405	-48.091
780	3157	65	0.931	-56.099
1071	1595	65	0.9671	-36.000
1071	2852	65	0.9658	-36.000
1071	3411	65	0.9355	12.001
70	354	65	0.9519	0.967
2733	2805	65	0.9421	-103.010
2733	2852	65	0.9293	18.010
518	2733	65	0.9398	-46.038
2852	3411	65	0.9258	48.001
1776	3228	65	0.9505	70.042
1776	3356	65	1.0	0.001
224	1776	65	0.9441	122.001
518	1776	65	0.9512	31.972
354	3228	65	0.9615	0.036
224	780	65	0.9384	98.037
518	780	65	0.9412	8.009
780	3228	65	0.9341	94.006
2316	2444	65	1.0	0.000
2805	2852	65	0.9348	121.020
1595	2852	65	0.9631	-0.000
224	518	65	0.935	90.028
224	2902	65	0.9239	51.959
224	3356	65	0.9441	122.001
1595	2805	65	0.9281	-121.020
518	3228	65	0.9437	102.014
518	3356	65	0.9512	31.973
1595	2014	65	0.9234	-148.052
3228	3356	65	0.9505	-70.041
2014	3171	65	0.9554	0.000
2849	3330	66	0.929	26.015
3289	3330	66	0.9228	26.015
731	2849	66	0.9104	-0.001
731	3289	66	0.9086	-0.000
2466	2849	66	0.916	329.162
2507	2849	66	0.9062	329.163
2849	3289	66	0.9756	0.000
2466	2507	66	0.9293	-0.000
2466	3289	66	0.9062	329.163
63	1036	67	0.8391	48.000
166	1036	67	0.8684	-15.995
252	1036	67	0.8352	12.037
290	1036	67	0.8099	-30.014
597	1036	67	0.8454	-1.978
963	1036	67	0.8725	26.016
1036	1991	67	0.8739	-35.928
63	290	67	0.841	78.014
166	290	67	0.8852	14.019
190	290	67	0.878	12.004
252	290	67	0.8479	42.051
290	597	67	0.8704	-28.036
290	952	67	0.8686	-56.067
290	1906	67	0.8662	-33.988
290	1991	67	0.8414	-65.942
1906	1991	67	0.901	-31.954
1991	3101	67	0.8489	1.942
166	1991	67	0.9107	-51.923
190	1991	67	0.9048	-53.938
252	1991	67	0.8629	-23.891
597	1991	67	0.877	-37.906
952	1991	67	0.8811	-9.875
963	1991	67	0.8896	-9.911
63	166	67	0.8801	63.995
63	190	67	0.8784	66.010
63	252	67	0.8502	35.963
63	597	67	0.871	49.978
63	952	67	0.878	21.947
63	963	67	0.9101	21.983
63	1906	67	0.8827	44.026
166	963	67	0.9482	-42.011
190	963	67	0.9403	-44.027
252	963	67	0.915	-13.979
597	963	67	0.9265	-27.994
952	963	67	0.9383	0.037
963	1906	67	0.9457	22.042
963	3101	67	0.8838	-7.969
166	597	67	0.9418	-14.017
190	597	67	0.9067	-16.033
252	597	67	0.894	14.015
597	952	67	0.9268	-28.031
597	1906	67	0.929	-5.952
166	252	67	0.9319	-28.032
190	252	67	0.9172	-30.048
252	952	67	0.9246	-14.016
252	1906	67	0.9262	8.063
1906	3101	67	0.8837	-30.011
166	1906	67	0.9565	-19.969
190	1906	67	0.9577	-21.985
952	1906	67	0.9422	22.079
166	190	67	0.9556	2.016
166	952	67	0.9506	-42.048
190	952	67	0.9355	-44.064
952	3101	67	0.8493	-7.932
190	3101	67	0.9204	-51.996
2307	3149	68	0.9429	-162.053
2361	3149	68	0.9355	15.995
1808	2182	68	0.9303	28.030
1845	2182	68	0.9391	44.025
1030	2182	68	0.9506	44.026
3067	3299	68	0.9499	-162.052
104	3067	68	0.9414	14.014
172	3067	68	0.9264	28.031
744	3067	68	0.9085	132.043
877	3067	68	0.9443	146.057
2412	2491	68	0.9095	-30.011
2412	2711	68	0.9452	-44.026
2412	3299	68	0.9763	-15.995
2412	3409	68	0.9299	-44.026
2307	2412	68	0.9559	28.031
2711	3299	68	0.9329	28.031
3299	3409	68	0.9213	-28.031
2307	3299	68	0.9446	12.036
877	3299	68	0.92	-15.995
1030	1808	68	0.9288	15.996
1030	1845	68	0.9762	0.000
1030	2352	68	0.9368	-470.162
1030	2361	68	0.9307	-308.110
1030	2711	68	0.9261	-146.058
1030	3409	68	0.9137	-146.058
1808	1845	68	0.9051	-15.995
1845	2352	68	0.9347	-470.162
1845	2361	68	0.9366	-308.111
1845	2711	68	0.933	-146.058
172	1845	68	0.9021	-15.994
2307	2491	68	0.9182	-1.980
2307	2711	68	0.968	-15.995
2307	3409	68	0.9537	-15.995
172	2352	68	0.9033	-486.156
172	2361	68	0.9257	-324.105
172	2711	68	0.9492	-162.052
172	3409	68	0.9644	-162.052
2867	3409	68	0.9097	132.042
2491	3409	68	0.9432	-14.015
2711	3409	68	0.9566	0.000
2352	3409	68	0.9322	324.104
2361	3409	68	0.9435	162.052
104	2491	68	0.9169	-162.054
2491	2711	68	0.9185	-14.015
2352	2711	68	0.9458	324.104
2361	2711	68	0.9695	162.052
744	877	68	0.9524	-14.014
2352	2361	68	0.9476	162.051
761	877	68	0.908	14.017
2494	3018	73	0.9286	2.016
2494	2648	73	0.8809	-2.016
2648	2960	73	0.9154	14.016
2648	3055	73	1.0	0.000
298	2648	73	0.8644	-14.016
2494	3055	73	0.8809	-2.016
2960	3055	73	0.9154	-14.016
298	3055	73	0.8644	-14.016
2494	2960	73	0.8834	12.000
298	2960	73	0.9428	0.000
2198	3551	74	1.0	0.000
1576	3194	75	1.0	-0.000
240	3162	76	1.0	0.000
2547	2943	78	0.7597	-17.026
2743	2943	78	0.9235	-17.026
328	792	78	0.9025	0.000
792	834	78	0.899	17.063
792	1153	78	1.0	0.000
792	2521	78	0.7377	17.026
792	2972	78	0.9037	0.038
2521	2547	78	0.7066	-160.016
2547	2743	78	0.8592	-0.000
328	834	78	0.8369	17.063
328	1153	78	0.9025	0.000
328	2521	78	0.7626	17.026
328	2972	78	0.7963	0.038
834	1153	78	0.899	-17.063
834	2521	78	0.8484	-0.036
834	2972	78	0.8328	-17.025
1153	2521	78	0.7377	17.026
1153	2972	78	0.9037	0.038
1415	2040	79	0.902	105.021
1780	2040	79	0.9303	15.994
1936	2040	79	0.9695	-26.016
2040	2848	79	0.9041	40.032
2040	2886	79	0.923	-66.013
2040	2918	79	1.0	0.000
2040	2931	79	0.9686	12.000
1795	2450	79	0.9203	-39.011
1795	2886	79	0.9595	2.014
1780	1936	79	0.9354	42.010
1936	2848	79	0.9076	14.016
1936	2918	79	0.9695	-26.016
1936	2931	79	0.976	-14.016
2848	2918	79	0.9041	-40.031
2886	2918	79	0.923	66.013
2918	2931	79	0.9686	11.999
1415	2918	79	0.902	105.022
1780	2918	79	0.9303	15.995
2848	2931	79	0.9157	-28.032
2886	2931	79	0.9038	78.013
1780	2931	79	0.9396	27.994
2848	3032	79	0.9101	-48.000
1415	2886	79	0.964	39.008
1415	2450	79	0.9431	-2.016
2625	3276	82	1.0	-0.003
965	3276	82	1.0	-0.003
965	2625	82	1.0	0.000
209	274	83	0.7437	-39.014
1672	2640	84	0.8895	33.026
686	2640	84	0.9172	-129.043
1435	1954	84	0.9321	-44.965
1435	3022	84	0.9407	10.041
292	1435	84	0.9079	60.959
2302	2588	84	0.888	104.047
1130	2302	84	0.9057	-108.021
292	1277	84	0.8948	-91.051
292	1954	84	0.8851	15.994
292	2573	84	0.9191	-25.078
292	3022	84	0.9105	71.000
1954	2022	84	0.9492	0.001
2022	2588	84	0.9011	55.006
2022	3022	84	0.9027	55.005
1954	2096	84	0.9305	12.001
1954	2588	84	0.9282	55.007
1954	3022	84	0.9393	55.007
1130	1954	84	0.9503	-58.981
2096	2588	84	0.9077	43.006
2096	3022	84	0.9118	43.005
686	932	84	0.9283	-0.000
1130	1241	84	0.8948	-74.975
1130	2588	84	0.938	-3.974
1130	3022	84	0.9577	-3.974
1277	1672	84	0.8982	148.036
1672	2588	84	0.93	14.016
1672	3022	84	0.9153	14.016
1672	3092	84	0.9119	-14.015
2588	3022	84	0.9788	-0.000
1277	2588	84	0.9042	162.052
1344	2588	84	0.8929	291.147
1344	3022	84	0.9138	291.147
1277	3022	84	0.9068	162.052
1277	3092	84	0.8833	134.021
634	1075	85	0.8874	106.116
844	1075	85	0.8706	50.091
2033	2449	86	1.0	-0.000
3451	3486	88	0.8639	0.000
618	945	89	0.9222	287.153
2386	3258	90	0.9838	0.000
1476	3258	90	0.9859	0.000
2207	3258	90	0.8808	-14.015
228	786	90	0.9499	-0.035
194	830	90	0.8936	0.006
830	2897	90	0.9422	0.000
1252	1589	90	0.9204	31.989
1252	2237	90	0.8832	-26.015
1252	2580	90	0.9026	15.995
114	1252	90	1.0	-0.000
478	1252	90	0.9026	-15.995
1476	2580	90	0.8843	-86.000
1589	2580	90	0.9134	-15.994
114	2580	90	0.9026	15.995
228	2580	90	0.8874	-15.993
478	2580	90	1.0	0.000
1106	2580	90	0.8842	0.000
1589	2237	90	0.9149	-58.004
114	1589	90	0.9204	31.988
228	1589	90	0.917	0.000
478	1589	90	0.9134	15.994
114	2237	90	0.8832	-26.016
478	1106	90	0.8842	0.000
114	478	90	0.9026	15.995
228	478	90	0.8874	-15.993
478	1476	90	0.8843	86.000
2207	2310	90	0.8866	-15.995
2310	2378	90	0.9479	0.039
194	2378	90	0.8818	-15.994
194	2310	90	0.8896	-16.033
194	2897	90	0.9226	0.006
1476	2386	90	0.986	0.000
1644	1757	92	0.9083	-0.000
1980	2364	93	0.8237	18.010
422	1338	95	0.9205	-0.002
1905	2676	96	0.9669	-0.000
1905	3230	96	0.9326	-477.214
814	1905	96	0.9856	0.000
529	617	96	0.9333	-0.002
529	3188	96	0.9433	-0.000
529	3230	96	0.9308	-477.214
814	2676	96	0.9603	-0.000
814	3230	96	0.9455	-477.214
617	3188	96	0.9446	0.002
1603	2978	97	0.9257	26.015
1603	3262	97	0.931	0.000
2978	3262	97	0.9368	-26.015
1198	2978	97	0.902	15.994
1325	2978	97	0.9483	-21.985
472	2978	97	0.9108	72.020
725	2978	97	0.9091	28.031
1982	3262	97	0.9241	15.996
1325	3262	97	0.9081	-48.000
616	3262	97	0.9092	42.047
2562	2649	100	0.8882	-40.031
457	713	103	0.7221	32.026
506	713	103	0.7672	467.303
713	1123	103	0.7475	0.000
713	1301	103	0.7672	-467.303
713	1691	103	0.7481	-63.069
506	1301	103	1.0	-0.001
457	1691	103	0.7954	-31.043
1123	1691	103	0.7158	-63.069
457	1123	103	0.7526	32.026
283	916	104	0.9434	-42.044
283	1146	104	0.9865	0.000
283	1685	104	0.9433	-28.031
283	1828	104	0.9434	-42.047
283	1894	104	0.9703	0.000
283	1931	104	0.9212	-196.219
283	1940	104	0.9865	0.000
283	2134	104	0.9865	0.000
283	3074	104	0.9433	-42.047
1685	1894	104	0.9745	28.031
1828	1894	104	0.9591	42.047
1894	1931	104	0.9453	-196.219
1894	1940	104	0.9679	0.000
1894	2134	104	0.9679	0.000
1894	3074	104	0.9705	-42.047
1894	3139	104	0.9446	-40.031
916	1894	104	0.9591	42.044
1146	1894	104	0.9679	0.000
3074	3139	104	0.9731	2.016
3074	3516	104	0.9584	-19.968
1685	3074	104	0.9716	-14.016
1690	3074	104	0.9612	-2.016
1828	3074	104	0.9648	-0.000
1931	3074	104	0.9468	154.172
1940	3074	104	0.9416	-42.047
2134	3074	104	0.9416	-42.047
916	3074	104	0.9648	-0.003
1146	3074	104	0.9416	-42.047
916	1146	104	0.9306	42.044
1146	1685	104	0.9398	-28.031
1146	1828	104	0.9306	-42.047
1146	1940	104	1.0	0.000
1146	2134	104	1.0	0.000
1146	3139	104	0.9229	-40.031
1685	1940	104	0.9398	28.031
1828	1940	104	0.9306	42.047
1940	2134	104	1.0	0.000
1940	3139	104	0.9229	-40.031
916	1940	104	0.9306	42.044
2953	3133	104	0.9589	21.984
2953	3516	104	0.9271	14.016
2953	3536	104	0.9589	21.984
916	1685	104	0.9547	14.013
916	1690	104	0.932	2.013
916	1828	104	1.0	-0.003
916	1931	104	0.9416	-154.176
916	2134	104	0.9306	42.044
916	3139	104	0.9362	2.013
1685	1828	104	0.9547	-14.016
1690	1828	104	0.932	-2.016
1828	1931	104	0.9416	-154.173
1828	2134	104	0.9306	42.047
1828	3139	104	0.9362	2.016
1685	1690	104	0.9538	-12.000
1690	3139	104	0.9778	-0.000
1690	3516	104	0.9724	-21.984
3133	3536	104	1.0	0.000
3139	3516	104	0.9878	-21.984
1685	3139	104	0.9601	-12.000
2134	3139	104	0.9229	-40.031
1685	3516	104	0.9577	-33.984
1685	1931	104	0.9502	-168.188
1931	2131	104	0.9295	-26.015
1685	2134	104	0.9398	28.031
3211	3501	106	0.7457	2.017
648	3211	106	0.7867	2.016
1613	3091	107	0.9533	2.017
1613	3419	107	0.9406	42.047
19	1613	107	0.9481	19.968
140	1613	107	0.9354	154.172
474	1613	107	0.9311	180.188
793	1613	107	0.9215	-42.047
1098	1613	107	0.9533	-2.016
19	474	107	0.9316	-160.220
140	474	107	0.9368	-26.015
474	793	107	0.9046	222.235
474	1098	107	0.9279	182.204
474	3091	107	0.9279	182.204
474	3419	107	0.9203	222.235
3091	3419	107	0.9537	40.031
19	3419	107	0.841	62.015
140	3419	107	0.9234	196.219
793	3419	107	0.9747	0.000
1098	3419	107	0.9537	40.031
19	3091	107	0.9836	21.985
140	3091	107	0.9194	156.189
793	3091	107	0.9347	-40.031
1098	3091	107	1.0	0.001
19	140	107	0.9261	-134.204
140	793	107	0.9051	196.219
140	1098	107	0.9194	156.188
19	1098	107	0.9836	21.984
793	1098	107	0.9347	-40.031
2291	2560	108	0.9012	-43.990
2347	2560	108	0.9131	121.020
410	2291	108	0.9071	-14.011
2824	2944	110	0.8651	-1.003
2824	3499	110	0.8537	-0.409
2944	3499	110	0.8485	0.593
8	627	111	1.0	0.000
627	1878	111	0.7395	-0.000
8	1878	111	0.7395	-0.000
2105	2946	114	1.0	0.003
1460	2484	119	0.8105	-13.012
456	1460	119	0.8019	27.882
671	1460	119	0.7921	35.989
456	2484	119	0.7891	14.869
456	671	119	0.7767	-8.108
1052	2654	121	0.8587	0.036
1044	1628	126	0.8095	0.000
2475	3293	126	0.8128	-14.016
3179	3293	126	0.8908	-136.162
3280	3293	126	0.8218	-28.031
1211	3293	126	0.8395	-15.995
1670	3293	126	0.8536	-44.027
149	3293	126	0.8829	-45.058
1042	3293	126	0.8305	-152.157
149	1042	126	0.8361	107.098
149	1211	126	0.8138	-29.063
149	1628	126	0.8389	296.235
149	1670	126	0.8978	-1.032
149	3178	126	0.8429	296.236
149	3179	126	0.9258	91.104
149	3280	126	0.886	-17.027
1628	3178	126	0.9227	0.000
1670	3179	126	0.8817	92.135
1670	3280	126	0.8874	-15.996
1042	1670	126	0.839	-108.130
1211	3179	126	0.8137	120.167
2475	3179	126	0.8231	122.146
3179	3280	126	0.8849	-108.131
1042	3179	126	0.8311	-15.995
1042	3280	126	0.8028	-124.125
288	2570	129	1.0	-0.000
413	1671	131	0.9632	146.104
471	1212	132	0.8593	-0.051
471	1221	132	0.8593	-0.051
1212	1221	132	1.0	0.000
1212	1798	132	0.8263	0.000
1221	1798	132	0.8263	-0.000
2370	2492	134	0.9269	15.994
2492	2663	134	0.9315	2.015
1663	2492	134	0.924	-28.031
2160	2492	134	0.8739	-84.057
1446	1788	134	0.8984	-26.016
1694	1788	134	0.918	-12.000
1788	1841	134	0.8804	40.031
1788	2370	134	0.9144	-2.013
1788	2663	134	0.9179	15.995
559	1788	134	0.8818	-14.018
1446	1663	134	0.9115	15.995
1663	2160	134	0.8774	56.026
1663	2663	134	0.9221	-26.016
2370	3048	134	0.8825	84.056
1446	2370	134	0.939	-28.029
1609	2370	134	0.8648	33.986
1694	2370	134	0.9427	-14.013
1841	2370	134	0.9347	-42.045
1446	3048	134	0.9056	56.026
1694	3048	134	0.893	70.042
1841	3048	134	0.9255	42.011
2160	3048	134	0.9495	-15.995
1446	1841	134	0.9521	14.015
1694	1841	134	0.9422	28.031
1841	2160	134	0.8862	58.006
1446	1694	134	0.9444	-14.016
1446	2160	134	0.8607	72.021
559	2663	134	0.8762	1.977
1694	2160	134	0.8641	86.037
1501	2160	134	0.8694	148.051
2160	2663	134	0.8606	-82.042
126	568	136	0.7289	292.243
568	1617	136	0.7563	-13.979
2083	2258	138	0.8396	222.056
2083	2261	138	0.8712	148.038
2083	2264	138	0.7699	296.075
2083	2293	138	0.8851	74.019
2258	2264	138	0.8194	74.019
2261	2264	138	0.8106	148.037
2264	2293	138	0.7886	-222.056
2258	2261	138	0.84	-74.018
2258	2293	138	0.8276	-148.036
2261	2293	138	0.9156	-74.018
2261	2311	138	0.7072	239.083
2101	2125	138	0.7761	-91.046
2101	2311	138	0.7115	-74.019
2125	2311	138	0.7779	17.027
2293	2311	138	0.7035	313.102
460	2152	139	0.8519	0.000
460	3517	139	0.8203	0.000
2152	3517	139	0.7665	-0.000
1528	1704	140	0.857	-17.027
1704	1785	140	0.9362	-28.031
1704	1852	140	0.9316	-14.016
1528	1785	140	0.8978	-45.058
1785	1852	140	0.9697	14.015
1528	1852	140	0.8726	-31.042
94	901	141	0.8509	0.000
94	1717	141	0.763	57.010
901	1717	141	0.7595	57.010
3004	3161	142	0.8498	36.023
821	3004	142	0.8336	7.967
1150	3004	142	0.8667	8.004
2551	2735	142	0.9133	13.979
2612	2735	142	0.9436	40.031
2704	2735	142	0.9311	-1.032
2735	3040	142	0.8971	-15.995
2735	3161	142	0.9208	-48.000
1619	2735	142	0.9425	14.015
445	2735	142	0.9557	28.031
787	2735	142	0.9058	-14.016
813	2735	142	0.8998	42.046
1150	2735	142	0.9338	92.027
445	787	142	0.895	42.047
787	813	142	0.8666	-56.062
787	1619	142	0.8766	-28.031
787	2551	142	0.8698	-27.995
787	3040	142	0.8583	-30.011
787	3161	142	0.8538	-62.016
445	1150	142	0.9135	-63.996
813	1150	142	0.8853	-49.981
1150	1619	142	0.9009	78.012
1150	2551	142	0.8896	78.048
1150	2612	142	0.925	51.996
1150	2704	142	0.9019	93.059
1150	2708	142	0.8728	30.011
1150	3161	142	0.9404	44.027
2551	2704	142	0.8835	15.011
2612	2704	142	0.9135	41.063
2704	3040	142	0.8847	-17.027
2704	3161	142	0.8704	-49.032
1619	2704	142	0.8995	15.047
445	2704	142	0.9146	29.063
813	2704	142	0.8838	43.078
1157	2704	142	0.8639	71.110
2551	2612	142	0.8985	-26.052
2612	2708	142	0.8904	-21.984
2612	3161	142	0.8925	-7.969
1619	2612	142	0.9192	-26.016
445	2612	142	0.9195	-12.000
813	2612	142	0.8857	2.015
1040	2612	142	0.8862	162.053
1619	3040	142	0.8748	-1.980
445	813	142	0.8891	-14.015
813	821	142	0.8536	-49.944
813	1619	142	0.8748	28.031
813	2551	142	0.8732	28.067
813	3161	142	0.8527	-5.954
821	1157	142	0.8307	21.912
1619	3161	142	0.8899	-33.985
445	3161	142	0.8957	-19.969
2551	2708	142	0.8704	-48.036
445	2708	142	0.8758	-33.984
821	2551	142	0.8836	78.011
1619	2551	142	0.893	0.036
445	1619	142	0.926	14.016
445	2551	142	0.9035	14.052
1278	1739	145	0.9084	31.950
1278	3272	145	0.9151	15.973
1278	3395	145	0.9069	104.907
1278	3446	145	0.8853	127.919
79	1278	145	0.8534	-104.906
531	1278	145	0.9069	-104.907
459	903	145	1.0	0.000
903	1127	145	0.9341	0.000
903	2710	145	0.8583	-15.972
903	3222	145	0.9274	-0.000
903	3446	145	0.87	-18.011
926	2710	145	0.8917	18.011
926	2837	145	0.9321	-23.016
926	3446	145	0.9259	15.972
2757	3272	145	0.84	25.049
3108	3272	145	0.904	113.981
3222	3272	145	0.8431	-129.957
3272	3359	145	0.8459	-98.003
3272	3395	145	0.9507	88.934
3272	3446	145	0.9233	111.947
1739	3272	145	0.9724	-15.977
79	3272	145	0.8901	-88.933
531	3272	145	0.9507	-88.934
2666	3395	145	0.8741	-15.974
2837	3395	145	0.9018	15.976
3222	3395	145	0.88	-41.023
3395	3446	145	0.9689	23.013
1739	3395	145	0.9484	72.957
79	3395	145	0.8879	0.001
531	3395	145	1.0	0.000
1127	3395	145	0.855	-41.023
1705	2666	145	0.9551	0.000
1705	3208	145	0.9301	-18.010
1705	3335	145	0.9509	23.016
1705	3408	145	0.9528	-72.954
327	1705	145	0.9498	-0.000
2666	3208	145	0.8829	-18.010
3033	3208	145	0.868	95.970
3208	3335	145	0.8921	41.026
3208	3408	145	0.9138	-54.943
327	3208	145	0.9152	-18.010
2710	2837	145	0.8455	-41.027
2710	3222	145	0.8999	15.972
459	2710	145	0.8583	-15.972
1127	2710	145	0.8917	-15.972
2757	3359	145	0.8924	-72.954
1739	2757	145	0.8817	-41.027
3108	3359	145	0.9408	15.978
1739	3108	145	0.8526	-129.958
79	2837	145	0.8367	-15.975
531	2837	145	0.9018	-15.976
1739	3359	145	0.8765	-113.980
459	1127	145	0.9341	0.000
531	1127	145	0.855	41.023
1127	3222	145	0.9579	-0.000
1127	3446	145	0.9016	-18.011
1739	3408	145	0.8343	15.978
1739	3446	145	0.9213	95.970
79	1739	145	0.8904	-72.956
531	1739	145	0.9484	-72.957
79	280	145	0.8316	-0.002
2666	3408	145	0.9455	-72.954
3033	3408	145	0.8388	41.027
3335	3408	145	0.9312	-95.970
327	3408	145	0.9297	-72.954
459	3222	145	0.9274	-0.000
459	3446	145	0.87	-18.011
2666	3238	145	0.8222	41.027
3238	3335	145	0.8886	-18.011
3238	3392	145	0.8913	-0.000
2666	3335	145	0.961	23.016
327	2666	145	0.9391	0.000
531	2666	145	0.8741	15.974
79	531	145	0.8879	0.001
531	3222	145	0.88	41.023
531	3446	145	0.9689	23.013
327	3033	145	0.822	-113.980
327	3335	145	0.9321	23.016
79	3222	145	0.8337	41.024
79	3446	145	0.8993	23.013
3222	3446	145	0.9355	-18.011
2809	2860	146	1.0	-0.001
1422	2694	147	0.9133	-39.011
1422	2803	147	0.872	-2.014
846	2630	148	0.9612	-8.040
2467	3207	149	0.9119	-15.995
861	3207	149	0.8828	-18.014
1160	3207	149	0.8828	-18.012
861	1160	149	1.0	-0.002
1821	2128	149	0.9052	-15.992
2128	2467	149	0.9221	-61.094
2035	2467	149	0.9234	39.009
2440	2467	149	0.8816	-15.999
175	2467	149	0.8846	-70.077
612	1413	153	0.8552	-14.016
1164	3342	155	0.7944	7.981
557	1246	157	0.7713	54.009
921	1246	157	0.8859	-26.015
2672	2853	161	0.8686	0.000
2672	3284	161	0.8731	0.000
2853	3284	161	0.936	0.000
1667	1817	162	0.9735	-0.000
1734	1817	162	0.9772	-0.000
1817	1843	162	0.9735	0.000
1817	2245	162	0.9624	0.000
1817	2643	162	0.9722	0.000
1817	2906	162	0.9457	0.000
1817	3083	162	0.9745	0.000
1817	3163	162	0.9049	-0.000
1817	3324	162	0.9658	0.000
691	1817	162	0.921	-0.000
2643	2906	162	0.9499	0.000
2643	3083	162	0.9666	0.000
2643	3163	162	0.9087	-0.000
2643	3324	162	0.9672	0.000
1667	2643	162	0.9635	-0.000
1734	2643	162	0.9665	-0.000
1843	2643	162	0.9635	-0.000
2245	2643	162	0.9662	-0.000
691	2643	162	0.9294	-0.000
2906	3324	162	0.945	0.000
3083	3324	162	0.9599	-0.000
3163	3324	162	0.8978	0.000
1667	3324	162	0.9602	0.000
1734	3324	162	0.96	0.000
1843	3324	162	0.9602	0.000
2245	3324	162	0.9574	-0.000
691	3324	162	0.9245	-0.000
2906	3083	162	0.9387	0.000
3083	3163	162	0.9066	-0.000
1667	3083	162	0.9821	0.000
1734	3083	162	0.9877	0.000
1843	3083	162	0.9821	0.000
2245	3083	162	0.9673	0.000
691	3083	162	0.9183	0.000
691	1667	162	0.9082	-0.000
691	1734	162	0.9198	-0.000
691	1843	162	0.9082	-0.000
691	2245	162	0.915	0.000
691	2906	162	0.9172	-0.000
691	3163	162	0.888	-0.000
1667	1734	162	0.9856	-0.000
1734	1843	162	0.9856	0.000
1734	2245	162	0.9648	0.000
1734	2906	162	0.9439	0.000
1734	3163	162	0.9101	-0.000
2906	3163	162	0.8997	-0.000
1667	2906	162	0.9452	-0.000
1843	2906	162	0.9452	-0.000
2245	2906	162	0.9467	-0.000
1667	1843	162	1.0	0.000
1843	2245	162	0.9586	0.000
1843	3163	162	0.9039	-0.000
1667	2245	162	0.9586	0.000
1667	3163	162	0.9039	-0.000
2245	3163	162	0.9046	-0.000
2622	2890	163	1.0	-0.000
2497	3520	164	0.8681	-0.001
248	2356	164	0.9066	0.000
248	3520	164	0.7887	-0.000
2356	3520	164	0.7837	-0.000
3386	3427	167	0.8941	0.001
1546	3386	167	0.7766	0.000
1546	3427	167	0.8373	0.001
2348	3121	170	1.0	0.000
22	1204	173	0.7802	-30.010
989	2934	174	0.8462	-17.930
2934	3002	174	0.9256	0.000
112	2934	174	0.9524	0.000
112	3002	174	0.9442	0.000
1151	2049	175	0.7763	-17.028
177	1049	176	0.9537	0.000
177	1094	176	0.8974	0.105
177	1575	176	0.979	0.084
177	1657	176	0.979	0.084
177	3300	176	0.9667	0.000
1049	1094	176	0.8582	0.105
1049	1575	176	0.9256	0.084
1049	1657	176	0.9256	0.084
1049	3300	176	0.8939	0.000
1575	1657	176	1.0	0.000
1657	3300	176	0.9807	-0.084
1094	1657	176	0.9173	-0.021
1094	1575	176	0.9173	-0.021
1094	3300	176	0.9001	-0.105
1575	3300	176	0.9807	-0.084
205	2274	177	1.0	0.000
1182	2789	179	0.8683	-32.026
3085	3122	181	0.8131	47.949
2028	2470	182	0.7947	-86.001
646	2470	182	0.7616	82.041
56	251	184	1.0	0.000
251	1194	184	0.9266	-14.015
251	1656	184	0.9275	42.049
251	2030	184	0.8952	147.163
251	2137	184	0.8749	82.115
251	2292	184	0.884	112.126
251	2591	184	0.8749	82.115
251	3479	184	0.8949	203.153
251	3482	184	0.9025	186.127
251	3524	184	0.8661	30.047
2615	3479	184	0.8986	-76.052
797	3387	184	0.8424	-44.026
2591	3479	184	0.9127	121.038
2864	3479	184	0.8701	129.115
3479	3482	184	0.9557	-17.026
1194	3479	184	0.8872	217.168
1474	3479	184	0.887	86.000
2137	3479	184	0.9127	121.038
2139	3479	184	0.8675	-59.026
56	3479	184	0.8949	203.153
1656	2292	184	0.9067	70.076
2030	2292	184	0.8561	-35.037
2292	3524	184	0.8673	-82.079
56	2292	184	0.884	112.126
797	2292	184	0.8474	90.047
2821	2864	184	0.8468	-56.063
2864	3482	184	0.8722	112.089
1656	3524	184	0.8958	-12.002
2030	3524	184	0.8495	-117.116
56	3524	184	0.8661	30.047
2821	3482	184	0.8661	56.026
56	1194	184	0.9266	-14.015
56	1656	184	0.9275	42.050
56	2030	184	0.8952	147.163
56	2137	184	0.8749	82.115
56	2591	184	0.8749	82.115
56	3482	184	0.9025	186.127
534	1474	184	0.9111	0.000
534	1792	184	0.8883	-18.011
534	2137	184	0.9073	-35.037
534	2139	184	0.8575	145.026
534	2455	184	0.8997	-35.037
534	2591	184	0.9073	-35.037
1194	2030	184	0.9072	161.178
1656	2030	184	0.8747	105.114
2455	2591	184	0.9146	-0.000
2591	3482	184	0.9145	104.012
1474	2591	184	0.9129	-35.037
1792	2591	184	0.8809	-17.027
2137	2591	184	1.0	0.000
2139	2591	184	0.9022	-180.063
1474	1792	184	0.8731	-18.011
1474	2137	184	0.9129	-35.037
1474	2139	184	0.8757	145.026
1474	2455	184	0.8864	-35.037
1474	3482	184	0.861	68.974
2137	2139	184	0.9022	180.063
2139	2455	184	0.8468	-180.063
1194	1656	184	0.8887	56.065
1194	3482	184	0.8939	200.142
2455	3482	184	0.8529	104.011
2137	3482	184	0.9145	104.012
1792	2137	184	0.8809	-17.027
2137	2455	184	0.9146	0.000
1792	2455	184	0.8608	-17.026
275	736	185	0.888	-62.016
1320	2600	186	0.9448	0.001
1320	3426	186	0.9541	0.000
2600	3426	186	0.9887	-0.001
446	1583	187	0.7718	27.995
1583	1901	187	0.7458	-86.001
1583	2074	187	0.7639	3.974
1385	1901	187	0.8715	-162.053
199	1029	188	0.7215	-220.179
199	3061	188	0.7043	-143.128
687	3338	190	0.8453	0.107
469	687	190	0.8054	90.024
49	1569	191	0.8524	-56.062
1080	1339	193	0.812	592.268
2895	3504	196	0.8297	0.000
1365	1752	201	0.7065	-73.053
1365	2235	201	0.8239	-42.011
1752	2235	201	0.8225	31.042
949	3542	202	0.8499	172.014
599	1578	202	1.0	0.001
949	1578	202	0.8532	172.015
599	949	202	0.8532	-172.014
1614	1934	205	1.0	0.000
765	1646	207	1.0	0.000
2007	3463	209	0.798	-2.015
1038	2007	209	0.798	2.015
1038	3463	209	1.0	-0.000
44	853	211	0.8974	100.125
71	1913	216	1.0	0.000
811	3533	218	0.9036	91.015
822	3469	220	0.8277	-0.156
1577	2081	221	0.8749	-0.001
1318	2734	222	0.7969	16.990
266	1318	222	0.7278	-16.990
266	2734	222	0.8014	0.000
1421	1744	224	0.8327	162.050
1421	1953	224	0.8224	162.052
734	756	224	0.8688	-0.001
1744	1953	224	0.9494	0.002
1744	2839	224	0.9029	0.002
227	1744	224	0.8837	359.138
540	1744	224	0.8424	162.049
734	1744	224	0.8264	2.013
227	1953	224	0.8586	359.140
227	2839	224	0.83	359.141
1953	2839	224	0.8922	0.000
540	1953	224	0.8334	162.051
365	1559	226	1.0	0.000
188	1333	229	0.7482	-14.014
558	2103	230	1.0	-0.000
750	2775	232	1.0	-0.004
411	1055	233	0.8289	42.010
781	1055	233	0.8598	42.011
966	1055	233	0.8469	-0.000
411	781	233	0.863	-0.001
781	966	233	0.9223	42.011
411	966	233	0.8339	42.010
864	3328	234	1.0	0.002
163	170	237	0.8685	42.046
163	2907	237	0.8715	-14.016
170	649	237	0.8687	-12.002
170	2907	237	0.8947	-56.062
555	649	237	0.8723	51.956
649	2907	237	0.8881	-44.060
555	2907	237	0.8444	7.895
234	2448	241	0.8648	-56.063
234	2054	241	0.8314	-161.034
1424	2015	242	0.8021	15.995
962	1420	242	0.8595	-0.000
962	1424	242	0.8034	34.057
962	1826	242	0.8084	-2.016
962	3123	242	0.815	-18.010
962	3374	242	0.8485	-18.011
3123	3374	242	0.8726	-0.000
1679	3442	245	0.7946	-27.268
1679	2988	245	0.7248	4.104
42	2267	247	1.0	-0.000
2421	2892	248	0.9692	14.052
1208	2892	248	0.9421	0.000
1209	2249	249	0.8672	45.058
2249	2250	249	0.942	-45.058
2249	2276	249	0.8318	-31.042
2249	3103	249	0.921	0.000
416	2249	249	0.9191	-0.000
425	2249	249	0.9626	0.000
416	425	249	0.9299	-0.000
425	1209	249	0.8599	-45.058
425	2250	249	0.93	-45.058
425	2276	249	0.8255	-31.042
425	3103	249	0.9255	0.000
1209	2276	249	0.7949	14.016
2250	2276	249	0.885	14.016
2276	3103	249	0.8289	31.042
416	1209	249	0.8406	-45.058
1209	2250	249	0.8725	0.000
1209	3546	249	0.815	-0.000
904	922	250	1.0	0.000
53	2170	251	0.9669	21.984
143	3503	253	0.8264	26.015
1116	3503	253	0.8385	42.011
1367	1869	253	0.9395	-179.080
1367	2817	253	0.9137	-17.026
1116	1367	253	0.9359	17.027
2655	2817	253	0.8506	-35.963
1116	2655	253	0.8612	35.964
143	1013	253	0.9255	-30.010
1013	1116	253	0.9462	14.015
1013	1356	253	0.831	55.990
1013	2817	253	0.9692	14.016
1013	3062	253	0.9009	-30.011
143	1116	253	0.9281	-15.995
1116	1869	253	0.9604	-162.053
1116	2817	253	0.9529	0.000
143	2817	253	0.9522	-15.995
1869	2817	253	0.9419	162.053
1356	2817	253	0.8255	-41.975
2308	2937	257	1.0	-0.000
3388	3470	258	0.9312	0.000
2187	3470	258	0.9068	14.015
760	2581	259	0.9056	-1.870
974	998	260	0.8938	-85.026
974	2344	260	0.8738	0.000
998	2344	260	0.8848	85.027
2344	2792	260	0.7234	63.083
1381	3129	261	1.0	-0.000
376	2345	262	1.0	-0.002
1266	2077	265	0.7934	-0.000
3086	3384	266	0.7257	0.000
603	1046	268	0.9256	0.000
1419	2407	272	1.0	0.001
3274	3548	273	0.7622	-223.107
674	3274	273	0.7764	-26.015
2767	3144	276	0.887	-46.005
533	2767	276	0.8414	18.011
533	3144	276	0.8999	-27.995
574	1158	277	1.0	0.001
1279	3306	278	1.0	-0.000
1105	1710	279	0.8528	162.053
2713	2995	281	0.935	-0.000
2980	2995	281	0.9565	-162.052
1390	2995	281	0.9361	17.027
1512	2995	281	0.9245	30.011
888	2995	281	0.8996	-132.042
888	1390	281	0.8917	-149.070
888	1512	281	0.9019	-162.053
888	2713	281	0.89	-132.042
888	2980	281	0.8737	30.010
1390	1512	281	0.9186	-12.984
1390	2713	281	0.9429	17.028
1390	2980	281	0.8875	179.080
2713	2980	281	0.9201	162.052
1820	2980	281	0.9332	14.015
1512	2713	281	0.8774	30.011
1543	2843	283	0.7046	14.016
1543	3008	283	0.8665	45.058
2151	2296	285	1.0	0.000
860	1126	290	0.8286	193.095
1126	2162	290	0.8939	-179.080
380	3401	291	0.9082	-106.042
1001	3385	294	0.9261	42.047
417	1001	294	0.9336	70.042
168	2851	295	1.0	-0.002
766	1938	296	0.8944	-180.063
766	3012	296	0.8887	-180.063
766	3054	296	0.8589	0.000
766	3154	296	0.862	-162.052
766	3310	296	0.862	-162.052
3012	3141	296	0.8177	2.016
1513	3141	296	1.0	-0.000
1938	3141	296	0.8176	2.015
3012	3054	296	0.8684	180.063
3054	3154	296	0.8527	-162.052
3054	3310	296	0.8527	-162.052
1938	3054	296	0.8842	180.063
1513	1938	296	0.8176	-2.016
1513	3012	296	0.8177	-2.016
3012	3310	296	0.9204	18.011
3154	3310	296	1.0	-0.000
1938	3310	296	0.9322	18.011
1938	3012	296	0.9388	-0.000
1938	3154	296	0.9322	18.011
3012	3154	296	0.9204	18.011
1865	2279	299	0.863	131.043
1140	1865	299	0.8923	39.011
1608	2204	301	0.955	-18.011
1698	2204	301	0.9224	104.024
1857	2204	301	0.9265	209.081
2204	2831	301	0.9224	-104.024
1698	2831	301	1.0	0.001
1406	1608	301	0.922	0.000
1467	2401	303	0.8805	-2.015
601	1467	303	0.8284	81.902
812	1463	306	1.0	0.001
2607	3309	307	0.8517	-28.031
3153	3309	307	0.8118	-30.047
2025	3309	307	0.7919	-30.047
2341	3309	307	0.761	-28.090
587	3309	307	0.7575	-44.026
1193	2341	307	0.7364	-1.030
1193	2607	307	0.7248	-1.089
1193	3153	307	0.7414	0.926
902	2341	307	0.7141	82.137
902	2607	307	0.7961	82.078
2607	3153	307	0.924	2.016
1640	3153	307	0.8091	24.000
2025	3153	307	0.9433	0.000
2164	3153	307	0.759	0.000
2341	3153	307	0.7634	1.956
587	3153	307	0.8253	-13.979
2025	2164	307	0.7496	0.000
2164	2607	307	0.7552	-2.016
587	2164	307	0.7373	-13.979
2025	2607	307	0.9008	-2.016
2341	2607	307	0.8579	-0.060
587	2607	307	0.8601	-15.995
1640	2025	307	0.8218	24.000
2025	2341	307	0.757	-1.956
587	2025	307	0.8327	-13.979
587	2341	307	0.7365	-15.935
1681	2304	310	0.824	-44.026
1681	3351	310	0.7366	-106.151
449	1681	310	0.8158	-56.063
1859	3351	310	0.7637	72.711
1104	3073	311	0.9593	56.935
1104	2766	311	0.961	-25.980
348	838	314	0.8648	0.128
838	2699	314	0.9622	-0.223
2130	2699	314	0.8091	0.994
2130	3294	314	0.8136	-13.017
348	2130	314	0.8839	-1.089
2699	3294	314	0.8629	-14.011
348	2699	314	0.8617	-0.095
1794	2639	315	1.0	0.000
2420	2594	318	0.7961	288.061
2546	2594	318	0.8155	0.000
1288	2594	318	0.8982	288.063
2328	2594	318	0.9608	-0.001
72	2594	318	0.8608	0.000
129	2594	318	0.7209	576.125
72	129	318	0.7587	-576.125
72	1288	318	0.8432	-288.063
72	2328	318	0.8775	0.001
72	2420	318	0.8238	-288.060
72	2546	318	0.8873	0.000
1288	2328	318	0.9022	288.064
1288	2420	318	0.8508	0.003
1288	2546	318	0.7984	288.063
129	1288	318	0.8036	288.062
129	2328	318	0.7412	576.127
129	2420	318	0.8128	288.065
129	2546	318	0.7043	576.125
2328	2420	318	0.8064	-288.062
2328	2546	318	0.8317	-0.001
2420	2546	318	0.8035	288.061
2877	3094	319	0.9071	14.016
2877	3098	319	0.9004	36.000
2893	3493	319	0.9509	-50.001
3098	3493	319	0.881	-98.000
2893	3098	319	0.9569	48.000
3094	3098	319	0.976	21.984
2147	3098	319	0.9158	2.016
2147	3094	319	0.9228	-19.968
720	3094	319	0.8996	-14.016
720	3124	319	0.9363	-0.000
2692	3094	319	0.91	0.997
2893	3094	319	0.9256	26.016
3094	3124	319	0.9292	14.016
2488	3046	321	0.9721	0.000
1555	3046	321	0.8773	104.011
2067	3046	321	0.8866	17.027
1487	1555	321	0.8308	179.079
1555	2067	321	0.9262	86.984
1555	2488	321	0.8755	104.011
1555	3015	321	0.9528	-17.027
1487	3015	321	0.825	162.052
2488	3015	321	0.8089	-121.037
2067	2488	321	0.8887	17.026
2067	3015	321	0.8989	-104.011
2756	3015	321	0.8209	307.194
2359	2987	324	0.8969	-41.027
2359	3059	324	0.8972	-18.011
2987	3488	324	0.952	-23.023
3059	3488	324	0.913	-46.039
1995	3488	324	1.0	-0.002
1995	2987	324	0.952	23.021
1995	3059	324	0.913	46.037
2987	3059	324	0.9564	23.016
569	1918	325	0.9332	14.018
810	2567	326	0.7979	-28.032
3347	3367	328	0.7713	13.979
701	3367	328	0.7498	-8.938
1706	3191	330	1.0	-0.000
1065	1860	334	0.7676	-3.229
1648	3461	335	0.8336	23.056
1404	3461	335	0.7225	-0.980
3313	3332	336	0.8951	-2.012
3025	3030	339	1.0	0.000
31	1358	340	1.0	-0.000
714	2744	342	0.7248	-56.028
1645	2464	345	0.8493	15.978
167	2464	345	0.7806	41.027
1060	1902	346	0.8232	83.036
875	1060	346	0.8395	40.031
3287	3311	348	0.745	21.984
3311	3498	348	0.7843	-0.000
1438	3311	348	0.8917	1.979
1909	3311	348	0.8209	0.000
320	3311	348	0.7057	1.979
3287	3498	348	0.7053	21.984
1438	3498	348	0.7558	1.979
1909	3498	348	0.805	-0.000
1438	1909	348	0.8091	1.979
1438	3287	348	0.7321	-20.005
320	1438	348	0.7399	0.000
1909	3287	348	0.7674	-21.984
320	1909	348	0.7648	1.979
925	2072	349	0.9321	0.000
29	583	351	0.734	-0.000
3422	3431	352	0.7672	-0.000
3422	3502	352	0.7125	-1.980
1271	3422	352	0.7229	8.953
3431	3502	352	0.7243	-1.979
350	655	354	0.9694	0.000
350	1363	354	1.0	-0.000
350	2791	354	0.8642	0.000
350	3456	354	0.9629	0.000
1806	2947	354	0.9595	-39.011
655	1363	354	0.9694	-0.000
655	2791	354	0.8663	-0.000
655	3456	354	0.9653	-0.000
2947	3456	354	0.8522	439.127
1363	2791	354	0.8642	0.000
1363	3456	354	0.9629	0.000
2791	3456	354	0.8937	-0.000
2018	2801	358	0.935	0.079
360	442	359	0.8771	-1.003
1280	2504	361	0.7935	15.994
536	2504	361	0.7669	16.030
536	1280	361	0.7919	0.035
2469	2900	362	0.9128	-162.054
1161	2618	363	0.824	-17.027
1299	1848	364	0.8735	-14.017
1504	2217	367	0.9534	0.000
1504	2248	367	1.0	-0.000
1504	3057	367	0.9375	-0.000
2217	2248	367	0.9534	-0.001
2248	3057	367	0.9375	0.000
1549	3057	367	0.9152	-44.026
2217	3057	367	0.9302	-0.001
1636	2283	369	0.839	-12.000
1861	3424	373	0.9409	-15.995
2351	3424	373	0.9184	-24.933
1861	2029	373	0.8822	-15.994
1861	2351	373	0.9228	8.938
924	2408	377	0.8765	-15.995
924	1912	377	0.898	-94.042
1999	3320	380	0.9127	0.002
2991	3095	382	0.9536	0.000
2991	3360	382	0.8499	2.016
1226	1506	383	0.7931	-0.001
1506	2904	383	0.9205	42.011
1226	2904	383	0.7494	42.011
737	2904	383	0.8378	-2.015
2404	3105	386	0.7814	23.040
1588	3112	387	0.7957	-24.001
2410	3508	387	0.7602	-95.057
3112	3508	387	0.7458	27.996
3265	3508	387	0.7648	-95.059
939	3508	387	0.7439	14.017
2410	3112	387	0.7146	-123.052
2410	3265	387	0.8952	0.002
184	1876	390	0.8435	0.008
139	2099	391	0.8684	-0.000
764	1073	393	0.8268	-17.027
330	870	394	1.0	0.000
704	1269	395	1.0	-0.003
1957	2808	398	0.8525	0.000
1369	1989	399	0.8686	298.252
1989	2001	399	0.8811	-18.010
1844	1989	399	0.8857	17.027
1989	3082	399	0.8705	0.000
207	1328	403	1.0	0.000
598	906	405	0.71	-48.036
598	2126	405	0.7482	-108.021
2158	2320	405	0.7486	14.052
2275	2320	405	0.8179	-27.995
1919	2275	405	0.7425	14.016
2123	2126	405	0.7829	-56.026
2123	2158	405	0.8162	-86.073
2126	2158	405	0.7612	-30.047
2158	2275	405	0.7706	42.047
2602	2657	410	0.8558	-172.014
1683	3183	412	0.7351	-3.084
759	2611	417	1.0	0.001
195	1245	420	0.8735	15.997
1244	2493	420	0.9278	15.995
1245	2493	420	0.932	162.052
1762	2071	422	0.8397	25.116
1014	1762	422	1.0	0.000
1014	2071	422	0.8397	25.116
2519	3418	423	1.0	0.000
1283	3080	424	0.9674	0.000
1409	1653	426	0.905	-0.106
154	1653	426	0.918	-0.000
929	1653	426	0.927	-0.106
154	929	426	0.9675	0.106
154	1409	426	0.8161	0.106
929	1409	426	0.8196	-0.000
1927	3125	429	0.9293	-0.000
2633	3432	430	1.0	0.001
1090	2418	431	0.9223	29.993
771	2741	433	1.0	0.000
1475	1498	436	0.9724	0.000
1475	2514	436	0.9607	0.000
1475	2589	436	0.9597	0.039
718	1475	436	0.978	0.000
718	1498	436	0.9873	0.000
718	2514	436	0.9822	0.000
718	2589	436	0.9693	0.039
2514	2589	436	0.9577	0.039
1498	2514	436	0.9785	0.000
1498	2589	436	0.9657	0.039
2057	3218	437	1.0	0.000
897	3478	438	0.8099	0.000
541	1174	439	0.8947	-162.053
1174	1514	439	0.8606	-168.105
1174	1729	439	0.9569	162.053
1514	1729	439	0.867	330.158
541	1206	439	0.9136	-28.031
541	1729	439	0.9271	0.000
541	1984	439	0.9125	-14.015
1206	1729	439	0.9342	28.031
1206	1984	439	0.9308	14.016
1729	1984	439	0.9597	-14.015
2941	2990	440	0.9287	-100.053
296	2941	440	0.9524	0.000
585	2941	440	1.0	0.000
296	585	440	0.9524	0.000
585	2990	440	0.9287	-100.053
1287	2222	450	0.9038	39.011
50	642	451	0.9821	0.003
412	642	451	0.9515	-47.999
642	1355	451	0.9358	26.015
642	2620	451	0.9525	26.015
1355	2620	451	0.976	0.000
50	1355	451	0.9422	26.018
412	1355	451	0.9342	-21.984
50	2620	451	0.9433	26.019
412	2620	451	0.932	-21.984
50	412	451	0.9533	48.003
1314	1862	453	0.9628	43.991
2780	3205	460	0.8362	104.026
399	1969	461	1.0	0.000
1932	2377	462	1.0	-0.000
791	2377	462	0.9323	40.033
791	1932	462	0.9323	40.033
2394	2397	465	0.962	0.001
2394	3017	465	0.7983	2.016
2394	3362	465	0.8071	2.016
1968	2394	465	0.9566	-0.001
2543	3017	465	0.8295	17.026
2543	3362	465	0.8328	17.026
2397	3017	465	0.8081	2.015
2397	3362	465	0.816	2.015
1968	2397	465	0.9813	0.000
1968	3017	465	0.8064	2.015
1968	3362	465	0.8147	2.015
3017	3362	465	0.9253	-0.000
2826	3173	467	0.8726	-0.000
1232	3045	470	0.7423	94.006
647	3045	470	0.8714	0.967
972	1307	471	1.0	0.000
1749	2691	474	0.8657	-39.011
2460	2691	474	0.8951	-2.016
1983	2460	474	0.9331	-39.011
1833	3156	485	0.9698	-0.000
1833	3246	485	0.9698	-0.000
3156	3246	485	1.0	-0.000
171	1937	486	0.9387	-162.053
1929	3337	488	0.8353	-17.027
325	2628	490	0.9105	41.026
742	2773	495	0.8015	-0.001
742	3174	495	0.759	0.001
2773	3174	495	0.8195	0.002
1479	3485	497	0.8371	0.146
769	1479	497	0.8371	-0.146
769	3485	497	1.0	0.000
1331	1481	499	1.0	0.000
1767	3297	500	0.8567	0.001
1767	3308	500	0.8981	0.000
1767	3484	500	0.7049	0.000
3297	3308	500	0.8807	-0.001
777	2243	508	1.0	0.000
1955	2626	511	0.7383	14.017
1414	2563	512	0.917	-27.018
1414	2621	512	0.9236	0.000
2563	2621	512	0.967	27.018
1243	1973	513	0.8388	28.031
1243	2841	513	0.8223	14.016
2149	2885	514	1.0	0.000
2441	2899	517	0.7007	0.000
2916	3126	518	0.9668	0.001
1317	2020	518	0.9037	-125.000
1317	2916	518	0.9318	-140.995
323	1317	518	0.9074	48.007
729	806	519	1.0	-0.001
2443	2616	521	0.7994	-220.132
2587	2616	521	0.8233	-132.080
2616	2999	521	0.8424	176.107
1678	2616	521	0.8345	-269.149
46	2616	521	0.8085	-252.122
490	2616	521	0.8845	-88.053
524	2616	521	0.8554	-264.158
2443	2587	521	0.8249	-88.052
2443	2999	521	0.8563	-44.025
1678	2443	521	0.8156	-49.016
46	2443	521	0.8589	-31.990
490	2443	521	0.8625	132.079
524	2443	521	0.8559	-44.026
2587	2999	521	0.8304	44.027
1678	2999	521	0.8435	-93.041
46	2999	521	0.8568	-76.015
490	2999	521	0.8936	88.055
524	2999	521	0.8657	-88.051
46	524	521	0.8714	12.036
490	524	521	0.8933	176.105
524	1678	521	0.8301	4.990
524	2587	521	0.846	-132.078
46	490	521	0.8597	-164.069
46	1678	521	0.8624	17.026
46	2587	521	0.8105	-120.042
1678	2587	521	0.7973	-137.069
490	1678	521	0.8612	181.096
490	2587	521	0.8694	44.027
90	2614	523	1.0	-0.000
1630	2415	525	1.0	-0.004
1558	2335	528	1.0	-0.000
602	3348	529	1.0	-0.001
1818	3545	531	0.8321	-14.016
466	2530	532	1.0	-0.001
20	2660	542	1.0	0.001
2925	3243	544	0.7955	26.016
2483	3201	548	1.0	0.000
758	1724	552	1.0	-0.000
1500	3142	554	0.896	15.995
3138	3257	560	1.0	-0.002
2774	2984	569	0.954	-27.996
1851	2984	569	0.9409	-42.011
2094	2984	569	0.9288	-42.011
99	2984	569	0.9409	-42.005
1405	1851	569	0.9345	1.060
1851	2094	569	0.973	-0.000
1851	2774	569	0.9706	-14.016
99	1851	569	1.0	0.006
2094	2774	569	0.9578	-14.015
99	2774	569	0.9706	-14.009
1405	2094	569	0.923	1.059
99	2094	569	0.973	0.006
99	1405	569	0.9345	-1.053
1933	3496	571	0.8575	-162.055
2556	3425	577	0.8248	21.984
239	2435	578	0.9153	15.997
440	1805	579	0.7297	-14.008
48	928	591	0.8746	-2.016
242	841	592	0.9137	-21.984
530	1233	593	0.859	19.505
530	1731	593	0.9563	0.000
1233	1731	593	0.8652	-19.505
2490	2518	596	0.8456	0.001
2490	2585	596	0.9654	-0.000
2490	3462	596	0.9615	0.000
27	2234	596	0.8571	-45.094
27	2238	596	0.977	-0.000
27	2518	596	0.9676	0.001
27	2585	596	0.9054	-0.000
27	2871	596	0.9751	0.000
2518	2585	596	0.9112	-0.001
2585	3462	596	0.9239	0.000
2238	2585	596	0.8412	-0.000
2518	2871	596	0.9382	-0.000
2238	2518	596	0.9472	0.001
2234	2238	596	0.8613	45.094
2234	2871	596	0.8613	45.095
2238	2871	596	0.9827	0.000
1981	2586	597	0.8641	-14.016
1753	2684	598	1.0	0.001
1880	1888	601	0.9023	-15.995
2961	3110	603	0.7059	15.996
160	2896	606	0.7336	2.016
217	3029	617	1.0	0.000
2783	3006	623	1.0	0.000
204	753	627	0.9211	0.000
753	2815	627	0.9192	-0.000
204	2815	627	0.9282	-0.000
452	2477	628	1.0	0.000
28	2623	631	1.0	-0.001
3016	3119	636	0.7763	329.168
243	2854	637	0.9244	-0.000
2251	2256	642	0.8923	-139.136
202	2256	642	0.8923	-139.136
202	2251	642	1.0	0.000
317	1950	643	0.9293	-0.000
317	2889	643	0.8044	35.037
1950	2889	643	0.8285	35.037
827	3519	645	1.0	0.000
2399	2645	649	1.0	0.001
735	2645	649	0.7441	-15.993
735	2399	649	0.7441	-15.993
321	2976	651	0.7492	15.973
2959	3215	654	0.824	-57.021
108	208	655	1.0	0.001
1322	1387	656	1.0	-0.000
1540	2552	657	1.0	0.001
2724	3245	660	1.0	-0.000
1759	3245	660	0.8494	18.010
1759	2724	660	0.8494	18.010
724	1802	662	0.7271	3.996
858	3240	663	0.7031	-2.016
450	519	669	0.9429	287.152
983	2210	676	0.7549	-14.017
2346	3052	677	0.9202	66.011
1478	2659	685	1.0	-0.000
1708	2659	685	0.7978	-56.063
1478	1708	685	0.7978	56.063
2566	2693	686	1.0	-0.000
728	2172	687	0.8495	-92.024
336	728	687	0.8343	125.082
548	2178	689	0.9039	0.000
1066	2178	689	0.9642	0.000
548	1066	689	0.9217	0.000
1853	3152	691	0.847	-14.012
344	562	695	0.8728	18.010
385	1176	696	1.0	0.000
2088	2403	698	0.8688	30.012
2088	3327	698	0.8869	-14.016
261	2088	698	0.9562	-0.000
702	2088	698	1.0	-0.000
930	2403	698	0.9198	-15.994
930	3552	698	1.0	-0.000
2403	3552	698	0.9198	15.994
261	2403	698	0.8751	30.012
326	2403	698	0.8798	15.001
702	2403	698	0.8688	30.012
1083	2403	698	0.916	14.016
326	1083	698	0.8912	0.985
261	3327	698	0.9199	-14.016
702	3327	698	0.8869	-14.016
261	702	698	0.9562	0.000
2174	2306	699	0.9292	-82.041
52	1923	708	0.8403	-230.204
1437	2068	709	0.9088	-0.002
2340	3402	720	1.0	-0.000
2373	2770	725	1.0	0.000
1136	3227	732	0.8981	-0.000
889	933	736	0.9008	-0.001
933	2163	736	0.9008	-0.000
889	2163	736	1.0	-0.001
1760	2574	743	0.848	62.182
1388	1593	745	0.9078	2.016
958	1605	749	0.892	2.016
1162	1310	750	0.7087	-0.001
2847	3346	751	0.8408	-31.042
625	2044	753	0.7703	21.984
1782	1871	754	0.887	18.011
1782	3007	754	0.8726	-170.094
2604	3487	755	1.0	-0.001
93	579	758	0.7845	209.090
93	775	758	0.9153	17.027
579	775	758	0.7907	-192.063
191	2286	767	0.8707	-39.010
1602	2031	768	1.0	0.000
278	2313	774	1.0	-0.000
2358	3099	777	0.9053	-15.993
1858	3363	783	0.8987	-15.995
2392	2451	787	0.7419	-18.009
2807	2844	788	0.9407	-15.995
2844	3349	788	0.9551	15.994
455	2807	788	0.9335	0.000
455	3349	788	0.9015	-0.001
25	2717	788	0.9104	-0.001
25	2807	788	0.9236	338.100
25	3349	788	0.9294	338.099
2717	2807	788	0.9217	338.101
2807	3349	788	0.9653	-0.001
2717	3349	788	0.9416	338.100
2084	2262	789	0.9059	14.016
2232	2262	789	0.7071	31.042
2090	2232	789	0.7791	14.016
2973	3224	792	1.0	0.000
549	2112	812	1.0	0.000
920	1714	813	0.8141	-120.116
1781	3278	815	1.0	0.000
662	2080	826	1.0	0.001
1822	3076	828	0.8319	2.013
1676	2917	830	1.0	-0.000
447	689	831	1.0	0.001
3220	3550	839	0.7257	0.000
884	3447	846	0.9113	23.016
2050	3226	849	0.7488	36.045
2731	2751	855	1.0	0.000
1210	3189	858	0.7114	17.003
2383	3189	858	0.7434	-32.027
643	3189	858	0.7682	0.000
1451	2383	858	0.7348	-2.016
1202	2042	880	0.8833	-39.011
667	1939	890	1.0	-0.000
1533	1837	898	0.878	-0.000
1837	2212	898	0.9051	0.000
1533	2212	898	0.8794	0.000
295	1426	901	0.7969	-0.000
588	1294	913	0.924	-0.000
514	1047	921	1.0	0.002
2124	3291	923	1.0	0.001
1167	1260	926	1.0	-0.000
300	402	930	0.8946	96.056
1376	1518	940	0.8593	39.011
1247	1349	946	0.8356	-2.004
1949	3131	986	0.9048	0.001
407	590	989	1.0	-0.000
448	1764	1013	1.0	0.000
1458	2500	1014	0.7937	250.229
1295	3001	1025	1.0	0.001
