	sample_Biscutella laevigata_control_NA_vs_sample_Biscutella laevigata_treatment_distal_fold_change_log2	sample_Biscutella laevigata_control_NA_vs_sample_Biscutella laevigata_treatment_distal_p_value	sample_Biscutella laevigata_control_NA_vs_sample_Biscutella laevigata_treatment_proximal_fold_change_log2	sample_Biscutella laevigata_control_NA_vs_sample_Biscutella laevigata_treatment_proximal_p_value	sample_Biscutella laevigata_treatment_distal_vs_sample_Biscutella laevigata_treatment_proximal_fold_change_log2	sample_Biscutella laevigata_treatment_distal_vs_sample_Biscutella laevigata_treatment_proximal_p_value
hypoxanthine	-0.171140015654774	0.992334100776056	2.14679768569522	0.0257001958339383	2.31793770134999	0.0224168373353485
metolachlor morpholinone	4.55494414157754	0.999129631516663	9.47686187707957	0.46669759462972	4.92191773550203	0.486760247239857
naptalam	0.330404712344961	0.983835138855035	0.477365276338337	0.962995466883116	0.146960563993376	0.995527982989707
8-amino-7-oxononanoic acid	-0.243440549076493	0.329691520431409	-0.31857677254202	0.193940261713411	-0.0751362234655272	0.903899569778956
ACar 18:0	-2.21753076002222	0.445914790074068	0.683514764563284	0.601938972265371	2.9010455245855	0.131489539940744
Niflumic acid	1.13114427310778	0.938019558975693	1.95355474980383	0.701515493393609	0.822410476696046	0.881145212020249
phenylethanolamine	-0.28487625288614	0.988065725357223	1.83572390407964	0.16610036017128	2.12060015696578	0.137601520028806
SPB 17:1;2O	-0.0115055406783309	0.978674256119461	0.109709344686931	0.200268653513482	0.121214885365261	0.1558025780886
8-(methylsulfinyl)octylamine	6.16376523983305	0.533157220176941	5.38213655839298	0.799450287643906	-0.781628681440076	0.883718916388494
gamma-L-Glutamyl-L-methionine sulfoxide	-0.338762814076903	0.902193955278197	0.00468786261411453	0.999974662430402	0.343450676691018	0.899340136136547
Elaidolinolenic acid	-0.0177082984559021	0.992279010784533	0.178261555589518	0.455536841864292	0.19596985404542	0.39961692671748
4-guanidinobutanoic acid	-2.86393168628396	0.149098142186399	-2.23046501145468	0.190604121934409	0.633466674829281	0.979660793621916
9,12,15-octadecatrienal	-0.0254011717606741	0.985091549001051	0.223696480133568	0.320382343144318	0.249097651894242	0.262347253398284
3-alpha-Mannobiose	-0.844028332857861	0.137744864095383	-1.49526500712218	0.0376942472024084	-0.651236674264324	0.583987926309415
PyroGlu-Pro	0.760870897954982	0.886381025086113	0.87216432419865	0.84287975988979	0.111293426243667	0.99530039913452
gamma-L-Glutamyl-L-valine	0.786747607682825	0.889257981655133	2.39098173873793	0.0764040628103313	1.60423413105511	0.138253616868347
N-(decanoyl)ethanolamine	-0.0270699404524687	0.888062677254168	-0.0382545713720835	0.793948550055866	-0.0111846309196148	0.980126732735462
Leonuriside A	-0.0171024417949763	0.999916629229192	-0.335988026296834	0.974530735237966	-0.318885584501858	0.977295090418683
12,13-EpOME(9)	0.999659512702509	0.746146218129151	0.274947633733755	0.986532307063721	-0.724711878968754	0.830149626945693
gamma-glutamylalanine	3.18296957508659	0.343154165948766	4.66834615343597	0.00856820892201615	1.48537657834938	0.0483909232051609
diethyl phthalate	-0.0668112378658731	0.62807240019294	-0.0771121480631059	0.548420799585869	-0.0103009101972329	0.988726783656387
gabapentin	-0.409528160992494	0.384879555432649	-0.107323903462009	0.910753203019886	0.302204257530485	0.594646494071657
1-cyano-8-(methylsulfinyl)octane	0.215912779492302	0.987161673710285	1.30303439492389	0.401706355907202	1.08712161543158	0.475065990124199
Oxytetracycline Impurity A	-0.788464573488327	0.746626640787567	-0.425284552420403	0.895060203907583	0.363180021067923	0.953865952088848
3,4-dimethoxycinnamyl acetate	1.91046405467904	0.551822290681029	1.75745925166513	0.635225095108488	-0.153004803013911	0.987711043744577
9-(methylsulfinyl)nonanoic acid	3.35202399157278	0.35918739264097	3.56955299971703	0.260289247022624	0.217529008144248	0.961154692909489
N6-Methylagmatine	0.75591326236204	0.848348341455049	0.235700761821471	0.988848214790127	-0.520212500540568	0.91231861138977
8-(methylsulfinyl)octyl isothiocyanate	4.17608782694948	0.508650427409628	2.87859560467054	0.90172951017364	-1.29749222227895	0.751704498957732
3-hydroxy-2-[[1-[2-[(4-hydroxybenzoyl)amino]-3-methylbutanoyl]pyrrolidine-2-carbonyl]amino]benzoic acid	12.1082611411235	0.671375271970307	12.0869066857921	0.678725270693023	-0.0213544553314476	0.999907805866231
7,9-dihydro-1H-purine-2,6,8(3H)-trione	1.46072501644219	0.999906123823569	8.18593956146402	0.157313111730894	6.72521454502183	0.159948023354981
Ethyl octynecarboxylate	2.12330822092946	0.612902360580696	0.366999258148832	0.996042110463075	-1.75630896278063	0.660907114789395
pentahomomethionine S-oxide	0.694739157679463	0.912688783818551	0.686119176366744	0.915232704633751	-0.00861998131271874	0.999977451569997
tyrosine	-1.24400466612018	0.473783923890913	0.0680659213205023	0.994074245149682	1.31207058744068	0.423275588884917
(x)-1,2-Propanediol 1-O-b-D-glucopyranoside	-0.14064599123509	0.989629135122657	-0.497643913380202	0.903714625817306	-0.356997922145111	0.953635725891311
Bu-2545	9.56342256056477	0.485605173541001	7.90197392411738	0.922841624911797	-1.66144863644738	0.697008693691735
5-oxoproline	-0.0804413246229619	0.997363848429891	0.08159325469649	0.996966215855978	0.162034579319452	0.988738370106309
Tris(1-aziridinyl)phosphine oxide	-1.63690204673027	0.623160448688807	-1.84206788522458	0.589185434448928	-0.205165838494312	0.997976305929981
2-[3-(4-Hydroxy-3,5-dimethoxyphenyl)prop-2-enoyloxy]butanedioic acid	0.268520372299576	0.917872954102209	0.274814982446596	0.913842014374323	0.00629461014701971	0.999942348848356
(R)-Pantothenic acid 4'-O-b-D-glucoside	-0.628373170332857	0.746520987383472	-0.859076836574379	0.632194608847151	-0.230703666241522	0.977796879865839
3-(4-hydroxy-3-methoxyphenyl)prop-2-enoic acid	-0.892874866167202	0.559082789005076	-0.00598904837111368	0.99994815337551	0.886885817796088	0.564387051230215
(2E)-11-hydroxyundec-2-enoic acid	-1.02497970370538	0.69281704739767	-2.03366362854646	0.469214367404515	-1.00868392484107	0.913070873813526
2,4,6-triallyloxy-1,3,5-triazine	-0.174798745535219	0.916047330834411	-0.399827996007005	0.687047146847401	-0.225029250471786	0.89599826415911
glutamic acid	0.0802523368547985	0.982037161022081	-0.0177825093817843	0.999166573327057	-0.0980348462365828	0.973671092053126
Pyrronamycin A	-0.518692388592465	0.657495639792811	-0.498570805059803	0.674179900345317	0.0201215835326621	0.999524970265521
N-[4-[(4,6-dimethyl-2-pyrimidinyl)sulfamoyl]phenyl]-2-phenyl-4-quinolinecarboxamide	-1.42712970507582	0.443273632632796	-0.788478097889522	0.674593774225963	0.638651607186301	0.904657086821297
3-(4-hydroxyphenyl)lactic acid	0.0825410910029986	0.99642925396691	1.79954429495801	0.033635405679558	1.71700320395501	0.0370447129918645
Thaumatin b, recombinant	-0.0588063774593395	0.998612330574413	-1.0419453660211	0.801182934225888	-0.983138988561757	0.827269891140332
3-[4-(diethylsulfamoyl)phenyl]-N-[4-(4-morpholinyl)phenyl]-2-propenamide	-2.39524784226021	0.46157658381698	-0.701930495487474	0.82395626847606	1.69331734677274	0.791636327893433
3-Methyl-2-[[2,3,4-trihydroxy-5-(hydroxymethyl)oxolan-2-yl]methylamino]pentanoic acid	-0.916993345069143	0.653102639168109	-1.01143117053426	0.61629413319652	-0.0944378254651142	0.997669260404014
h-gamma-Glu-leu-oh	-0.00382435308200889	0.999993495004413	2.04050210696173	0.0160047096580864	2.04432646004373	0.0159439235715461
Methyl 3,4,5-trihydroxycyclohexene-1-carboxylate	0.908233122994066	0.824041396189538	-0.201638528743486	0.995584057759595	-1.10987165173755	0.776628563311939
methionine	0.906627825448765	0.672224274162792	0.997791388799177	0.602772047102635	0.0911635633504124	0.99173054196166
12-aminododecanoic acid	0.0811290768998641	0.971034058249341	-0.618691046417012	0.400613722904193	-0.699820123316876	0.305890966620854
4-(aminomethyl)-1-cyclohexanecarboxylic acid	0.0529078703224815	0.983474846077777	-0.0380105297780265	0.991945867770033	-0.0909184001005083	0.9534366267816
N-[4-cyano-5-methyl-2-oxo-3-(trifluoromethyl)-1H-pyrrol-3-yl]cyclopropanecarboxamide	2.98132523241703	0.241999855992641	3.02625907826832	0.222956092680438	0.0449338458512954	0.997610257994043
docosanedioic acid	1.8205169683083	0.64311883508628	0.697812501356249	0.971786803172509	-1.12270446695205	0.771602433743775
sinapic acid	2.03474749901108	0.683931709487936	1.06858551861616	0.95076923457408	-0.966161980394913	0.848364733981232
vanillic acid	-0.0407736103329918	0.999628252304455	0.344435391346801	0.965980473715304	0.385209001679793	0.958792280170929
3-Hydroxy-alpha-methyl-DL-tyrosine	-0.0963056096496128	0.996917039258528	0.493757825424919	0.886164784350965	0.590063435074532	0.851290413514131
Lexithromycin	0.318828238666928	0.842564385580765	-0.151735873105182	0.971796294584334	-0.470564111772109	0.720049464342209
tris	-1.51412863366588	0.13635649893563	-1.30887639257727	0.173073630431243	0.205252241088609	0.980922994185007
caramiphen	4.42996684566877	0.998128086736725	8.92184940776306	0.410937870353942	4.49188256209429	0.438318321599132
Phenylethyl primeveroside	-0.538829012513015	0.578621208452226	-0.059338659234967	0.990009804425205	0.479490353278048	0.654524749638064
N-(5-chloro-2-methoxyphenyl)-2,4-dimethyl-5-oxazolecarboxamide	-1.32031065555283	0.646480530501532	-0.864547334583687	0.775283746714835	0.45576332096914	0.971586374886544
Suberylglycine	-6.88092519752326	0.109234234300253	-5.76446359808977	0.112696655423778	1.11646159943349	0.999670242713081
trans-EKODE-(E)-Ib	1.51051734704825	0.668260162694262	1.45549156809495	0.697258618794439	-0.0550257789533016	0.998564304710609
kynurenine	-3.05100512332792	0.157860774902017	-3.62736893538235	0.139402973714264	-0.576363812054434	0.994773602963846
octopamine	0.144741175714643	0.978661326938256	1.29947579200398	0.0749018869442677	1.15473461628934	0.0962770694397879
imidurea	-0.710871849475906	0.549388604947326	-1.0090389296511	0.389687740126487	-0.29816708017519	0.944975903133789
4-Carboxyphenylglycine	-1.84350314787242	0.125678993224708	-1.25811891827903	0.222869072850145	0.585384229593391	0.895475514335692
N2,N2-Dimethylguanosine (incomplete stereochemisrty)	-1.50176402685093	0.949357338459569	1.85158190870361	0.473086150698932	3.35334593555455	0.334361603114295
N-hexadecanoylglycine	0.0461575591868479	0.985882245522308	0.261527170185878	0.61306725829806	0.215369610999031	0.704197331771679
LSM-32492	-3.11348834652489	0.523010369166195	-1.05942269869174	0.786022330139399	2.05406564783315	0.886422225964631
1-Palmitoyl-2-hydroxy-sn-glycero-3-PE	-1.66248695523448	0.0603351908391955	0.402040441346338	0.412197980161726	2.06452739658082	0.0122301924980677
(E)-2-(indol-3-yl)-1-thioacetohydroximic acid	2.89023616243343	0.999992326942218	11.0557740086051	0.476227707024326	8.16553784617171	0.478112152512744
trans-Zeatin-O-glucoside riboside	-0.70823647821589	0.848759807571135	-0.8102499837944	0.818765827913794	-0.10201350557851	0.998045574349401
(8E)-2-Amino-8-octadecene-1,3,4-triol	-0.135299618558239	0.950237932659915	0.32002411336262	0.68961397148068	0.455323731920859	0.519710250293772
pantothenic acid	0.0905885581199015	0.993057015542302	-0.100035739989576	0.992583168270556	-0.190624298109477	0.971699054856285
2'3'-dihydrosorbicillin	0.325522256668034	0.538680942238764	0.50231707436756	0.235964164266	0.176794817699526	0.760524160202432
quinolin-6-ol	-1.49989736588571	0.315135692326722	-2.09257572400859	0.219510433234626	-0.592678358122878	0.95345609532756
(S)-5'-Deoxy-5'-(methylsulfinyl)adenosine	-4.61491317908823	0.123742918420436	-5.00140552242089	0.120086679919613	-0.38649234333266	0.999695869099152
Enniatin-B2	3.48453474245044	0.999309418031673	8.60146137230498	0.423665385322261	5.11692662985454	0.440484401235807
11(Z),14(Z)-Eicosadienoic acid	0	1	8.29185230900508	0.0727957496100265	8.29185230900508	0.0727957496100264
Caryoptosidic acid	-0.607824486841733	0.892578216200285	-0.666499518572452	0.877052390624116	-0.0586750317307193	0.999329810756449
hexaethylene glycol	0.0106233852147128	0.999745652464993	0.437251781157995	0.587341589376588	0.426628395943282	0.599311869318949
monoethyl phthalate	0.0463503922194769	0.868421676521158	-0.0158126082392108	0.984060094578346	-0.0621630004586875	0.781557262985035
5-hydroxymethylfurfural	-0.278192455340106	0.947673684306755	-0.58624538352704	0.826705089540836	-0.308052928186934	0.956953858482712
2-[[2-(3,5-dimethyl-1-pyrazolyl)-6,6-dimethyl-5,8-dihydropyrano[2,3]thieno[2,4-b]pyrimidin-4-yl]thio]-N-(2-thiazolyl)acetamide	5.41586414927721	0.337896974965028	5.35565172742812	0.364340633010387	-0.0602124218490894	0.997702907118602
benzododecinium	-0.216154905373831	0.74427296958313	-0.0940322583777256	0.938729354273782	0.122122646996105	0.912665757381101
L-cis-Cyclo(aspartylphenylalanyl)	-0.267622017354238	0.959901056423668	-0.0279394426084497	0.999471307871474	0.239682574745788	0.968287348368973
1-monopalmitoylglycerol	0.19330256529465	0.829955470776274	0.216855754827336	0.789415649400653	0.0235531895326854	0.996691249089847
N-Carboxyacetyl-D-phenylalanine	-1.0079178885953	0.43345605730082	-0.89329743189296	0.486976835731617	0.114620456702339	0.993555350783407
L-N-(1H-Indol-3-ylacetyl)aspartic acid	-0.125401532946006	0.994440235156715	0.142300581322496	0.991397281617056	0.267702114268502	0.972392025340134
octadecanamide	0.142144383970907	0.28959085359871	0.160412841628998	0.218888596167751	0.0182684576580908	0.972088451006736
arginine	0.90039065071446	0.845202978973463	1.99194412435165	0.21189997146439	1.09155347363719	0.414489165275839
pipecolic acid	0.436598862950269	0.948336880410286	0.284554182803677	0.979900583213766	-0.152044680146592	0.992186436455313
N-Acetyl-proline	0.00335463499387189	0.999988720665899	1.07145237484174	0.161522843636223	1.06809773984786	0.162454918449903
3'-Hydroxy-HT2 toxin	-0.353479902678033	0.870784997744287	-1.12360360667431	0.463874122808678	-0.770123703996281	0.741795279780181
N-undecanoylglycine	0.376345587355844	0.885746109500582	-1.16585966907911	0.670445485899316	-1.54220525643495	0.418927317974796
2-(3,4-dihydroxyphenyl)-5,7-dihydroxy-3-[[3,4,5-trihydroxy-6-[(3,4,5-trihydroxy-6-methyl-2-oxanyl)oxymethyl]-2-oxanyl]oxy]-1-benzopyran-4-one	6.27903099697056	0.756369652839036	6.87784199364675	0.543465142713776	0.598810996676189	0.924477684994854
kaempferol	-0.338856058597589	0.973399091549142	-0.223067169766682	0.987421579805785	0.115788888830907	0.997306268377642
L-Glutathione (reduced)	8.80621883843918	0.484768226174448	6.17449162970807	0.979395488546018	-2.63172720873111	0.588939072143304
2,3-dihydroxybenzoic acid	-0.258201880555945	0.935381089181203	-0.328722288779664	0.902448730248923	-0.0705204082237185	0.996007074062949
salicyluric acid	-1.69110039395329	0.0963148079199774	0.248216305657677	0.776499631252541	1.93931669961097	0.0406368679855228
Quercetin 3-rutinoside 7-galactoside	-5.04192598367787	0.137441384395689	-4.14450745963154	0.14860698861511	0.897418524046334	0.997936235291923
alanyl-leucine	1.50732125813019	0.659582166762416	1.15506660952902	0.825457171446652	-0.352254648601176	0.951674580301898
N-acetyl-3,5,11,18-tetrahydroxyoctadecyl-2-amine	1.42708246863801	0.724914454792151	0.265539210704385	0.995147152429125	-1.16154325793363	0.776971923148302
4-hydroxystyrene	1.46705337668666	0.805010861289366	2.70046947826793	0.194913045451264	1.23341610158127	0.420186222115421
Pyrronamycin B	-0.657553438977093	0.720637032577451	-1.17549440467494	0.491647170826467	-0.517940965697842	0.911089499112341
syringic acid	-2.17342347030303	0.404268972847744	-0.776380796060876	0.749245075377666	1.39704267424216	0.801572441335021
Myxochlin C	-0.576502866196623	0.951194528798275	0.0170681172194046	0.999934129532299	0.593570983416028	0.947731811631606
Propionylcholine	0.913371958924071	0.763801883640503	1.35274421345625	0.465663797591059	0.439372254532176	0.85364135922749
glutamine	-0.438945507006996	0.76710291463214	-0.146029836149755	0.963540903099201	0.292915670857241	0.896591434818287
N-acetyltyramine	-0.318253444042789	0.763978566672953	0.330265862120768	0.643277218156693	0.648519306163556	0.299487621837239
N,N-bis(2-hydroxyethyl)dodecanamide	-0.0878279691587195	0.0664583944276685	-0.0716032547419127	0.127178542960199	0.0162247144168068	0.868638043228704
N-(octadecanoyl)ethanolamine	-1.50523299556334	0.561532950887944	0.836098825112044	0.443373697379977	2.34133182067538	0.1189890029873
stearolic acid	1.61069135715512	0.653327268486076	0.24358850211212	0.996334058386403	-1.367102855043	0.699699789465818
linoelaidic acid	1.59422633970707	0.543037916619896	0.136615122799123	0.998359045995016	-1.45761121690795	0.572808778017677
Acetyl tributyl citrate	2.1951263093958	0.545439676809853	0.506748961784598	0.990745799249948	-1.6883773476112	0.617308564396921
carnitinium	0.190155777705753	0.990009631568843	0.935510345315963	0.674262403270661	0.74535456761021	0.750408324491691
agmatine	2.0428532621738	0.663214761533428	1.86929443754298	0.738909169227178	-0.173558824630812	0.990187599371285
guanine	1.08962314940468	0.70925970468684	1.04150646412868	0.737563686094894	-0.0481166852760046	0.998605447440946
atrazine	-0.142430084466515	0.989276165749055	-1.15141994933822	0.706170106461953	-1.0089898648717	0.783891683278758
2-(Octylthio)ethanol	-2.28460070084127	0.471898193748897	-1.87882783908531	0.525969154734917	0.405772861755958	0.994000583815476
2-{[3,4-dihydroxy-2,5-bis(hydroxymethyl)oxolan-2-yl]oxy}-6-(hydroxymethyl)oxane-3,4,5-triol	-1.07994202444705	0.0722822269100607	-1.63481035644188	0.0274511068528581	-0.554868331994825	0.71973672525443
Ethyl 4-(methylthio)butyrate	-0.369959151688766	0.897470908732459	0.130192187032631	0.981034149487381	0.500151338721396	0.807802030402336
Leucyl-leucine	3.93760898706862	0.489858461108989	2.2179435667412	0.949246714520087	-1.71966542032742	0.65882598650574
N-acetyldopamine	-0.334811213092811	0.941256876541434	0.311079269817101	0.921797698876933	0.645890482909913	0.7612906461156
phosphocholine	-1.57002074189955	0.144738092716447	-0.12940259093035	0.955639866869918	1.4406181509692	0.208518833338553
indole-3-carboxylic acid	-0.143171128395364	0.991236001768519	0.0589460428875038	0.998284013317624	0.202117171282868	0.981905724050093
tryptophan	-0.48951658130116	0.947498213719548	-0.756156619433762	0.898165426121452	-0.266640038132601	0.990562467361364
3-hydroxykynurenine	-2.68404100325558	0.17264363074296	-3.01144472575172	0.156320451302319	-0.327403722496139	0.99664331554825
[3-carboxy-2-(1-oxohexadecoxy)propyl]-trimethylammonium	-0.967677471829723	0.936917952667542	1.59106126253054	0.387962414900201	2.55873873436026	0.257219193854346
Vanillic acid glucoside	-0.530704521638651	0.898589276310837	-0.314087950542961	0.95726259469848	0.21661657109569	0.985680137886665
3-(indol-3-yl)lactic acid	-0.44916855502354	0.95284233974361	-0.688744791278967	0.908055208597421	-0.239576236255426	0.991501417166832
1-amino-11,15-dimethylheptadeca-2,4,5,13,14-pentol	0.458288028013887	0.839476374946479	0.294770156533912	0.936560469848241	-0.163517871479976	0.972560110374706
9,10-epoxy-12-octadecenoic acid	1.78441141548281	0.645117512265206	0.0934693482180061	0.99964559734227	-1.69094206726481	0.659512325271726
Lupeoside	-0.844290408424626	0.466354952419814	-1.19062150858121	0.317977708073548	-0.346331100156588	0.939809596532661
indole-3-carbaldehyde	-0.865545291246116	0.314826276991173	-1.00555246789006	0.252916619273259	-0.140007176643939	0.982281604414747
choline hydrogen sulfate	0.0198851901717106	0.999882724053928	-2.01784352320403	0.721545297169265	-2.03772871337574	0.713320231408255
benzoxonium chloride	7.77250958672485	0.475750357568059	5.22086584730469	0.976851356402769	-2.55164373942016	0.585639986138166
1-cyano-8-(methylsulfinyl)heptane	4.29682502558097	0.521412226135242	4.1593229454976	0.581165755272934	-0.13750208008337	0.993338050822555
palmitoyl ethanolamide	0.0898848035066245	0.976130187286378	0.176265601257712	0.907110355303186	0.0863807977510872	0.975108182177672
N-(docosanoyl)ethanolamine	-0.0440721282544606	0.997678772660049	0.64973422621783	0.481158093417715	0.693806354472291	0.448860673673381
N-myristoylglycine	0.0211473967764613	0.991816385597849	0.114624502987502	0.780918235115285	0.0934771062110404	0.844397762829414
nicotinic acid	0.39185042613261	0.8314323912535	0.113815242349351	0.986930616060579	-0.278035183783259	0.903291779196778
2-oxo-1,2-dihydroquinoline-4-carboxylic acid	-3.14848652931399	0.295338465702475	-1.71632028999109	0.446000955388604	1.4321662393229	0.932717035407202
N,N,N-Trimethyllysine	0.627386250531093	0.879127986598062	0.128496039618403	0.996158544366243	-0.49889021091269	0.914715246816752
margaroylglycine	-0.0692820159918429	0.996660282714681	-0.422404117745442	0.908034482448612	-0.353122101753599	0.937557657582401
11-octadecynoic acid	-0.0157340825541361	0.930024048056133	0.109141634812048	0.0849461055373065	0.124875717366184	0.0537568669828095
2-amino-4-({1-[(carboxymethyl)-C-hydroxycarbonimidoyl]-2-[(3-oxo-1-phenylpropyl)sulfanyl]ethyl}-C-hydroxycarbonimidoyl)butanoic acid	-0.621941086761857	0.721003181163503	-0.363989360722049	0.871912127734455	0.257951726039808	0.955687299231123
2-O-alpha-D-Galactopyranosyl-1-deoxynojirimycin	-2.1703113674982	0.555246364744985	-1.36288891787191	0.685932372552822	0.807422449626291	0.97067801456366
hexahomomethionine	2.57053546998752	0.650356797746226	3.30445347739391	0.298247050409828	0.733918007406391	0.75519808913568
SPB 16:1;2O	0.0499656955704766	0.758799745263612	0.145801139142349	0.152241102710551	0.0958354435718728	0.371376872285428
trans-10-heptadecenoic acid	2.14494760010945	0.601587487413777	0.231109907653816	0.998571227120215	-1.91383769245563	0.630240103578487
N-(indole-3-acetyl)valine	8.65743322505354	0.623054232146723	8.31892861737193	0.737587531821993	-0.338504607681612	0.977761789615541
6-Deoxohomodolichosterone	0.27112701431739	0.959391511507722	0.095019840859429	0.995486510976507	-0.176107173457961	0.981451854894315
3-(3,4-dimethoxyphenyl)prop-2-enoic acid	1.1375092585051	0.950017281897856	2.24950445157978	0.626801135366649	1.11199519307468	0.798052406117749
9,12-Octadecadienal	-0.0920709100439226	0.384225272530195	0.0540549595345738	0.66875670742876	0.146125869578496	0.128933752408498
nicotinamide	-0.227203141876395	0.944491219717701	-1.09099668971712	0.50698712551532	-0.863793547840726	0.685981659520132
N-(3-Hydroxy-1-oxohexadecyl)-glycine	1.20176854624962	0.752184518694846	1.96292153635146	0.30042133878612	0.761152990101844	0.65687439677322
salicylic acid	-1.53547480470018	0.248022981100681	-1.65191499716062	0.226402707812444	-0.116440192460441	0.997030089591252
1-hydroxy-7-(hydroxymethyl)-1,4a,5,7a-tetrahydrocyclopenta[c]pyran-4-carboxylic acid methyl ester	-0.0147875428174025	0.999886807894196	-0.389308473774488	0.941519395412873	-0.374520930957086	0.946273505082026
N-Acetyl-ornithine	2.13638748445247	0.769474644709913	3.14865390756243	0.303488813407696	1.01226642310996	0.643852237375798
4,4'-Thiobis-2-butanone	1.46230980871475	0.999818599602903	7.07979411230593	0.404239677434682	5.61748430359118	0.412538170795997
[6-[3,4-Dihydroxy-2,5-bis(hydroxymethyl)oxolan-2-yl]oxy-3,4,5-trihydroxyoxan-2-yl]methyl 3-(4-hydroxy-3,5-dimethoxyphenyl)prop-2-enoate	3.9546372138554	0.57812074479201	2.80628020293544	0.903772491394593	-1.14835701091996	0.818387453855093
Pentacosanoylglycine	0.133565528315225	0.98269433468208	0.757334094914718	0.460858447669479	0.623768566599493	0.553690863165079
9,10-dihydroxyoctadecanoic acid	0.826420584292717	0.869689652006167	0.707246061392177	0.910100937021684	-0.119174522900539	0.995287152068361
hydroxytyrosol	1.26388345942994	0.699229403473373	2.22923194635279	0.152166719277791	0.965348486922853	0.41864681263644
2-amino-4-({1-[(carboxymethyl)-C-hydroxycarbonimidoyl]-2-[(1-hydroxy-3-oxo-1-phenylpropan-2-yl)sulfanyl]ethyl}-C-hydroxycarbonimidoyl)butanoic acid	0	1	10.0986098116394	0.482727279503212	10.0986098116394	0.482727279503212
hexopyranose	-0.149942089882308	0.988698772291524	-0.485750235494773	0.91030532627984	-0.335808145612465	0.960163108767007
(Z)-9-Cycloheptadecen-1-one	0.107109304347518	0.507224780270375	-0.0669560951607478	0.776279623887609	-0.174065399508266	0.227159662447852
4-coumaric acid	4.91690406282382	0.662951487121546	6.13769580488223	0.164426422677537	1.22079174205841	0.479310943030554
p-Mentha-1,3,5,8-tetraene	-0.953068636802497	0.544807861639222	-0.784426958865401	0.626023768044617	0.168641677937095	0.988246276840979
1-Oleoylglycerophosphoserine	-3.27007712127158	0.515217954811399	-1.63167271578434	0.672481662423225	1.63840440548724	0.95683603825359
5,7alpha-Dihydro-1,4,4,7a-tetramethyl-4H-indene	0.47597048644461	0.857319783184549	-0.126906271345092	0.992698451197778	-0.602876757789702	0.798792070678676
N-malonyltryptophan	-0.331428009302448	0.929533310862343	-0.0543369573821215	0.997604027013448	0.277091051920327	0.95187183791182
AB-74	-0.662772448754209	0.475728490286365	-0.666416958041123	0.473030698902173	-0.00364450928691431	0.999984167189888
Spongouridin	3.28797969161948	0.592524529418073	2.34276107412465	0.88591872918149	-0.945218617494833	0.85224702705369
histidine	-0.396934787364988	0.881922497496709	0.457985914311703	0.744951835371141	0.854920701676692	0.478940154155669
5,7-dihydroxy-2-(4-hydroxyphenyl)-4-oxo-4H-1-benzopyran-3-yl 6-O-(6-deoxyhexopyranosyl)hexopyranoside	-0.204363304551296	0.988853050882573	-0.551049567043543	0.93783751635103	-0.346686262492246	0.978195391570762
9H-xanthine	-1.44095157097459	0.944048653216713	3.30278579967527	0.00916912355648414	4.74373737064987	0.00658982692777843
caffeic acid	2.73430850035394	0.525648840494808	3.40641066997433	0.208110411179673	0.672102169620394	0.718012862223949
suberic acid	-2.44375245660698	0.224592010591856	-1.23097447849394	0.435056115498201	1.21277797811304	0.846540788885693
Avocadyne 4-acetate	-2.27357402364692	0.000464136252453451	-3.8340298845329	0.000190722131796495	-1.56045586088598	0.40009014490087
1-(2-Hydroxyphenylamino)-1-deoxy-beta-D-gentiobioside 1,2-carbamate	-3.5398727386529	0.389627522459716	-3.57493157888796	0.388210002698486	-0.035058840235063	0.999994329046771
1,8,15,22-Tetraazacyclooctacosane-2,9,16,23-tetrone	0	1	1.21860730963824	0.482727279503212	1.21860730963824	0.482727279503212
Methyl 4-(diaminomethylideneamino)butanoate	-1.30705823348567	0.0112033728108856	-0.964042273647709	0.0272444628997006	0.343015959837957	0.719337291213911
9-(methylsulfinyl)nonamide	0.801894972950623	0.97085722614383	2.41291459705886	0.421035036945269	1.61101962410824	0.538135248032794
gamma-Hydroxy-3-pyridinebutanoate	1.18707926146647	0.989607804093697	3.53318641367627	0.526196926580735	2.3461071522098	0.601551201721755
Lucuminamide	3.97019683184923	0.941753478255036	5.76204998231888	0.493360734758402	1.79185315046965	0.675706483634203
1-(4-chlorophenyl)-4,4-dimethyl-3-(1H-1,2,4-triazol-1-ylmethyl)pentan-3-ol	-0.525252469479134	0.838354229857176	-0.755402934756979	0.735282015487217	-0.230150465277845	0.979790354413018
cinnamic acid	0.516054946851716	0.874207531852396	0.747691016161454	0.722969210547613	0.231636069309738	0.955243220200497
sinapyl alcohol	0.827856965773951	0.797530585774263	0.811744825935718	0.806314646514565	-0.016112139838233	0.999847822676829
N-acetylputrescine	2.48595622763021	0.635929041417657	2.43513665474365	0.658451428021639	-0.0508195728865586	0.999131289050881
2-hydroxy-4-(methylthio)butanoic acid	0.913661811263597	0.645162819233587	1.03724874709384	0.546894355184635	0.123586935830246	0.983011776473334
octadec-17-ynoic acid	0.109632251245845	0.657230310613939	0.100043184132973	0.703746701810292	-0.00958906711287182	0.996309710325046
1,3-Cyclohexanedicarboxylic acid	-1.52715391489432	0.175335493944443	-1.36638497152369	0.206618394041531	0.160768943370631	0.990740287166076
juglone	-1.02768263585175	0.830911569876846	-0.140821445116425	0.993655729102088	0.886861190735329	0.882428039060718
Cycloate	1.55665471053811	0.761992807703212	2.17912901708399	0.442257698409362	0.622474306545882	0.831624278095517
N-(tetradecanoyl)ethanolamine	-0.00526181131586682	0.996047392831922	0.0139034045625827	0.972479641792266	0.0191652158784496	0.948751148226826
3,3'-diindolylmethane	8.41466042523298	0.918203991232001	10.0087042257157	0.496005657795219	1.59404380048271	0.715290889166314
N-acetyltryptophan	0.787801272100072	0.969733013138765	2.22991613721906	0.4939392655506	1.44211486511899	0.622532698384618
1-O-Tetradecylglycerol	0.872099733335663	0.958069525857024	1.9605020420055	0.617855597194005	1.08840230866984	0.775237500531261
2-Amino-1,3,4-octadecanetriol	-0.36278887450432	0.844581127801983	0.970055658835338	0.112720811064263	1.33284453333966	0.0554971171430878
Goshonoside F6	2.94193194188644	0.329215857783711	0.790695676715011	0.98406462090619	-2.15123626517143	0.401129501469885
N-methylnicotinic acid	-0.22488331634089	0.96719691456782	-0.230834570157234	0.965614009615783	-0.00595125381634464	0.999980021769212
bosutinib	-2.451443196435	0.403335132782278	-3.47392078230923	0.3362663607639	-1.02247758587423	0.986389207390983
isoacetovanillone	0.26167331228298	0.985231327225284	0.28863694912823	0.981724767406003	0.0269636368452504	0.999807082684578
[(5-oxo-1,7-diphenylheptan-2-yl)oxy]sulfonic acid	-0.570529978689219	0.811934376460795	-1.137608659272	0.578313550892434	-0.567078680582781	0.909028416239684
simetryn	3.10550252963752	0.570745182103401	2.98852994339428	0.622796361805376	-0.116972586243249	0.995214979006894
adenine	4.05954149837634	0.504346629491748	2.36956120571917	0.947406983864072	-1.68998029265717	0.678029209812883
3,4-Methylenesebacic acid	1.23807804787921	0.723754497484415	0.350517425661652	0.986125827181631	-0.887560622217554	0.810765984512283
4-acetamidobutanoic acid	-1.04101149054682	0.45130009305339	-0.967148210451805	0.48320305751884	0.0738632800950129	0.997748007338878
HDMBOA-Glc	-1.89087706634306	0.399320032670289	-3.00831193228298	0.288101948111391	-1.11743486593992	0.958487543577179
5-Methoxytryptophol	7.66802243198963	0.962967815073747	9.85082585247816	0.497316078654601	2.18280342048853	0.640785368268301
Leucyl-Valine	3.06207858492949	0.539512334627849	1.87080079850174	0.91538443301889	-1.19127778642776	0.765298697243889
Glutaminyl-Phenylalanine	-0.258984840466417	0.905465698478819	0.271690308068455	0.855240528880298	0.530675148534872	0.621552820248477
N-(2-methoxyethyl)-4-[4-(2-methoxyethylsulfamoyl)phenyl]benzenesulfonamide	7.27415415034363	0.491005480557369	5.20470107884359	0.957431289751606	-2.06945307150003	0.64488309781012
Tricosanoylglycine	0.104135596139449	0.985090219041531	0.860749992107673	0.247211580154751	0.756614395968224	0.302429646176946
bis(2-ethylhexyl) adipate	0.0443298869782233	0.948477402211239	0.196095806167911	0.375779953995613	0.151765919189688	0.526488238668649
1-[2-(3,4-dimethoxyphenyl)ethyl]-2-imino-10-methyl-5-oxo-N-(2-oxolanylmethyl)-3-dipyrido[3,4-c:1',2'-f]pyrimidinecarboxamide	-2.27407397647578	0.34418219727472	-3.06279622459982	0.281708759748932	-0.788722248124037	0.984660196106546
phenylalanine	-0.637242813369981	0.941628666605796	1.79382684502543	0.132741364061184	2.43106965839542	0.0869502682841681
methometon	1.0159122372557	0.723249135402657	0.579624902078303	0.923946547821672	-0.4362873351774	0.913993034583381
N-(2-oxolanylmethyl)-2-[7-oxo-3-(phenylmethyl)-6-triazolo[4,5-d]pyrimidinyl]acetamide	4.55950311347604	0.642394315288519	4.42590282164283	0.69123419568228	-0.133600291833214	0.995934596805905
salicylic acid-2-O-glucoside	-1.13237541839598	0.239637227382468	-1.15620363020815	0.232280864155153	-0.0238282118121705	0.999652676413931
n-Dimethylarginine	-0.272436376775661	0.932260503035811	-0.219600141795682	0.95369599216008	0.0528362349799789	0.997716801180348
Usf-19a	2.46075899086651	0.643931828605339	1.41552791311004	0.937653052888811	-1.04523107775647	0.833084067732801
6-{[6-(3,4-dihydroxy-6-methyl-5-oxooxan-2-yl)-7-hydroxy-2-(4-hydroxy-3-methoxyphenyl)-4-oxo-4H-chromen-5-yl]oxy}-3,4,5-trihydroxyoxane-2-carboxylic acid	5.6216960390862	0.56216274794554	6.09077818274652	0.357085663421345	0.46908214366032	0.908177067882597
2-Methoxy-3-methylpyrazine	0.015738398941011	0.999805223320663	1.2111113307301	0.139763445591125	1.19537293178909	0.143156157028378
2-propylpiperidine	3.3224467200679	0.194573109445066	3.04054001934511	0.315846421772452	-0.281906700722796	0.919450173224663
2-methyl-3-(3,7,11,15-tetramethylhexadec-2-enyl)naphthalene-1,4-dione	0.667254906757962	0.832213283094931	0.418471934334612	0.940420221377511	-0.24878297242335	0.966105960558624
1-(ethylamino)-3-[3-(ethylamino)-2-hydroxypropoxy]-2-propanol	0.681105818706945	0.959044343115445	2.42142150103308	0.193951360238652	1.74031568232613	0.273508605893942
LSM-1313	-0.991714022424486	0.647876387221993	-1.80209051028913	0.434840776242404	-0.810376487864645	0.916554243786834
1-(1-b-Glucopyranosyl)-1H-indole-3-carbaldehyde	-2.63434040232321	0.271207177130447	-3.21814107630841	0.236742667878323	-0.583800673985199	0.993322436940507
1-isothiocyanato-9-(methylsulfinyl)nonane	2.18158737129922	0.637359958745172	1.75031161002351	0.810642455550592	-0.431275761275708	0.948360483626706
3-hydroxydodecanedioic acid	0	1	4.40528566991674	0.217071499536679	4.40528566991674	0.21707149953668
Dicyclohexylamine	-0.226021766149534	0.689488894539732	-0.495873245353899	0.279717858530421	-0.269851479204364	0.686678704284301
Gallicynoic acid F	1.8378360515482	0.621819992110513	0.192228325313983	0.998420704760705	-1.64560772623421	0.652131323805494
Gamma-Aminobutyryl-lysine	-1.39381446522579	0.546283362934987	-0.0827557216307951	0.994579478185251	1.311058743595	0.600996228764254
propafenone	6.25187260813205	0.998395082066479	10.7744413185934	0.466720827178313	4.52256871046134	0.49408801031085
Pentadecanoyl-EA	0.0681994554744451	0.360559108813579	0.0664217553493962	0.377429888073771	-0.00177770012504894	0.999132528215194
5-chloro-1-[(2-chlorophenyl)methyl]-3-methyl-4-pyrazolecarboxylic acid [2-[(5-methyl-3-isoxazolyl)amino]-2-oxoethyl] ester	-2.58298211074139	0.247452234266627	-1.70495124850301	0.355975581707265	0.878030862238383	0.951274884035453
Podocarpiamide	-1.171492914393	0.36975283348916	-1.6491751167168	0.249047157061139	-0.477682202323796	0.942332630856339
N-Linoleoyl Glutamine	-1.50217057101422	0.98410537983981	2.31415955450763	0.576595864437904	3.81633012552185	0.48563129623631
leucopterin (keto form)	2.34094476562159	0.999988260734047	10.4355437941933	0.327252656902849	8.09459902857175	0.329044662297658
scopoletin	0.71807816460617	0.946308274156004	1.49764194861545	0.660618060195969	0.779563784009281	0.834936009185174
xanthurenic acid	-1.34610851681347	0.269884633005694	-1.91655211150852	0.170680372611861	-0.570443594695055	0.929502575520383
N-tridecanoylglycine	0.501272327241386	0.78776563869199	-1.00451367869864	0.710698447560198	-1.50578600594003	0.36289741273687
Bussealin A	1.61427839604156	0.315622176888159	1.42782317248747	0.439258169795285	-0.186455223554089	0.955572075231659
32-methyltetratriacontan-1-ol	-0.401425925787634	0.0200663121814822	-0.245649230805248	0.105468544565315	0.155776694982386	0.414889200671516
N-acetylhistidine	0.734763209150079	0.739976397123962	0.172368629735645	0.988505855906126	-0.562394579414433	0.818307212046243
N-acetylphenylalanine	-0.140271404536284	0.998634565729325	2.93763445346791	0.0270449694052107	3.0779058580042	0.0255190364018753
palmitelaidic acid	0.01071208518912	0.991515318525504	0.0148691936648244	0.983691737729846	0.00415710847570444	0.998702669439612
dopamine	3.64183119674358	0.96053632560182	6.45963960760211	0.180001130579422	2.81780841085853	0.252776099175739
2-aminohexanoic acid	-0.358613250135038	0.967468874307237	1.3096985196295	0.297400778223495	1.66831176976454	0.219867584990659
DL-alanyl-DL-phenylalanine	4.52605151810046	0.553860577976095	3.51810774727875	0.866071917130664	-1.00794377082171	0.839060065761201
asparagine	0.227964839025589	0.987903637699606	1.50424967317723	0.317507545895438	1.27628483415164	0.377815132864218
Tetrakis(2-hydroxypropyl)ethylenediamine	0.502499773424391	0.837969155201841	-0.593882253554093	0.889457653647484	-1.09638202697848	0.580893358685198
(-)-11-Hydroxy-9,15,16-trioxooctadecanoic acid	0.0283798120407173	0.79115218010015	-0.0234256129029106	0.855489299549944	-0.0518054249436279	0.493111676964345
9-(methylsulfanyl)nonanal oxime	0.546188851039524	0.957271821981289	0.756776697307427	0.907396860785409	0.210587846267903	0.989140181629625
Bn-NCC-1	-1.55531369464206	0.512300025302878	-1.61776548538453	0.499000014458385	-0.0624517907424695	0.999641323577238
sildenafil	-1.62189662078378	0.505886385419065	-1.61812082870051	0.506662732465479	0.00377579208327001	0.999998779284965
N-acetylhexosamine	0.215486125890708	0.95522310952064	-0.166963002447491	0.97905088846877	-0.382449128338199	0.880515963724325
glycyl-DL-phenylalanine	5.19845783836365	0.554599116702382	4.48708386360655	0.797698046743412	-0.711373974757101	0.902345990582266
(R)-1-O-[b-D-Glucopyranosyl-(1->6)-b-D-glucopyranoside]-1,3-octanediol	-1.94343922051355	0.557042517670579	-2.26864844988207	0.515822706255634	-0.325209229368516	0.996750071761813
hexadecanamide	0.0142043475131618	0.956650333529121	0.0622308444438541	0.461077280101269	0.0480264969306925	0.612857959467073
hexadecanedioic acid	1.28186944572494	0.667682677343669	0.0134868547708075	0.999981351716677	-1.26838259095414	0.670988421437076
6-{[5-(p-nitrophenoxy)-5-oxopentanoyl]amino}hexanoic acid	2.3278858083256	0.605763942681853	0.729917621588796	0.985473243028641	-1.5979681867368	0.698148711478889
Harderoporphyrin	7.96501446722225	0.771148079490406	8.47847864723541	0.601527030394229	0.513464180013164	0.951569559597568
LSM-1330	0	1	3.41275102992216	0.482727279503212	3.41275102992216	0.482727279503212
methylparaben	-1.78820894903632	0.440416099779596	-1.1239361704927	0.604610456725627	0.66427277854362	0.94813471827636
N-[(3-methyl-2-thiophenyl)methylideneamino]-2-thiophenecarboxamide	-0.225518085653761	0.968555632249298	-1.04265956721518	0.683659322476062	-0.817141481561417	0.816574043855079
citric acid	1.9753851062332	0.599484903277979	1.23746271379116	0.889131747188676	-0.737922392442043	0.854763870434057
4-hydroxybenzaldehyde	1.72000926674193	0.700051870808122	3.24177585474554	0.0506219888040882	1.52176658800362	0.14429277438293
1-(benzenesulfonyl)-4-(2,3-dihydro-1,4-benzodioxin-6-ylsulfonyl)piperazine	1.41019137866513	0.794852752415136	0.983233546308386	0.921459187730629	-0.426957832356749	0.960772650477947
triazoxide	-1.4295671387881	0.451017885913134	-1.59482151440886	0.411956780918821	-0.165254375620754	0.996272476438899
3-Methyl-1-phenyl-1-butanone	-3.17176422820402	0.128615417378083	-3.94361246686321	0.110357963030999	-0.771848238659184	0.992112503217162
8-Hydroxy-9,10-epoxystearic acid	1.74547833506396	0.643656544308132	0.859493577343196	0.945144777185439	-0.885984757720763	0.821547509933087
allyl diphosphate	-0.412425503561364	0.765966695755959	-0.277713203211606	0.873477916705098	0.134712300349758	0.975973624712347
3-hydroxy-2-phenylpropanoic acid (8-methyl-8-azabicyclo[3.2.1]octan-3-yl) ester	3.47961970270003	0.966332595774615	5.85325399517243	0.399332262256479	2.3736342924724	0.52237012154649
Phenethyl rutinoside	0.0977408959273908	0.996317484113006	-0.0463983201610478	0.999247798470311	-0.144139216088439	0.992262598899862
N-(5-{[(5-tert-butyl-1,3-oxazol-2-yl)methyl]sulfanyl}-1,3-thiazol-2-yl)piperidine-4-carboxamide	-0.515559414119252	0.999999302959077	8.65930229036867	0.351659871730715	9.17486170448793	0.351199076428845
5,7-dihydroxy-2-(4-hydroxyphenyl)-6-[3,4,5-trihydroxy-6-(hydroxymethyl)tetrahydro-2H-pyran-2-yl]-8-(3,4,5-trihydroxytetrahydro-2H-pyran-2-yl)-4H-chromen-4-one	0	1	6.56151823958238	0.000624692751173828	6.56151823958238	0.000624692751173828
[4-[hydroxy(diphenyl)methyl]-1-piperidinyl]-[4-[hydroxy(diphenyl)methyl]-1-triazolyl]methanone	1.5158820113286	0.707172361795343	-1.22475067464119	0.96598069543285	-2.74063268596979	0.565677278240423
N(8)-acetylspermidine	1.62805312060158	0.792310012844905	1.50729104875713	0.83326696967372	-0.120762071844448	0.996593139591216
N-(2-aminoethyl)butane-1,4-diamine	4.03365787243991	0.569692246491052	3.29930158071823	0.820085578920721	-0.734356291721677	0.895924778831302
4-[ethyl-(phenylmethyl)sulfamoyl]-N-(5-methyl-1,3,4-oxadiazol-2-yl)benzamide	1.72270358048967	0.546966140060871	0.394642095205786	0.987570981487424	-1.32806148528389	0.630644251919575
2-hydroxyphenylalanine	0.149436407210317	0.991678783063174	0.447992176938044	0.912378654783068	0.298555769727727	0.955680950307582
quercetin	5.90302650816236	0.786487207752508	6.68762706475	0.511490184656785	0.784600556587642	0.876198341052142
N-[2-(1-cyclohexenyl)ethyl]-1-[cyclopropyl(oxo)methyl]-2,3-dihydroindole-5-sulfonamide	7.56934823012641	0.905622810845526	9.01915908222402	0.509853103408866	1.44981085209761	0.74778669189987
4'-O-Methyldavidioside	-1.21978593306939	0.479687894190687	-1.93178571745486	0.319187199218642	-0.711999784385474	0.931594100197182
Triethylene glycol monobutyl ether	-0.365531236978748	0.872233886514259	0.224277315893554	0.924982515416569	0.589808552872302	0.66995179580524
beta-D-Ribofuranose, 1-(6-amino-9H-purin-9-yl)-1-deoxy-5-S-methyl-5-thio-	-0.386877397841268	0.534201596185502	0.170834587821052	0.824323475817726	0.55771198566232	0.270645391151069
pisoniamide	5.73761103866838	0.997048895783883	9.80332652698943	0.470789482904691	4.06571548832105	0.508302973093191
N-Acetyldjenkolic acid	0.527632529199707	0.958078181632553	0.916337192270807	0.844336401642994	0.388704663071099	0.957301156206827
L-DOPA 3'-glucoside	3.73424173454857	0.868678370222255	4.77554274831838	0.550141174213739	1.04130101376981	0.832831149589689
2-amino-1,3,4-tetradecanetriol	1.62905454998189	0.698297390816708	1.13315491212541	0.885460977602461	-0.495899637856483	0.932611281266855
6'-Apiosyllotaustralin	1.63288600336207	0.315593452584686	1.21070993678549	0.602651006936085	-0.42217606657658	0.825579418227921
2-aminooctadecane-1,3-diol	0.201793388047676	0.855246337759527	0.986427168890292	0.0287320067350342	0.784633780842615	0.0551870310967892
methyl 3,4-dihydroxybenzoate	-0.0466033542333693	0.999514110374556	0.173017257805854	0.99223136613767	0.219620612039224	0.987907161129361
heptacosan-1-ol	-0.93967422070152	0.109755721957097	-0.697967876531509	0.203499732704636	0.24170634417001	0.880677354274927
2-methoxy-N-(4-methylphenyl)-4-(methylthio)benzamide	2.3299403206495	0.620711102194181	1.65973714268233	0.864814415150218	-0.670203177967167	0.896396497872861
10-undecynoic acid	0.590224493788433	0.978721342440212	1.93839466522257	0.543492376999797	1.34817017143414	0.653694694969278
N-stearoyl dopamine	0.523551467258436	0.970443443063433	1.48598246543673	0.624372439675855	0.962430998178291	0.756409304798135
3-(3,4-dimethoxyphenyl)-2-methyl-N-[2-(4-morpholinyl)ethyl]-1-oxo-3,4-dihydroisoquinoline-4-carboxamide	-1.14186942801927	0.66251760562949	-1.73707230831074	0.523438829648665	-0.595202880291468	0.966091167545094
5-Hydroxyvalproic acid	-4.69199791197084	0.481535759368458	-4.92462133148364	0.477809971845747	-0.232623419512794	0.999970185121039
Triethyl citrate	-0.306028206639688	0.845590356391653	-0.206028148638538	0.920799999443368	0.10000005800115	0.984241483285197
1-isothiocyanato-6-(methylsulfinyl)hexane	3.3573328779316	0.548051315661029	2.70889178719452	0.794441131442895	-0.648441090737082	0.899846816861181
acetylagmatine	1.24999633572918	0.754664829973794	0.493633164905107	0.974555045083866	-0.756363170824072	0.86683642270345
2-Amino-2-Deoxy-Hexose	-0.610559830684614	0.823208614278642	-0.397116799210488	0.908256715503175	0.213443031474126	0.981797783520186
thiamine(1+) triphosphate	3.32672639676468	0.641735968815438	3.70792857868036	0.472361696796875	0.381202181915686	0.947852411986575
N'-[5-(3,4-dimethylanilino)-1H-1,2,4-triazol-3-yl]-N-hydroxymethanimidamide	-1.40741016648072	0.917013837828687	1.53192584785108	0.488903537515073	2.9393360143318	0.311446751342318
4-Hydroxybenzyl isothiocyanate 4''-acetylrhamnoside	-0.784510611237959	0.822708512956125	-1.05949917612052	0.744528075217526	-0.274988564882564	0.988445888980754
N-[4-[2-ethyl-4-(3-methylphenyl)-5-thiazolyl]-2-pyridinyl]benzamide	0	1	10.2968624529741	0.482727279503212	10.2968624529741	0.482727279503212
Palmitoylputrescine	0.438277685737255	0.886254058778892	1.44706883454535	0.131762633202334	1.0087911488081	0.23959549243718
bis(2-ethylhexyl) phthalate	0.641816048081866	0.606272685034135	0.571526557511689	0.68086404781466	-0.0702894905701767	0.990488952636782
Cholestane-3,7,12,25-tetrol	1.64776334081344	0.678201279822329	0.447819717772754	0.988009251207385	-1.19994362304069	0.761427501994598
molinate	3.38571943740336	0.55904191075994	3.15161874559394	0.659202537068817	-0.234100691809423	0.982555484904204
2-amino-4-hydroxy-6-methylpyrimidine	5.5190859022329	0.495725760772219	3.36121337690312	0.966844601529923	-2.15787252532978	0.630862375979362
Nocarsin A	-0.509622297119507	0.660477042440826	-0.291703912242506	0.848777847836287	0.217918384877001	0.936806863718804
Docosanamide	0.0957634176588923	0.98307169996602	0.462292773317755	0.620361733349791	0.366529355658863	0.720243419909837
gamma-glutamylphenylalanine	-0.458201084966398	0.994328698498102	3.61878255169157	0.013227076216683	4.07698363665797	0.0118551479140678
Keioside	-2.45947708496962	0.178048688836645	-2.01836046642045	0.218914285783284	0.441116618549178	0.985317487929197
2-(6-aminopurin-9-yl)-5-(hydroxymethyl)oxolane-3,4-diol	2.2151197228775	0.63006365095866	1.56212899518328	0.869037598927151	-0.652990727694228	0.899614765245863
N-purin-6-oyl-epsilon-aminocaproic acid	-1.07499228673681	0.356217746294241	-1.27285736194484	0.289898563513395	-0.197865075208037	0.983589336413532
mitoxantrone	-2.60270860406906	0.179204934420837	-2.07564729692394	0.224453184992849	0.527061307145124	0.982562789190233
1-isothiocyanato-7-(methylsulfinyl)heptane	5.32389160293637	0.501060494661791	3.70888693385818	0.9290478376031	-1.61500466907819	0.704620366089392
N-acetyl-2,4,10,17-tetrahydroxyheptadecylamine	1.84386549217279	0.647396714330344	0.132397730518838	0.999354482516024	-1.71146776165395	0.666835311598295
tetrahomomethionine	8.5585280792045	0.483962930849825	4.62729458587596	0.996730992386282	-3.93123349332855	0.524069426788016
3-(2-methyl-1H-indol-3-yl)-1-pyridin-4-yl-2-propen-1-one	6.650986819526	0.953664899513747	8.65309166918157	0.501196027732807	2.00210484965558	0.663244906101322
hexahomomethionine S-oxide	0.428289664343663	0.947999741100476	0.286294052972839	0.978577506721273	-0.141995611370825	0.992857196628333
bis-gamma-glutamylcystine	-1.90564178910534	0.00744652315491479	-1.95777216599585	0.00699877262787563	-0.0521303768905061	0.997915437427374
Dieporeticenin	0.430555307004042	0.383222336000296	0.703237015063184	0.0908578567909312	0.272681708059143	0.517927441583183
DL-Stachydrine	-1.10829385336494	0.509822337420392	-1.57979077323731	0.374428723018363	-0.471496919872379	0.957202863684266
8-(methylthio)octylamine	3.94426644702813	0.518780271698014	1.89426364850503	0.974232472892685	-2.0500027985231	0.638911118330749
3-hydroxyglutaric acid	-1.01771836244403	0.770605754808031	-0.156272384581666	0.988868809973164	0.861445977862361	0.845135446009112
AAL Toxin TA2	2.07203575139598	0.542480563632866	0.532118475980762	0.986937283323324	-1.53991727541522	0.628115490561173
4-(2,6,6-Trimethylcyclohex-1-enyl)but-2-en-4-one	0.369466299934728	0.892266403293817	-0.225869581823313	0.971884043183535	-0.595335881758041	0.779287538115135
Pentapropylene glycol	0.0758879012314939	0.988764972747882	-0.149294451900487	0.96341849283692	-0.22518235313198	0.915142517962899
lysine	0.472792427457026	0.898536822004676	1.73254499801244	0.0829439909774508	1.25975257055541	0.146142438287388
2-amino-9-[3,4-dihydroxy-5-(hydroxymethyl)oxolan-2-yl]-3H-purin-6-one	1.01372917995306	0.612532709012015	0.754001427833971	0.79246366334373	-0.259727752119091	0.945241413013072
glycerophosphatidylethanolamine	-0.406428824012439	0.991582951422137	2.5963083297451	0.0960978617019783	3.00273715375754	0.0821149263511646
ACar 20:0	-2.78027862572504	0.715883579722468	0.877241440938892	0.7251704289047	3.65752006666393	0.321091864496797
1-[(9E)-octadecenoyl]glycerol	-1.44106371434378	0.486130914991104	0.150970935742486	0.975466062282512	1.59203465008626	0.384939176642881
Argiopinin I	-0.804383362843584	0.459837531490925	-0.838136841339636	0.440639567584455	-0.0337534784960512	0.999146420613133
N-acetyl-S-(N-allylthiocarbamoyl)-L-cysteine	-4.29860224283231	0.499122775347235	-5.40877269829408	0.481543806434459	-1.11017045546178	0.99935256086267
H-gamma-Glu-Tyr-OH	-0.545590921271495	0.991490276887717	2.19967095537638	0.388821363961348	2.74526187664788	0.336597438595734
4-[[3-[anilino(oxo)methyl]-5,6,7,8-tetrahydro-4H-cyclohepta[b]thiophen-2-yl]amino]-4-oxobutanoic acid	-2.97788884459052	0.557422659061149	-1.28260640455055	0.755427048762458	1.69528244003998	0.934519581207754
Torvonin A	2.60375185590658	0.984082522386146	5.51319849561512	0.354369154563799	2.90944663970854	0.430125280282766
9-[(methylthio)nonyl]thiohydroximic acid	-0.565416121760636	0.83774775741037	-2.32329361910199	0.389695979498253	-1.75787749734135	0.691457159152446
2-[(2-Amino-1-hydroxy-3-methylpentylidene)amino]-3-methylpentanoic acid	4.96331417474371	0.510585198107903	4.54236418259168	0.680045897967076	-0.420949992152026	0.950083076407109
10-amino-decanoic acid	-0.0396799948086045	0.859030892677351	0.0547995892771916	0.739694634743312	0.094479584085796	0.449746696967906
dodecanamide	-0.341497445072976	0.297502931278669	-0.222680337881377	0.537668669866434	0.118817107191599	0.859742565325253
2,6-dimethoxyphenol	-1.21838277151628	0.375027249395564	-1.1740968936869	0.389938017927409	0.0442858778293775	0.999357306603578
8-(methylthio)octylisothiocyanate	-0.425568260759884	0.911787942108619	-2.2889187593018	0.452925934224479	-1.86335049854191	0.675943861934743
Diptocarpilidine	6.35900304251633	0.491302255569935	4.4149568654584	0.951085221827747	-1.94404617705793	0.65710736954922
(4R,5S,7R,11S)-11,12-Dihydroxy-1(10)-spirovetiven-2-one 11-glucoside	1.92861801108244	0.559413323119706	2.97799991282694	0.0848083176400405	1.0493819017445	0.328874288197177
elaidic acid	-0.0880169988603002	0.422850879470887	0.0996774630899912	0.305426933486783	0.187694461950291	0.0560735228527521
